# Blender 5.0.0
# www.blender.org
mtllib dragon.mtl
o Mnupao_10002_Mnupao_M_10002
v -0.133325 0.021080 -1.203771
v -0.112957 0.037553 -1.258019
v -0.130752 0.046406 -1.202325
v -0.164528 -0.032714 -1.118188
v -0.162281 -0.000667 -1.117885
v -0.196025 -0.072820 -1.019689
v -0.197458 -0.106736 -1.019323
v -0.239468 -0.133912 -0.867934
v -0.239468 -0.098565 -0.867934
v -0.260454 -0.100859 -0.758712
v -0.260558 -0.139483 -0.758701
v -0.273578 -0.068142 -0.608759
v -0.273992 -0.115835 -0.608653
v -0.294948 -0.050510 -0.345564
v -0.293965 0.024314 -0.345914
v -0.334788 -0.028009 -0.072553
v -0.335904 -0.113226 -0.072260
v -0.359363 -0.072049 0.039718
v -0.360347 -0.151516 0.039866
v -0.385102 -0.097410 0.200899
v -0.385113 -0.175528 0.200900
v -0.423202 -0.138091 0.485063
v -0.423201 -0.100752 0.484880
v -0.476487 -0.095912 0.827448
v -0.454510 -0.092719 0.707798
v -0.476485 -0.040851 0.826752
v -0.454509 -0.056406 0.704684
v -0.498474 -0.131132 1.023086
v -0.498472 -0.050968 1.025128
v -0.531502 -0.076321 1.272213
v -0.531503 -0.180011 1.272257
v -0.566383 -0.192240 1.531676
v -0.566383 -0.063722 1.531676
v -0.604550 -0.126114 1.781463
v -0.604517 -0.192240 1.780781
v -0.605723 -0.063722 1.806000
v -0.449270 -0.028275 0.660274
v -0.442854 -0.087803 0.615578
v -0.402846 -0.047292 0.662903
v -0.402846 -0.047292 0.662903
v -0.442854 -0.087803 0.615578
v -0.452716 -0.127922 0.661077
v -0.452716 -0.127922 0.661077
v -0.442854 -0.087803 0.615578
v -0.492256 -0.104479 0.657851
v -0.492256 -0.104479 0.657851
v -0.442854 -0.087803 0.615578
v -0.449270 -0.028275 0.660274
v -0.402846 -0.047292 0.662903
v -0.455689 -0.069661 0.705948
v -0.449270 -0.028275 0.660274
v -0.452716 -0.127922 0.661077
v -0.455689 -0.069661 0.705948
v -0.402846 -0.047292 0.662903
v -0.492256 -0.104479 0.657851
v -0.455689 -0.069661 0.705948
v -0.452716 -0.127922 0.661077
v -0.449270 -0.028275 0.660274
v -0.455689 -0.069661 0.705948
v -0.492256 -0.104479 0.657851
v -0.433628 -0.096243 0.559546
v -0.433645 -0.106747 0.559587
v -0.432661 -0.090502 0.552835
v -0.430365 -0.101727 0.536693
v -0.431309 -0.092795 0.543372
v -0.431348 -0.118030 0.543455
v -0.430381 -0.112159 0.536725
v -0.432700 -0.115810 0.552927
v -0.436795 -0.155375 0.577207
v -0.434458 -0.178703 0.561052
v -0.436882 -0.129062 0.577504
v -0.431084 -0.184177 0.537317
v -0.434447 -0.114681 0.560257
v -0.428649 -0.169066 0.519970
v -0.430959 -0.119909 0.535803
v -0.428622 -0.142490 0.519546
v -0.440414 -0.123623 0.602266
v -0.434533 -0.088886 0.560660
v -0.442751 -0.100313 0.618423
v -0.436870 -0.066179 0.576900
v -0.436882 -0.129062 0.577504
v -0.434447 -0.114681 0.560257
v -0.440247 -0.060080 0.600515
v -0.442682 -0.073885 0.617683
v -0.434533 -0.088886 0.560660
v -0.431045 -0.094313 0.536233
v -0.436870 -0.066179 0.576900
v -0.428610 -0.080658 0.519085
v -0.428653 -0.056137 0.519325
v -0.436800 -0.040640 0.576317
v -0.430991 -0.034310 0.535685
v -0.434365 -0.027854 0.559287
v -0.428622 -0.142490 0.519546
v -0.422787 -0.107413 0.478194
v -0.430959 -0.119909 0.535803
v -0.425124 -0.085915 0.494599
v -0.425291 -0.147557 0.496091
v -0.422856 -0.132819 0.478795
v -0.428610 -0.080658 0.519085
v -0.431045 -0.094313 0.536233
v 0.130751 0.046406 -1.202325
v 0.112957 0.037553 -1.258019
v 0.133325 0.021080 -1.203771
v 0.164528 -0.032714 -1.118188
v 0.162281 -0.000667 -1.117885
v 0.196025 -0.072820 -1.019689
v 0.197458 -0.106736 -1.019323
v 0.239468 -0.133912 -0.867934
v 0.239468 -0.098565 -0.867934
v 0.260454 -0.100859 -0.758712
v 0.260558 -0.139483 -0.758701
v 0.273578 -0.068142 -0.608759
v 0.273992 -0.115835 -0.608653
v 0.294948 -0.050510 -0.345564
v 0.293965 0.024314 -0.345914
v 0.334788 -0.028009 -0.072554
v 0.335904 -0.113226 -0.072260
v 0.359363 -0.072049 0.039718
v 0.360347 -0.151516 0.039866
v 0.385102 -0.097410 0.200898
v 0.385113 -0.175528 0.200900
v 0.423202 -0.138091 0.485063
v 0.423201 -0.100752 0.484880
v 0.476485 -0.040850 0.826752
v 0.454509 -0.055519 0.707335
v 0.476487 -0.095912 0.827447
v 0.454510 -0.092719 0.707798
v 0.498474 -0.131132 1.023086
v 0.498472 -0.050744 1.022326
v 0.531503 -0.076321 1.272213
v 0.531503 -0.180011 1.272257
v 0.570208 -0.061698 1.531377
v 0.571360 -0.189606 1.531287
v 0.610464 -0.122984 1.781001
v 0.610829 -0.188901 1.780288
v 0.610224 -0.061340 1.805648
v 0.402846 -0.047292 0.662903
v 0.442854 -0.087803 0.615578
v 0.449270 -0.028275 0.660274
v 0.452716 -0.127922 0.661077
v 0.442854 -0.087803 0.615578
v 0.402846 -0.047292 0.662903
v 0.492256 -0.104479 0.657851
v 0.442854 -0.087803 0.615578
v 0.452716 -0.127922 0.661077
v 0.449270 -0.028275 0.660274
v 0.442854 -0.087803 0.615578
v 0.492256 -0.104479 0.657851
v 0.449270 -0.028275 0.660274
v 0.455689 -0.069661 0.705948
v 0.402846 -0.047292 0.662903
v 0.402846 -0.047292 0.662903
v 0.455689 -0.069661 0.705948
v 0.452716 -0.127922 0.661077
v 0.452716 -0.127922 0.661077
v 0.455689 -0.069661 0.705948
v 0.492256 -0.104479 0.657851
v 0.492256 -0.104479 0.657851
v 0.455689 -0.069661 0.705948
v 0.449270 -0.028275 0.660274
v 0.430381 -0.112159 0.536725
v 0.431348 -0.118030 0.543455
v 0.430365 -0.101727 0.536693
v 0.433645 -0.106747 0.559587
v 0.432661 -0.090502 0.552834
v 0.431310 -0.092795 0.543372
v 0.433628 -0.096243 0.559546
v 0.432700 -0.115810 0.552927
v 0.431084 -0.184177 0.537317
v 0.434458 -0.178703 0.561052
v 0.436882 -0.129062 0.577504
v 0.436795 -0.155375 0.577207
v 0.434447 -0.114681 0.560257
v 0.428649 -0.169066 0.519970
v 0.430959 -0.119909 0.535803
v 0.428622 -0.142490 0.519546
v 0.436870 -0.066179 0.576900
v 0.434533 -0.088886 0.560660
v 0.442751 -0.100313 0.618423
v 0.440414 -0.123623 0.602266
v 0.436882 -0.129062 0.577504
v 0.434447 -0.114681 0.560257
v 0.440247 -0.060080 0.600515
v 0.442682 -0.073885 0.617683
v 0.428610 -0.080658 0.519085
v 0.431045 -0.094313 0.536233
v 0.436870 -0.066179 0.576900
v 0.434533 -0.088886 0.560660
v 0.428653 -0.056137 0.519325
v 0.436800 -0.040640 0.576317
v 0.430991 -0.034310 0.535685
v 0.434365 -0.027854 0.559287
v 0.425124 -0.085915 0.494599
v 0.422787 -0.107413 0.478194
v 0.430959 -0.119909 0.535803
v 0.428622 -0.142490 0.519546
v 0.425291 -0.147557 0.496091
v 0.422856 -0.132819 0.478795
v 0.428610 -0.080658 0.519085
v 0.431045 -0.094313 0.536233
v -0.080567 0.124708 -1.173682
v -0.080897 0.111810 -1.211777
v -0.079418 0.138526 -1.185065
v -0.082985 0.125417 -1.106242
v -0.081958 0.154194 -1.120514
v -0.096304 0.088529 -1.005698
v -0.096150 0.127385 -1.017781
v -0.122502 0.112998 -0.879725
v -0.121948 0.156344 -0.890367
v -0.167612 0.149670 -0.729794
v -0.166921 0.192314 -0.735371
v -0.205818 0.193808 -0.582283
v -0.207205 0.232608 -0.584847
v -0.229192 0.240704 -0.424374
v -0.231339 0.275699 -0.431311
v -0.228587 0.277085 -0.266612
v -0.232883 0.311187 -0.289804
v -0.207009 0.344387 -0.201427
v -0.211484 0.295759 -0.157951
v -0.135695 0.338610 -0.084745
v -0.137492 0.389499 -0.139065
v 0.000000 0.409676 -0.075401
v 0.000000 0.392633 -0.047933
v 0.000000 0.445261 -0.084647
v 0.000000 0.464967 -0.101031
v 0.079418 0.138526 -1.185065
v 0.080897 0.111810 -1.211777
v 0.080566 0.124708 -1.173682
v 0.082985 0.125417 -1.106242
v 0.081957 0.154194 -1.120514
v 0.096304 0.088529 -1.005698
v 0.096149 0.127385 -1.017781
v 0.122501 0.112998 -0.879725
v 0.121948 0.156344 -0.890367
v 0.167612 0.149670 -0.729794
v 0.166921 0.192314 -0.735371
v 0.205818 0.193808 -0.582283
v 0.207205 0.232608 -0.584847
v 0.229192 0.240704 -0.424374
v 0.231339 0.275699 -0.431311
v 0.228587 0.277085 -0.266612
v 0.232883 0.311187 -0.289804
v 0.207009 0.344387 -0.201427
v 0.211484 0.295759 -0.157951
v 0.135695 0.338610 -0.084745
v 0.137492 0.389499 -0.139065
v 0.000000 0.409676 -0.075401
v 0.000000 0.392633 -0.047933
v 0.000000 0.445261 -0.084647
v 0.000000 0.464967 -0.101031
v -0.054024 -0.116339 -1.415630
v -0.000000 -0.135262 -1.413072
v -0.000000 -0.146093 -1.409307
v -0.000000 -0.100260 -1.360085
v -0.041821 -0.083193 -1.373111
v -0.000000 -0.094711 -1.371969
v -0.000000 -0.058726 -1.300575
v -0.040289 -0.033680 -1.316890
v -0.000000 -0.049459 -1.310886
v -0.000000 -0.047689 -1.213686
v -0.030295 -0.013478 -1.240310
v -0.000000 -0.031284 -1.241264
v -0.000000 -0.091102 -1.136146
v -0.018491 -0.059729 -1.154320
v -0.000000 -0.084861 -1.142248
v -0.000000 -0.152196 -1.050885
v -0.014494 -0.133467 -1.060493
v -0.000000 -0.142475 -1.056191
v -0.000000 -0.117324 -1.097671
v -0.016816 -0.076515 -1.121979
v -0.000000 -0.096498 -1.112725
v -0.142520 0.176207 -1.014740
v -0.140500 0.163167 -1.046999
v -0.147322 0.173047 -1.011396
v -0.145266 0.159075 -1.044939
v -0.118118 0.200752 -0.946472
v -0.114142 0.202930 -0.950912
v -0.063417 0.212686 -0.891457
v -0.060691 0.214437 -0.896913
v -0.000000 0.218566 -0.858965
v -0.000000 0.220050 -0.865455
v -0.104650 0.160616 -1.086122
v -0.108332 0.155871 -1.084594
v -0.068327 0.168110 -1.106476
v -0.071529 0.163535 -1.105128
v -0.034599 0.166373 -1.113453
v -0.039408 0.162416 -1.110026
v -0.000000 0.139609 -1.081945
v -0.000000 0.132069 -1.071910
v -0.137571 0.177335 -1.188788
v -0.113574 0.182484 -1.206343
v -0.141471 0.172623 -1.187184
v -0.116636 0.177934 -1.204743
v -0.160660 0.171664 -1.164262
v -0.156864 0.176273 -1.166225
v -0.172434 0.173279 -1.132147
v -0.167929 0.177643 -1.134287
v -0.151431 0.172951 -1.114696
v -0.167929 0.177643 -1.134287
v -0.155902 0.168455 -1.112832
v -0.172434 0.173279 -1.132147
v -0.000000 -0.146093 -1.409307
v -0.000000 -0.135262 -1.413072
v 0.054024 -0.116339 -1.415630
v -0.000000 -0.094711 -1.371969
v 0.041821 -0.083193 -1.373111
v -0.000000 -0.100260 -1.360085
v -0.000000 -0.049459 -1.310886
v 0.040289 -0.033680 -1.316890
v -0.000000 -0.058726 -1.300575
v -0.000000 -0.031284 -1.241264
v 0.030295 -0.013478 -1.240310
v -0.000000 -0.047689 -1.213686
v -0.000000 -0.084861 -1.142248
v 0.018490 -0.059729 -1.154320
v -0.000000 -0.091102 -1.136146
v -0.000000 -0.142475 -1.056191
v 0.014494 -0.133467 -1.060493
v -0.000000 -0.152196 -1.050885
v -0.000000 -0.096498 -1.112725
v 0.016816 -0.076515 -1.121979
v -0.000000 -0.117324 -1.097671
v 0.145266 0.159075 -1.044939
v 0.140499 0.163167 -1.046999
v 0.147322 0.173047 -1.011396
v 0.142520 0.176207 -1.014740
v 0.118118 0.200752 -0.946472
v 0.114142 0.202930 -0.950912
v 0.063417 0.212686 -0.891457
v 0.060691 0.214437 -0.896913
v -0.000000 0.218566 -0.858965
v -0.000000 0.220050 -0.865455
v 0.104650 0.160616 -1.086122
v 0.108332 0.155871 -1.084594
v 0.068327 0.168110 -1.106476
v 0.071528 0.163535 -1.105128
v 0.034599 0.166373 -1.113453
v 0.039408 0.162416 -1.110026
v -0.000000 0.139609 -1.081945
v -0.000000 0.132069 -1.071910
v 0.116635 0.177934 -1.204743
v 0.113574 0.182484 -1.206343
v 0.141471 0.172623 -1.187184
v 0.137571 0.177335 -1.188788
v 0.160660 0.171664 -1.164262
v 0.156864 0.176273 -1.166225
v 0.172434 0.173279 -1.132147
v 0.167929 0.177643 -1.134287
v 0.172434 0.173279 -1.132147
v 0.167929 0.177643 -1.134287
v 0.155902 0.168455 -1.112832
v 0.151430 0.172951 -1.114696
v -0.208171 0.190826 -1.115693
v -0.198354 0.182476 -1.122341
v -0.204979 0.186221 -1.126985
v -0.207467 0.192594 -1.104810
v -0.193446 0.180094 -1.116392
v -0.183345 0.175148 -1.102154
v -0.180174 0.172461 -1.109581
v -0.188870 0.176513 -1.120909
v -0.180683 0.171808 -1.121444
v -0.200345 0.191421 -1.082404
v -0.212002 0.198066 -1.098194
v -0.206113 0.196388 -1.083531
v -0.213458 0.201986 -1.088774
v -0.186176 0.179767 -1.081875
v -0.195886 0.189973 -1.070821
v -0.186039 0.181140 -1.072181
v -0.188722 0.185280 -1.062186
v -0.179386 0.174639 -1.081476
v -0.175901 0.170968 -1.094834
v -0.172258 0.169254 -1.085151
v -0.213783 0.187598 -1.169857
v -0.198657 0.178452 -1.171373
v -0.205737 0.180367 -1.180097
v -0.216509 0.192318 -1.157849
v -0.194315 0.177941 -1.162194
v -0.186122 0.176884 -1.141031
v -0.179809 0.173345 -1.147350
v -0.187124 0.174325 -1.164588
v -0.176760 0.171008 -1.160613
v -0.214565 0.197627 -1.129747
v -0.224695 0.199480 -1.153568
v -0.221742 0.202273 -1.134485
v -0.229704 0.206239 -1.144568
v -0.196363 0.186045 -1.120661
v -0.212496 0.199593 -1.114725
v -0.199341 0.190062 -1.110153
v -0.205975 0.197295 -1.101125
v -0.187774 0.180922 -1.116221
v -0.179096 0.174603 -1.128770
v -0.177583 0.174799 -1.116058
v -0.188346 0.166475 -1.209806
v -0.181203 0.163652 -1.214674
v -0.186045 0.163891 -1.217997
v -0.187840 0.168100 -1.201904
v -0.177615 0.163942 -1.210408
v -0.170240 0.164743 -1.200198
v -0.168195 0.163589 -1.205601
v -0.174520 0.162759 -1.213713
v -0.168836 0.162019 -1.214143
v -0.182555 0.169612 -1.185611
v -0.191478 0.170289 -1.197063
v -0.187081 0.170882 -1.186385
v -0.192880 0.172217 -1.190171
v -0.171925 0.167128 -1.185397
v -0.179269 0.169906 -1.177171
v -0.171787 0.167925 -1.178306
v -0.173874 0.169175 -1.170925
v -0.167058 0.166333 -1.185210
v -0.164881 0.164881 -1.194977
v -0.162131 0.165416 -1.187995
v 0.210659 0.207965 -1.061133
v 0.205754 0.201851 -1.062992
v 0.202189 0.203450 -1.046616
v 0.199593 0.198512 -1.052537
v 0.214811 0.218607 -1.048370
v 0.211953 0.219075 -1.039360
v 0.203382 0.208420 -1.037799
v 0.207662 0.216158 -1.033376
v 0.219426 0.220754 -1.056873
v 0.214568 0.211081 -1.065003
v 0.199919 0.197002 -1.058671
v 0.220308 0.218311 -1.064647
v 0.204979 0.186221 -1.126985
v 0.198354 0.182476 -1.122341
v 0.208171 0.190826 -1.115693
v 0.207467 0.192594 -1.104810
v 0.193446 0.180094 -1.116392
v 0.183345 0.175148 -1.102154
v 0.180173 0.172461 -1.109581
v 0.188870 0.176513 -1.120909
v 0.180683 0.171808 -1.121444
v 0.200345 0.191421 -1.082404
v 0.212002 0.198066 -1.098194
v 0.206112 0.196388 -1.083531
v 0.213458 0.201986 -1.088774
v 0.186176 0.179767 -1.081875
v 0.195885 0.189973 -1.070821
v 0.186038 0.181140 -1.072181
v 0.188722 0.185280 -1.062186
v 0.179386 0.174639 -1.081476
v 0.175901 0.170968 -1.094834
v 0.172257 0.169254 -1.085151
v 0.205737 0.180367 -1.180097
v 0.198657 0.178452 -1.171373
v 0.213783 0.187598 -1.169857
v 0.216509 0.192318 -1.157849
v 0.194315 0.177941 -1.162194
v 0.186122 0.176884 -1.141031
v 0.179809 0.173345 -1.147350
v 0.187124 0.174325 -1.164588
v 0.176760 0.171008 -1.160613
v 0.214565 0.197627 -1.129747
v 0.224695 0.199480 -1.153568
v 0.221742 0.202273 -1.134485
v 0.229704 0.206239 -1.144568
v 0.196363 0.186045 -1.120661
v 0.212496 0.199593 -1.114725
v 0.199341 0.190062 -1.110153
v 0.205975 0.197295 -1.101125
v 0.187774 0.180922 -1.116221
v 0.179096 0.174603 -1.128770
v 0.177583 0.174799 -1.116058
v 0.186045 0.163891 -1.217997
v 0.181203 0.163652 -1.214674
v 0.188346 0.166475 -1.209806
v 0.187840 0.168100 -1.201904
v 0.177615 0.163942 -1.210409
v 0.170240 0.164743 -1.200198
v 0.168195 0.163589 -1.205601
v 0.174520 0.162759 -1.213713
v 0.168835 0.162019 -1.214143
v 0.182555 0.169612 -1.185611
v 0.191478 0.170289 -1.197063
v 0.187081 0.170882 -1.186386
v 0.192879 0.172217 -1.190171
v 0.171925 0.167128 -1.185397
v 0.179269 0.169906 -1.177171
v 0.171787 0.167925 -1.178306
v 0.173874 0.169175 -1.170925
v 0.167058 0.166333 -1.185210
v 0.164881 0.164881 -1.194977
v 0.162131 0.165416 -1.187995
v -0.017032 0.044616 -1.496880
v -0.000000 0.051084 -1.573254
v -0.007190 0.119278 -1.463194
v -0.000000 0.115667 -1.511380
v -0.000000 0.166631 -1.438377
v -0.005596 0.156565 -1.422581
v -0.000000 0.193132 -1.389565
v -0.004419 0.191014 -1.379336
v -0.000000 0.223018 -1.321940
v -0.000000 0.130882 -1.416969
v -0.015169 0.092422 -1.420692
v -0.000000 0.129373 -1.408738
v -0.000000 0.151632 -1.407713
v -0.000000 0.190673 -1.369340
v -0.000000 0.147417 -1.388617
v -0.009751 0.137401 -1.369355
v -0.007689 0.160775 -1.369389
v -0.000000 0.169485 -1.355526
v -0.006335 0.181125 -1.358700
v -0.000000 0.194562 -1.336678
v -0.005346 0.202374 -1.335759
v -0.000000 0.235480 -1.267089
v -0.000000 0.207306 -1.335044
v -0.000000 0.173287 -1.378313
v -0.000000 0.166523 -1.376997
v -0.000000 0.171640 -1.342143
v -0.009681 0.164140 -1.325799
v -0.000000 0.193385 -1.314926
v -0.007971 0.196621 -1.297905
v -0.009860 0.184356 -1.279225
v -0.000000 0.217570 -1.288627
v -0.006319 0.215813 -1.279111
v -0.000000 0.214804 -1.274963
v -0.000000 0.229010 -1.239757
v -0.000000 0.199028 -1.288096
v -0.000000 0.200584 -1.275355
v -0.000000 0.204465 -1.251015
v -0.009737 0.189734 -1.229267
v -0.008329 0.198229 -1.224873
v -0.000000 0.194862 -1.209025
v -0.000000 0.182373 -1.195338
v -0.005637 0.210235 -1.205264
v -0.000000 0.206023 -1.199371
v -0.000000 0.205596 -1.172139
v -0.000000 0.216659 -1.214875
v -0.000000 0.115667 -1.511380
v -0.000000 0.051084 -1.573254
v 0.007190 0.119278 -1.463194
v 0.017032 0.044616 -1.496880
v -0.000000 0.166631 -1.438377
v 0.005596 0.156565 -1.422581
v -0.000000 0.193132 -1.389565
v 0.004419 0.191014 -1.379336
v -0.000000 0.223018 -1.321940
v -0.000000 0.130882 -1.416969
v 0.015169 0.092422 -1.420692
v -0.000000 0.129373 -1.408738
v -0.000000 0.151632 -1.407713
v -0.000000 0.190673 -1.369340
v -0.000000 0.147417 -1.388617
v 0.009751 0.137401 -1.369355
v 0.007689 0.160775 -1.369389
v -0.000000 0.169485 -1.355526
v 0.006334 0.181125 -1.358700
v -0.000000 0.194562 -1.336678
v 0.005346 0.202374 -1.335759
v -0.000000 0.235480 -1.267089
v -0.000000 0.207306 -1.335044
v -0.000000 0.173287 -1.378313
v -0.000000 0.166523 -1.376997
v -0.000000 0.171640 -1.342143
v 0.009681 0.164140 -1.325799
v -0.000000 0.193385 -1.314926
v 0.007971 0.196621 -1.297905
v 0.009860 0.184356 -1.279225
v -0.000000 0.217570 -1.288627
v 0.006319 0.215813 -1.279111
v -0.000000 0.214804 -1.274963
v -0.000000 0.229010 -1.239757
v -0.000000 0.199028 -1.288096
v -0.000000 0.200584 -1.275355
v -0.000000 0.204465 -1.251015
v 0.009736 0.189734 -1.229267
v 0.008329 0.198229 -1.224873
v -0.000000 0.194862 -1.209025
v -0.000000 0.182373 -1.195338
v 0.005637 0.210235 -1.205264
v -0.000000 0.206023 -1.199371
v -0.000000 0.205596 -1.172139
v -0.000000 0.216659 -1.214875
v -0.199593 0.198512 -1.052537
v -0.205754 0.201851 -1.062992
v -0.202189 0.203450 -1.046616
v -0.210659 0.207965 -1.061133
v -0.214811 0.218607 -1.048370
v -0.211953 0.219075 -1.039360
v -0.203382 0.208420 -1.037799
v -0.207663 0.216158 -1.033376
v -0.219426 0.220754 -1.056873
v -0.214568 0.211081 -1.065003
v -0.199919 0.197002 -1.058671
v -0.220308 0.218311 -1.064647
v -0.087309 0.118740 -1.230966
v -0.090353 0.110570 -1.242373
v -0.086277 0.123213 -1.238958
v -0.083850 0.129439 -1.227731
v -0.085512 0.122072 -1.217502
v -0.083251 0.128599 -1.213509
v -0.084480 0.123742 -1.209962
v -0.083280 0.126411 -1.204854
v -0.079463 0.140018 -1.208447
v -0.079966 0.136485 -1.201315
v -0.077480 0.145247 -1.202662
v -0.087538 0.115517 -1.217519
v -0.085984 0.118023 -1.206654
v -0.089067 0.108837 -1.209850
v -0.089734 0.107855 -1.214779
v -0.081060 0.137998 -1.223956
v -0.082870 0.133371 -1.232083
v -0.080999 0.139874 -1.233957
v -0.078253 0.146831 -1.220675
v -0.079619 0.140618 -1.213217
v -0.076447 0.150376 -1.208890
v -0.083197 0.133267 -1.238957
v -0.088929 0.113700 -1.231941
v -0.088675 0.113680 -1.226911
v -0.111602 0.045442 -1.266946
v -0.115002 0.033041 -1.273636
v -0.112114 0.041195 -1.280240
v -0.113892 0.034150 -1.284933
v -0.103989 0.069595 -1.261352
v -0.106573 0.057114 -1.286442
v -0.100431 0.077320 -1.277760
v -0.102699 0.067063 -1.292693
v -0.096270 0.089796 -1.274938
v -0.100350 0.080155 -1.261787
v -0.110796 0.041668 -1.294145
v -0.117474 0.021053 -1.287501
v -0.110019 0.051880 -1.255475
v -0.104572 0.068949 -1.249507
v -0.100726 0.080173 -1.250135
v -0.107444 0.050695 -1.299132
v -0.095007 0.089789 -1.291098
v 0.086276 0.123213 -1.238958
v 0.090353 0.110570 -1.242373
v 0.087309 0.118740 -1.230966
v 0.083850 0.129439 -1.227731
v 0.085511 0.122072 -1.217502
v 0.083250 0.128599 -1.213509
v 0.084480 0.123742 -1.209962
v 0.083280 0.126411 -1.204854
v 0.079463 0.140018 -1.208447
v 0.079966 0.136485 -1.201315
v 0.077480 0.145247 -1.202662
v 0.087537 0.115517 -1.217519
v 0.085984 0.118023 -1.206654
v 0.089067 0.108837 -1.209850
v 0.089733 0.107855 -1.214779
v 0.081060 0.137998 -1.223956
v 0.082870 0.133371 -1.232083
v 0.080999 0.139874 -1.233957
v 0.078252 0.146831 -1.220675
v 0.079618 0.140618 -1.213217
v 0.076447 0.150376 -1.208890
v 0.083196 0.133267 -1.238957
v 0.088675 0.113680 -1.226911
v 0.088929 0.113700 -1.231941
v 0.113891 0.034150 -1.284933
v 0.115001 0.033041 -1.273636
v 0.112114 0.041195 -1.280240
v 0.111602 0.045442 -1.266946
v 0.103989 0.069595 -1.261352
v 0.106573 0.057114 -1.286442
v 0.100431 0.077320 -1.277760
v 0.102698 0.067063 -1.292693
v 0.096270 0.089796 -1.274938
v 0.100349 0.080155 -1.261787
v 0.110796 0.041668 -1.294145
v 0.117474 0.021053 -1.287501
v 0.110019 0.051880 -1.255475
v 0.104572 0.068949 -1.249507
v 0.100725 0.080173 -1.250135
v 0.107444 0.050695 -1.299132
v 0.095006 0.089789 -1.291098
v -0.207374 -0.223036 -0.778257
v -0.206307 -0.234304 -0.766636
v -0.207120 -0.224935 -0.791251
v -0.203455 -0.264768 -0.785692
v -0.208575 -0.206317 -0.759201
v -0.208618 -0.205694 -0.758841
v -0.201897 -0.278591 -0.808588
v -0.203815 -0.255891 -0.826517
v -0.208505 -0.205910 -0.825637
v -0.210800 -0.184260 -0.802360
v -0.208401 -0.211512 -0.788188
v -0.209858 -0.193623 -0.767707
v -0.211807 -0.169270 -0.761543
v -0.209599 -0.191941 -0.753091
v -0.211187 -0.156493 -0.726256
v -0.214838 -0.109410 -0.720685
v -0.208489 -0.203857 -0.749589
v -0.206825 -0.220567 -0.852313
v -0.201214 -0.280148 -0.855184
v -0.202948 -0.260706 -0.862666
v -0.204022 -0.248608 -0.867736
v -0.203105 -0.258321 -0.868383
v -0.181686 -0.158476 0.504964
v -0.186121 -0.146254 0.534333
v -0.185415 -0.183991 0.518191
v -0.186211 -0.178232 0.525017
v -0.178478 -0.127319 0.495827
v -0.184533 -0.132866 0.528662
v -0.178397 -0.108411 0.500080
v -0.180018 -0.088731 0.513195
v -0.184544 -0.114813 0.533029
v -0.182424 -0.080030 0.528141
v -0.179665 -0.081964 0.512573
v -0.176111 -0.040058 0.500636
v -0.179370 -0.043329 0.517501
v -0.179359 -0.010871 0.521917
v -0.178510 -0.078143 0.507012
v -0.177530 -0.083596 0.500667
v 0.203455 -0.264768 -0.785692
v 0.206307 -0.234304 -0.766636
v 0.207120 -0.224935 -0.791251
v 0.207374 -0.223036 -0.778257
v 0.208575 -0.206317 -0.759201
v 0.208618 -0.205694 -0.758841
v 0.201897 -0.278591 -0.808588
v 0.203815 -0.255891 -0.826517
v 0.208504 -0.205910 -0.825637
v 0.210800 -0.184260 -0.802360
v 0.208401 -0.211512 -0.788188
v 0.209858 -0.193623 -0.767707
v 0.211807 -0.169270 -0.761543
v 0.209599 -0.191941 -0.753091
v 0.211187 -0.156493 -0.726256
v 0.214838 -0.109410 -0.720685
v 0.208489 -0.203857 -0.749589
v 0.206825 -0.220567 -0.852313
v 0.201214 -0.280148 -0.855184
v 0.202947 -0.260706 -0.862666
v 0.204022 -0.248608 -0.867736
v 0.203105 -0.258321 -0.868383
v 0.186212 -0.178232 0.525017
v 0.186122 -0.146254 0.534333
v 0.185415 -0.183991 0.518191
v 0.181687 -0.158476 0.504964
v 0.178478 -0.127319 0.495827
v 0.184534 -0.132866 0.528662
v 0.178397 -0.108411 0.500080
v 0.180018 -0.088731 0.513195
v 0.184544 -0.114813 0.533029
v 0.182424 -0.080030 0.528141
v 0.179665 -0.081964 0.512573
v 0.176111 -0.040058 0.500636
v 0.178510 -0.078143 0.507012
v 0.177530 -0.083596 0.500667
v 0.179370 -0.043329 0.517501
v 0.179360 -0.010871 0.521917
v -0.001319 0.067206 -0.981867
v -0.001304 0.087751 -0.998482
v -0.001330 0.083726 -0.967077
v -0.001321 0.048994 -0.981777
v -0.001286 0.081420 -1.021963
v -0.001273 0.090697 -1.036577
v -0.001334 0.051180 -0.963275
v -0.001371 0.047610 -0.921492
v -0.001337 0.064583 -0.957753
v -0.001369 0.085429 -0.933629
v -0.001383 0.072575 -0.917642
v -0.001395 0.103767 -0.908215
v -0.001364 0.024598 -0.922411
v -0.001378 0.037692 -0.913993
v -0.001395 0.050819 -0.888923
v -0.001395 0.022981 -0.841104
v -0.001395 0.090850 -0.853286
v -0.001395 0.073374 -0.814168
v -0.001395 0.046589 -0.814058
v -0.001391 0.039307 -0.796542
v -0.001379 0.021129 -0.772862
v -0.001385 0.064385 -0.775079
v -0.001370 0.113994 -0.723615
v -0.001357 0.103896 -0.697185
v -0.001349 0.173669 -0.648027
v -0.001353 0.074056 -0.697576
v -0.001343 0.078245 -0.674962
v -0.001335 0.063432 -0.663050
v -0.001334 0.115233 -0.644695
v -0.001395 0.117073 -0.797018
v -0.001317 0.185415 -0.579363
v -0.001299 0.197508 -0.540934
v -0.001296 0.248530 -0.502436
v -0.001296 0.170462 -0.549307
v -0.001290 0.143401 -0.549314
v -0.001278 0.196536 -0.504134
v -0.001253 0.217274 -0.448266
v -0.001266 0.239140 -0.460457
v -0.001300 0.215517 -0.003151
v -0.001336 0.172466 0.091982
v -0.001315 0.166827 0.051800
v -0.001264 0.193836 -0.060922
v -0.001303 0.149535 0.034982
v -0.001267 0.233830 -0.076769
v -0.001298 0.124513 0.034788
v -0.001307 0.129996 0.049815
v -0.001331 0.060747 0.123558
v -0.001329 0.105946 0.105953
v -0.001357 0.110164 0.167122
v -0.001391 0.108590 0.251873
v -0.001371 0.080456 0.211713
v -0.001331 0.060747 0.123558
v -0.001365 0.053794 0.203324
v -0.001329 0.105946 0.105953
v -0.001361 0.019397 0.203611
v -0.001370 0.037887 0.218012
v -0.001392 0.006749 0.281081
v -0.001387 0.044587 0.260571
v -0.001395 0.105302 0.325728
v -0.001395 0.162975 0.409819
v -0.001395 0.107710 0.365376
v -0.001392 0.006749 0.281081
v -0.001395 0.072832 0.348047
v -0.001387 0.044587 0.260571
v -0.001394 0.035811 0.339566
v -0.001395 0.070565 0.363338
v -0.001394 0.067541 0.402484
v -0.001395 0.104609 0.404123
v -0.001395 0.176994 0.459107
v -0.001395 0.248475 0.525383
v -0.001395 0.185742 0.484728
v -0.001394 0.067541 0.402484
v -0.001395 0.153918 0.475040
v -0.001395 0.104609 0.404123
v -0.001394 0.119058 0.472426
v -0.001395 0.162147 0.493128
v -0.001394 0.191507 0.551151
v -0.001395 0.208375 0.535860
v -0.001395 0.295551 0.595276
v -0.001395 0.377024 0.685149
v -0.001395 0.320524 0.635358
v -0.001394 0.191507 0.551151
v -0.001395 0.294831 0.630158
v -0.001395 0.208375 0.535860
v -0.001394 0.264055 0.629740
v -0.001395 0.302130 0.648373
v -0.001394 0.326897 0.713585
v -0.001395 0.347834 0.698102
v -0.001395 0.406648 0.765166
v -0.001395 0.424170 0.857102
v -0.001395 0.404883 0.804797
v -0.001394 0.326897 0.713585
v -0.001395 0.383612 0.798995
v -0.001395 0.347834 0.698102
v -0.001394 0.358622 0.798605
v -0.001395 0.377367 0.819054
v -0.001394 0.347465 0.904339
v -0.001395 0.381126 0.892742
v -0.001261 0.292801 -0.401928
v -0.001253 0.329669 -0.305225
v -0.001241 0.305233 -0.344788
v -0.001253 0.217274 -0.448266
v -0.001233 0.287337 -0.353528
v -0.001266 0.239140 -0.460457
v -0.001223 0.265335 -0.353738
v -0.001225 0.288188 -0.329640
v -0.001213 0.277365 -0.250296
v -0.001225 0.303142 -0.278972
v -0.001246 0.314268 -0.207845
v -0.001273 0.281658 -0.104936
v -0.001252 0.283686 -0.145289
v -0.001213 0.277365 -0.250296
v -0.001242 0.271007 -0.154238
v -0.001225 0.303142 -0.278972
v -0.001233 0.248068 -0.155339
v -0.001245 0.253002 -0.132392
v -0.001264 0.193836 -0.060922
v -0.001267 0.233830 -0.076769
v -0.001395 0.379487 0.960310
v -0.001395 0.333757 1.045654
v -0.001395 0.343053 1.000296
v -0.001394 0.347465 0.904339
v -0.001395 0.330088 0.989216
v -0.001395 0.381126 0.892742
v -0.001394 0.294016 1.007797
v -0.001395 0.294163 1.025656
v -0.001394 0.211124 1.118402
v -0.001395 0.244276 1.117689
v -0.001395 0.218312 1.189334
v -0.001395 0.173513 1.259775
v -0.001395 0.179414 1.218178
v -0.001394 0.211124 1.118402
v -0.001395 0.155914 1.215445
v -0.001395 0.244276 1.117689
v -0.001394 0.129861 1.217236
v -0.001395 0.126385 1.238674
v -0.001394 0.053880 1.315602
v -0.001395 0.082379 1.315074
v -0.001395 0.074575 1.385570
v -0.001394 0.067520 1.438774
v -0.001395 0.051102 1.411739
v -0.001394 0.053880 1.315602
v -0.001395 0.032586 1.408176
v -0.001395 0.082379 1.315074
v -0.001394 -0.000330 1.408358
v -0.001394 0.009269 1.427865
v -0.001393 0.001675 1.497125
v -0.001394 0.034915 1.497834
v -0.001393 0.087179 1.546163
v -0.001393 0.121203 1.592775
v -0.001393 0.081476 1.566544
v -0.001393 0.001675 1.497125
v -0.001393 0.066178 1.566019
v -0.001394 0.034915 1.497834
v -0.001392 0.040626 1.566492
v -0.001393 0.064168 1.576802
v -0.001391 0.079284 1.629496
v -0.001392 0.095856 1.621684
v -0.001392 0.142265 1.673848
v -0.001391 0.131347 1.691032
v -0.001391 0.164959 1.717752
v -0.001391 0.121094 1.692478
v -0.001391 0.110093 1.691240
v -0.001390 0.127760 1.747838
v -0.016589 0.051481 -0.980952
v -0.017636 0.072929 -0.997716
v -0.019871 0.067784 -0.965965
v -0.014357 0.038523 -0.982219
v -0.014349 0.066642 -1.016040
v -0.013084 0.086850 -1.042157
v -0.016157 0.039334 -0.964751
v -0.018123 0.030584 -0.916780
v -0.018189 0.048504 -0.955529
v -0.021936 0.062102 -0.934564
v -0.021001 0.048423 -0.919293
v -0.024774 0.078356 -0.908923
v -0.015421 0.012714 -0.922444
v -0.017316 0.024840 -0.905997
v -0.019003 0.035416 -0.880610
v -0.015960 0.010807 -0.841104
v -0.023378 0.065436 -0.852252
v -0.021468 0.048065 -0.817699
v -0.018541 0.034273 -0.814058
v -0.017623 0.021876 -0.795580
v -0.015113 0.009392 -0.772879
v -0.020015 0.047489 -0.770943
v -0.024231 0.087215 -0.726305
v -0.021499 0.077616 -0.696138
v -0.026529 0.142439 -0.650954
v -0.017782 0.055877 -0.697699
v -0.016301 0.062899 -0.675876
v -0.013906 0.052690 -0.663105
v -0.019104 0.094106 -0.646015
v -0.026243 0.083515 -0.799235
v -0.022742 0.164738 -0.583078
v -0.020058 0.173118 -0.545747
v -0.024701 0.228294 -0.507427
v -0.016742 0.153566 -0.548597
v -0.012951 0.133555 -0.549404
v -0.015333 0.180434 -0.504382
v -0.012280 0.208131 -0.448383
v -0.016865 0.223371 -0.461390
v -0.022474 0.205092 -0.010414
v -0.025548 0.161259 0.086449
v -0.020281 0.155417 0.035272
v -0.012315 0.184431 -0.061027
v -0.016097 0.133444 0.034757
v -0.016638 0.220340 -0.075734
v -0.012763 0.114439 0.034709
v -0.014947 0.112694 0.049982
v -0.012867 0.049977 0.123507
v -0.017039 0.089805 0.104677
v -0.023003 0.094084 0.161831
v -0.026128 0.091056 0.248356
v -0.020708 0.054602 0.200900
v -0.012867 0.049977 0.123507
v -0.017231 0.033998 0.202126
v -0.017039 0.089805 0.104677
v -0.013249 0.008029 0.203584
v -0.016030 0.017678 0.216833
v -0.013679 -0.005016 0.281049
v -0.018004 0.024028 0.257431
v -0.024189 0.077606 0.314551
v -0.026103 0.139173 0.397632
v -0.021821 0.069600 0.347636
v -0.013679 -0.005016 0.281049
v -0.018511 0.051437 0.347382
v -0.018004 0.024028 0.257431
v -0.014604 0.024328 0.339482
v -0.017191 0.049267 0.362670
v -0.013487 0.056380 0.402364
v -0.018008 0.081215 0.398170
v -0.021908 0.150024 0.445671
v -0.023902 0.232054 0.522586
v -0.019688 0.151528 0.471263
v -0.013487 0.056380 0.402364
v -0.016375 0.129134 0.469457
v -0.018008 0.081215 0.398170
v -0.012118 0.108085 0.472292
v -0.015060 0.136969 0.487609
v -0.011017 0.180624 0.551012
v -0.015466 0.207743 0.547041
v -0.020385 0.280947 0.594868
v -0.022933 0.360792 0.677318
v -0.018153 0.294892 0.630014
v -0.011017 0.180624 0.551012
v -0.014534 0.277793 0.630261
v -0.015466 0.207743 0.547041
v -0.010277 0.253201 0.629603
v -0.013220 0.284388 0.648582
v -0.009984 0.316139 0.713437
v -0.014433 0.338513 0.704650
v -0.019066 0.395097 0.764569
v -0.022105 0.415543 0.844357
v -0.016847 0.386247 0.799488
v -0.009984 0.316139 0.713437
v -0.013228 0.366902 0.798673
v -0.014433 0.338513 0.704650
v -0.009691 0.347893 0.798456
v -0.011913 0.362946 0.818977
v -0.009592 0.336633 0.904204
v -0.014461 0.369340 0.895942
v -0.021117 0.280508 -0.399683
v -0.023157 0.319033 -0.306438
v -0.018463 0.290952 -0.345845
v -0.012280 0.208131 -0.448383
v -0.015256 0.275478 -0.350395
v -0.016865 0.223371 -0.461390
v -0.011630 0.256655 -0.353873
v -0.014051 0.276633 -0.329928
v -0.011319 0.268792 -0.250434
v -0.015512 0.292906 -0.270493
v -0.020664 0.302262 -0.206329
v -0.023435 0.271151 -0.108053
v -0.018450 0.272043 -0.156559
v -0.011319 0.268792 -0.250434
v -0.015250 0.258150 -0.153720
v -0.015512 0.292906 -0.270493
v -0.011589 0.239126 -0.155462
v -0.014173 0.239440 -0.128554
v -0.012315 0.184431 -0.061027
v -0.016638 0.220340 -0.075734
v -0.018219 0.367834 0.954802
v -0.019505 0.334331 1.028258
v -0.015579 0.328031 0.993989
v -0.009592 0.336633 0.904204
v -0.012673 0.307391 1.001550
v -0.014461 0.369340 0.895942
v -0.009494 0.282986 1.007690
v -0.010982 0.284439 1.025484
v -0.009296 0.199877 1.118326
v -0.013369 0.228626 1.118372
v -0.017644 0.208884 1.175951
v -0.019839 0.162407 1.251248
v -0.015425 0.158141 1.213598
v -0.009296 0.199877 1.118326
v -0.012138 0.139215 1.216280
v -0.013369 0.228626 1.118372
v -0.009206 0.118466 1.217181
v -0.010824 0.114154 1.239627
v -0.009230 0.042364 1.315563
v -0.013410 0.069336 1.314415
v -0.016395 0.056496 1.378473
v -0.017866 0.047597 1.432789
v -0.014702 0.025981 1.410896
v -0.009230 0.042364 1.315563
v -0.012342 0.005328 1.408478
v -0.013410 0.069336 1.314415
v -0.008981 -0.011748 1.408250
v -0.010599 -0.003561 1.428521
v -0.008725 -0.009966 1.497077
v -0.012530 0.015948 1.491796
v -0.015656 0.063894 1.536048
v -0.016999 0.100484 1.582866
v -0.013337 0.061496 1.566879
v -0.008725 -0.009966 1.497077
v -0.011491 0.045870 1.566877
v -0.012530 0.015948 1.491796
v -0.008471 0.028982 1.566446
v -0.010432 0.048271 1.578158
v -0.008395 0.067662 1.629443
v -0.010891 0.083991 1.622214
v -0.013680 0.124830 1.662901
v -0.011529 0.116137 1.676384
v -0.014774 0.146173 1.696127
v -0.010012 0.106472 1.678272
v -0.008319 0.098485 1.691184
v 0.019871 0.067784 -0.965965
v 0.017636 0.072929 -0.997716
v 0.016589 0.051481 -0.980952
v 0.014357 0.038523 -0.982219
v 0.014349 0.066642 -1.016040
v 0.013084 0.086850 -1.042157
v 0.016157 0.039334 -0.964751
v 0.018123 0.030584 -0.916780
v 0.015421 0.012714 -0.922444
v 0.017316 0.024840 -0.905997
v 0.018189 0.048504 -0.955529
v 0.021936 0.062102 -0.934564
v 0.021001 0.048423 -0.919293
v 0.024774 0.078356 -0.908923
v 0.019003 0.035416 -0.880610
v 0.015960 0.010807 -0.841104
v 0.023378 0.065436 -0.852252
v 0.021468 0.048065 -0.817699
v 0.018541 0.034273 -0.814058
v 0.017623 0.021876 -0.795580
v 0.015113 0.009392 -0.772879
v 0.020015 0.047489 -0.770943
v 0.024231 0.087215 -0.726305
v 0.021498 0.077616 -0.696138
v 0.026529 0.142439 -0.650954
v 0.017782 0.055877 -0.697699
v 0.016301 0.062899 -0.675876
v 0.013906 0.052690 -0.663105
v 0.019104 0.094106 -0.646015
v 0.026243 0.083515 -0.799235
v 0.022742 0.164738 -0.583078
v 0.020058 0.173118 -0.545747
v 0.024701 0.228294 -0.507427
v 0.016741 0.153566 -0.548597
v 0.012950 0.133555 -0.549404
v 0.015333 0.180434 -0.504382
v 0.012280 0.208131 -0.448383
v 0.016865 0.223371 -0.461390
v 0.020281 0.155417 0.035272
v 0.025548 0.161259 0.086449
v 0.022474 0.205092 -0.010414
v 0.012315 0.184431 -0.061027
v 0.016097 0.133444 0.034757
v 0.016638 0.220340 -0.075734
v 0.012763 0.114439 0.034709
v 0.014947 0.112694 0.049982
v 0.012867 0.049977 0.123507
v 0.017039 0.089805 0.104677
v 0.020708 0.054602 0.200900
v 0.026128 0.091056 0.248356
v 0.023003 0.094084 0.161831
v 0.012867 0.049977 0.123507
v 0.017231 0.033998 0.202126
v 0.017039 0.089805 0.104677
v 0.013249 0.008029 0.203584
v 0.016030 0.017678 0.216833
v 0.013679 -0.005016 0.281049
v 0.018004 0.024028 0.257431
v 0.021821 0.069600 0.347636
v 0.026103 0.139173 0.397632
v 0.024189 0.077606 0.314551
v 0.013679 -0.005016 0.281049
v 0.018511 0.051437 0.347382
v 0.018004 0.024028 0.257431
v 0.014604 0.024328 0.339482
v 0.017191 0.049267 0.362670
v 0.013487 0.056380 0.402364
v 0.018008 0.081215 0.398170
v 0.019688 0.151528 0.471263
v 0.023902 0.232054 0.522586
v 0.021908 0.150024 0.445671
v 0.013487 0.056380 0.402364
v 0.016375 0.129134 0.469457
v 0.018008 0.081215 0.398170
v 0.012118 0.108085 0.472292
v 0.015060 0.136969 0.487609
v 0.011017 0.180624 0.551012
v 0.015466 0.207743 0.547041
v 0.018153 0.294892 0.630014
v 0.022933 0.360792 0.677318
v 0.020385 0.280947 0.594868
v 0.011017 0.180624 0.551012
v 0.014535 0.277793 0.630261
v 0.015466 0.207743 0.547041
v 0.010278 0.253201 0.629603
v 0.013220 0.284388 0.648582
v 0.009984 0.316139 0.713437
v 0.014433 0.338513 0.704650
v 0.016847 0.386247 0.799488
v 0.022105 0.415543 0.844357
v 0.019066 0.395097 0.764569
v 0.009984 0.316139 0.713437
v 0.013228 0.366902 0.798673
v 0.014433 0.338513 0.704650
v 0.009691 0.347893 0.798456
v 0.011914 0.362946 0.818977
v 0.009593 0.336633 0.904204
v 0.014462 0.369340 0.895942
v 0.018462 0.290952 -0.345845
v 0.023156 0.319033 -0.306438
v 0.021117 0.280508 -0.399683
v 0.012280 0.208131 -0.448383
v 0.015256 0.275478 -0.350395
v 0.016865 0.223371 -0.461390
v 0.011630 0.256655 -0.353873
v 0.014051 0.276633 -0.329928
v 0.011319 0.268792 -0.250434
v 0.015512 0.292906 -0.270493
v 0.018450 0.272043 -0.156559
v 0.023435 0.271151 -0.108053
v 0.020664 0.302262 -0.206329
v 0.011319 0.268792 -0.250434
v 0.015250 0.258150 -0.153720
v 0.015512 0.292906 -0.270493
v 0.011589 0.239126 -0.155462
v 0.014173 0.239440 -0.128554
v 0.012315 0.184431 -0.061027
v 0.016638 0.220340 -0.075734
v 0.015579 0.328031 0.993989
v 0.019505 0.334331 1.028258
v 0.018219 0.367834 0.954802
v 0.009593 0.336633 0.904204
v 0.012673 0.307391 1.001550
v 0.014462 0.369340 0.895942
v 0.009494 0.282987 1.007690
v 0.010982 0.284439 1.025484
v 0.009296 0.199877 1.118326
v 0.013369 0.228626 1.118372
v 0.015425 0.158141 1.213598
v 0.019840 0.162407 1.251248
v 0.017644 0.208884 1.175951
v 0.009296 0.199877 1.118326
v 0.012138 0.139215 1.216280
v 0.013369 0.228626 1.118372
v 0.009207 0.118466 1.217181
v 0.010824 0.114154 1.239627
v 0.009230 0.042364 1.315563
v 0.013410 0.069336 1.314415
v 0.014703 0.025981 1.410896
v 0.017866 0.047597 1.432789
v 0.016396 0.056496 1.378473
v 0.009230 0.042364 1.315563
v 0.012342 0.005328 1.408478
v 0.013410 0.069336 1.314415
v 0.008981 -0.011748 1.408250
v 0.010599 -0.003561 1.428521
v 0.008726 -0.009966 1.497077
v 0.012531 0.015948 1.491797
v 0.013338 0.061496 1.566879
v 0.016999 0.100484 1.582866
v 0.015657 0.063894 1.536048
v 0.008726 -0.009966 1.497077
v 0.011491 0.045870 1.566877
v 0.012531 0.015948 1.491797
v 0.008472 0.028982 1.566446
v 0.010432 0.048271 1.578158
v 0.008395 0.067662 1.629443
v 0.010891 0.083991 1.622214
v 0.013680 0.124830 1.662901
v 0.011529 0.116137 1.676384
v 0.014775 0.146173 1.696127
v 0.010013 0.106472 1.678272
v 0.008319 0.098485 1.691184
v -0.006589 0.094374 1.806385
v -0.010215 0.084120 1.871515
v -0.014447 0.061239 1.861375
v -0.027864 -0.008592 1.926982
v -0.009503 0.028376 1.927570
v -0.035984 -0.028967 2.006892
v -0.056214 -0.091929 2.010100
v -0.095812 -0.084165 2.144968
v -0.126888 -0.157930 2.148629
v -0.169960 -0.172626 2.299069
v -0.140261 -0.103982 2.304011
v -0.146168 -0.075349 2.464566
v -0.123787 -0.026449 2.465469
v -0.092768 0.134536 2.594546
v -0.090529 0.159628 2.594394
v -0.046908 0.252867 2.709728
v -0.021274 0.092683 1.886521
v -0.011329 0.111196 1.831355
v -0.021746 0.120059 1.886508
v -0.066606 0.057292 1.966606
v -0.035502 0.117096 1.965431
v -0.104823 0.084550 2.096277
v -0.129382 0.006063 2.087772
v -0.130829 0.074969 2.204442
v -0.155950 -0.012728 2.194417
v -0.136397 0.088480 2.319298
v -0.162190 -0.011883 2.306494
v -0.131311 0.120509 2.429037
v -0.152119 0.037222 2.417067
v -0.110990 0.175772 2.530954
v -0.099804 0.215344 2.538617
v -0.059953 0.394919 2.735378
v -0.001714 0.097561 1.809975
v -0.001714 0.094575 1.865402
v -0.001714 0.078707 1.865531
v -0.032266 0.009638 1.950914
v -0.017845 0.054607 1.948132
v -0.041812 0.016627 2.094632
v -0.093504 -0.079588 2.098437
v -0.062720 0.025500 2.308453
v -0.144187 -0.109594 2.303655
v -0.112858 0.003543 2.471789
v -0.060020 0.128103 2.472120
v -0.066911 0.211330 2.613126
v -0.033245 0.275466 2.611707
v -0.021049 0.387701 2.743438
v -0.032794 0.349156 2.745139
v -0.015673 0.479788 2.842391
v -0.003850 0.115384 1.865167
v 0.000005 0.126611 1.809523
v 0.000005 0.109560 1.865201
v 0.000005 0.111463 1.947397
v -0.009179 0.092214 1.947159
v 0.000005 0.109560 1.865201
v -0.003850 0.115384 1.865167
v 0.000005 0.080310 2.091516
v -0.048447 0.044446 2.091785
v -0.017370 0.145425 2.302594
v -0.062615 0.090178 2.300070
v -0.036302 0.224202 2.484335
v -0.062053 0.182615 2.478341
v -0.016320 0.365218 2.653780
v 0.000005 0.086516 2.126294
v -0.012453 0.143842 1.946462
v -0.040423 0.077875 1.947985
v -0.004346 0.134210 1.865111
v -0.013497 0.108986 1.864700
v -0.066590 0.066815 2.104253
v -0.013061 0.144752 2.092486
v -0.081104 0.132297 2.300222
v -0.024722 0.194679 2.289739
v 0.000005 0.126611 1.809523
v -0.034473 0.266444 2.476213
v -0.080347 0.220746 2.478886
v -0.029783 0.386396 2.649808
v -0.054817 0.365538 2.653775
v -0.021777 0.504339 2.790736
v -0.035576 0.484489 2.789920
v -0.021419 0.616033 2.896222
v -0.011030 0.081080 1.947213
v -0.040681 0.038090 2.090404
v -0.027553 0.048191 1.948617
v -0.085423 -0.012924 2.093048
v 0.000005 0.094580 1.865400
v -0.073880 0.075748 2.298647
v -0.111272 0.032525 2.295759
v -0.101278 0.097139 2.446536
v -0.070175 0.136964 2.451809
v -0.067061 0.282811 2.632975
v 0.000005 0.120408 1.809609
v 0.000005 0.109259 1.865174
v -0.004319 0.095794 1.865008
v -0.007588 0.033124 1.949112
v 0.000005 0.086651 1.947293
v 0.000005 0.088857 2.093243
v -0.050244 -0.055169 2.095557
v 0.000005 0.155442 2.307773
v -0.062449 -0.048696 2.305159
v -0.053449 0.067650 2.474476
v 0.000005 0.242490 2.473485
v -0.030483 0.268350 2.614191
v 0.000005 0.344731 2.612882
v 0.000005 0.455270 2.745313
v -0.020032 0.408669 2.745226
v -0.010197 0.506458 2.839221
v 0.000005 0.525902 2.842029
v 0.000005 0.705062 2.897388
v 0.014456 0.061239 1.861375
v 0.010224 0.084120 1.871515
v 0.006598 0.094374 1.806385
v 0.027874 -0.008593 1.926982
v 0.009513 0.028376 1.927570
v 0.035993 -0.028968 2.006892
v 0.056223 -0.091930 2.010100
v 0.095822 -0.084168 2.144968
v 0.126898 -0.157933 2.148629
v 0.169970 -0.172630 2.299068
v 0.140271 -0.103986 2.304010
v 0.146177 -0.075354 2.464566
v 0.123797 -0.026455 2.465468
v 0.092777 0.134529 2.594546
v 0.090538 0.159621 2.594393
v 0.046917 0.252862 2.709728
v 0.021756 0.120058 1.886508
v 0.011339 0.111196 1.831356
v 0.021284 0.092682 1.886522
v 0.066616 0.057291 1.966607
v 0.035512 0.117095 1.965431
v 0.104832 0.084548 2.096277
v 0.129391 0.006060 2.087773
v 0.130839 0.074965 2.204442
v 0.155960 -0.012732 2.194418
v 0.136406 0.088476 2.319298
v 0.162200 -0.011888 2.306494
v 0.131320 0.120504 2.429037
v 0.152128 0.037216 2.417067
v 0.111000 0.175766 2.530953
v 0.099814 0.215338 2.538616
v 0.059962 0.394914 2.735378
v 0.001724 0.078707 1.865531
v 0.001724 0.094575 1.865402
v 0.001723 0.097561 1.809975
v 0.032275 0.009637 1.950915
v 0.017854 0.054606 1.948132
v 0.041822 0.016627 2.094632
v 0.093514 -0.079591 2.098438
v 0.062730 0.025497 2.308453
v 0.144196 -0.109598 2.303655
v 0.112867 0.003537 2.471789
v 0.060029 0.128100 2.472119
v 0.066920 0.211324 2.613126
v 0.035997 0.274592 2.611682
v 0.021058 0.387699 2.743438
v 0.032803 0.349153 2.745139
v 0.015683 0.479786 2.842391
v 0.000005 0.109560 1.865201
v 0.000005 0.126611 1.809523
v 0.003860 0.115384 1.865167
v 0.000005 0.111463 1.947397
v 0.000005 0.109560 1.865201
v 0.009189 0.092213 1.947159
v 0.003860 0.115384 1.865167
v 0.000005 0.080310 2.091516
v 0.048457 0.044445 2.091785
v 0.017380 0.145424 2.302594
v 0.000005 0.086516 2.126294
v 0.062624 0.090176 2.300070
v 0.036311 0.224200 2.484334
v 0.062063 0.182612 2.478340
v 0.016329 0.365217 2.653780
v 0.013506 0.108986 1.864701
v 0.040433 0.077874 1.947986
v 0.004356 0.134210 1.865111
v 0.012463 0.143842 1.946463
v 0.066599 0.066813 2.104253
v 0.013071 0.144752 2.092486
v 0.081114 0.132295 2.300223
v 0.024732 0.194679 2.289739
v 0.000005 0.126611 1.809523
v 0.034482 0.266443 2.476213
v 0.080356 0.220742 2.478885
v 0.029792 0.386394 2.649808
v 0.054827 0.365534 2.653775
v 0.021786 0.504338 2.790737
v 0.035586 0.484486 2.789920
v 0.021429 0.616032 2.896222
v 0.085432 -0.012926 2.093049
v 0.040691 0.038089 2.090404
v 0.027563 0.048191 1.948617
v 0.011040 0.081080 1.947213
v 0.000005 0.094580 1.865400
v 0.073889 0.075745 2.298647
v 0.111281 0.032522 2.295759
v 0.101287 0.097134 2.446536
v 0.070184 0.136961 2.451809
v 0.067070 0.282806 2.632975
v 0.004329 0.095794 1.865008
v 0.000005 0.109259 1.865174
v 0.000005 0.120408 1.809609
v 0.007597 0.033124 1.949112
v 0.000005 0.086651 1.947293
v 0.000005 0.088857 2.093243
v 0.050253 -0.055170 2.095557
v 0.000005 0.155442 2.307773
v 0.062459 -0.048698 2.305159
v 0.053458 0.067647 2.474475
v 0.000005 0.242490 2.473485
v 0.030492 0.268347 2.614191
v 0.000005 0.344731 2.612882
v 0.000005 0.455270 2.745313
v 0.020041 0.408668 2.745226
v 0.000005 0.525902 2.842029
v 0.010207 0.506457 2.839222
v 0.000005 0.705062 2.897388
v -0.002312 0.081060 1.746940
v -0.002311 0.085404 1.821320
v -0.002312 0.066337 1.758274
v -0.003130 -0.003276 1.847961
v -0.003130 0.051145 1.867243
v -0.025222 -0.080409 1.944986
v -0.025221 -0.053162 1.961735
v -0.057304 -0.156183 2.078979
v -0.001921 0.066594 1.691593
v -0.001920 0.083667 1.757046
v -0.001921 0.050149 1.737444
v -0.024322 0.005097 1.794906
v -0.024320 0.037231 1.845344
v -0.033864 -0.075341 1.863288
v -0.033863 -0.047279 1.901038
v -0.041535 -0.115597 1.940897
v -0.041534 -0.095827 1.956792
v -0.057283 -0.173778 2.015790
v -0.001922 0.049685 1.649454
v -0.001921 0.072192 1.699356
v -0.001921 0.021341 1.684846
v -0.018656 -0.000800 1.734581
v -0.018651 0.032901 1.758391
v -0.026800 -0.035159 1.785321
v -0.026797 -0.013701 1.797688
v -0.036155 -0.056186 1.817906
v -0.035822 -0.037315 1.825830
v -0.046259 -0.062639 1.880487
v 0.001487 0.066342 1.758272
v 0.001487 0.085410 1.821318
v 0.001487 0.081065 1.746937
v 0.002306 -0.003269 1.847958
v 0.002305 0.051152 1.867240
v 0.024397 -0.080358 1.944967
v 0.024396 -0.053111 1.961715
v 0.056485 -0.156072 2.078952
v 0.001879 0.050149 1.737444
v 0.001878 0.083668 1.757046
v 0.001879 0.066594 1.691593
v 0.024281 0.005100 1.794905
v 0.024278 0.037235 1.845342
v 0.033822 -0.075337 1.863287
v 0.033821 -0.047275 1.901037
v 0.041493 -0.115593 1.940896
v 0.041492 -0.095822 1.956790
v 0.057241 -0.173773 2.015788
v 0.001880 0.021341 1.684846
v 0.001879 0.072192 1.699356
v 0.001880 0.049685 1.649454
v 0.018614 -0.000797 1.734581
v 0.018610 0.032904 1.758390
v 0.026758 -0.035155 1.785320
v 0.026755 -0.013698 1.797686
v 0.036113 -0.056182 1.817904
v 0.035780 -0.037310 1.825828
v 0.046217 -0.062634 1.880485
v 0.000005 0.156671 1.949911
v 0.000005 0.135429 1.948207
v 0.000005 0.117564 1.858734
v 0.000005 0.093283 2.113723
v 0.000005 0.158396 2.113936
v 0.000005 0.165352 2.314312
v 0.000005 0.224320 2.309663
v 0.000005 0.327582 2.543164
v 0.000005 0.296116 2.548604
v 0.000005 0.466708 2.716588
v 0.000005 0.443748 2.719394
v 0.000005 0.568953 2.845278
v 0.000005 0.550005 2.841821
v 0.000005 0.763537 3.037743
v 0.000005 0.330694 2.541973
v 0.000005 0.327582 2.543164
v 0.000005 0.224320 2.309663
v 0.000005 0.439086 2.682179
v -0.061392 -0.099208 -1.716738
v -0.064991 -0.125035 -1.743026
v -0.069894 -0.074514 -1.718626
v -0.070555 -0.074490 -1.745182
v -0.063706 -0.064352 -1.699238
v -0.069338 -0.025002 -1.726665
v -0.077519 0.000334 -1.704763
v -0.062748 0.011795 -1.746076
v -0.062632 0.040958 -1.761461
v -0.000000 0.028167 -1.735585
v -0.000000 0.037418 -1.764201
v -0.072295 -0.058577 -1.747367
v -0.063706 -0.064352 -1.699238
v -0.048315 -0.132951 -1.699779
v -0.061392 -0.099208 -1.716738
v -0.047158 -0.139435 -1.716789
v -0.064991 -0.125035 -1.743026
v -0.046577 -0.162283 -1.730891
v -0.000000 -0.149059 -1.701049
v -0.000000 -0.154804 -1.717229
v -0.000000 -0.138636 -1.832891
v -0.040140 -0.119844 -1.838843
v -0.000000 -0.148070 -1.785690
v -0.048135 -0.120915 -1.790907
v -0.036593 -0.121538 -1.868037
v -0.000000 -0.140692 -1.856832
v -0.064991 -0.125035 -1.743026
v -0.046577 -0.162283 -1.730891
v -0.000000 -0.169465 -1.892754
v -0.036969 -0.125917 -1.894274
v -0.020762 -0.136517 -1.915402
v -0.000000 -0.157380 -1.924437
v -0.000000 -0.154804 -1.717229
v 0.070555 -0.074490 -1.745182
v 0.064991 -0.125035 -1.743026
v 0.069894 -0.074514 -1.718626
v 0.061391 -0.099208 -1.716738
v 0.063705 -0.064352 -1.699238
v 0.069338 -0.025002 -1.726665
v 0.077519 0.000334 -1.704763
v 0.062748 0.011795 -1.746076
v 0.062632 0.040958 -1.761461
v -0.000000 0.028167 -1.735585
v -0.000000 0.037418 -1.764201
v 0.072295 -0.058577 -1.747367
v 0.047158 -0.139435 -1.716789
v 0.048315 -0.132951 -1.699779
v 0.061391 -0.099208 -1.716738
v 0.063705 -0.064352 -1.699238
v 0.064991 -0.125035 -1.743026
v 0.046576 -0.162283 -1.730891
v -0.000000 -0.149059 -1.701049
v -0.000000 -0.154804 -1.717229
v 0.048134 -0.120915 -1.790907
v 0.040140 -0.119844 -1.838843
v -0.000000 -0.148070 -1.785690
v -0.000000 -0.138636 -1.832891
v 0.036593 -0.121538 -1.868037
v -0.000000 -0.140692 -1.856832
v 0.064991 -0.125035 -1.743026
v 0.046576 -0.162283 -1.730891
v -0.000000 -0.169465 -1.892754
v 0.036968 -0.125917 -1.894274
v 0.020761 -0.136517 -1.915402
v -0.000000 -0.157380 -1.924437
v -0.000000 -0.154804 -1.717229
v -0.016546 -0.105998 -1.896795
v -0.019866 -0.108542 -1.908149
v -0.018868 -0.120086 -1.894963
v -0.020494 -0.123111 -1.901843
v -0.018570 -0.133597 -1.889526
v -0.018868 -0.120086 -1.894963
v -0.026883 -0.122232 -1.898291
v -0.016546 -0.105998 -1.896795
v -0.029742 -0.103977 -1.904455
v -0.018570 -0.133597 -1.889526
v -0.026883 -0.122232 -1.898291
v -0.020494 -0.123111 -1.901843
v -0.029742 -0.103977 -1.904455
v -0.019866 -0.108542 -1.908149
v -0.018570 -0.133597 -1.889526
v -0.028611 -0.109420 -1.909427
v -0.021846 -0.108468 -1.904530
v -0.027604 -0.122745 -1.908936
v -0.016845 -0.121433 -1.900709
v -0.020317 -0.087123 -1.905838
v -0.021987 -0.108481 -1.916573
v -0.017060 -0.125835 -1.919340
v -0.021846 -0.108468 -1.904530
v -0.016845 -0.121433 -1.900709
v -0.020317 -0.087123 -1.905838
v -0.027604 -0.122745 -1.908936
v -0.017060 -0.125835 -1.919340
v -0.028611 -0.109420 -1.909427
v -0.021987 -0.108481 -1.916573
v -0.020317 -0.087123 -1.905838
v 0.020494 -0.123111 -1.901843
v 0.019865 -0.108542 -1.908149
v 0.018867 -0.120086 -1.894963
v 0.016546 -0.105998 -1.896795
v 0.018570 -0.133597 -1.889526
v 0.029742 -0.103977 -1.904455
v 0.026882 -0.122232 -1.898291
v 0.016546 -0.105998 -1.896795
v 0.018867 -0.120086 -1.894963
v 0.018570 -0.133597 -1.889526
v 0.019865 -0.108542 -1.908149
v 0.020494 -0.123111 -1.901843
v 0.029742 -0.103977 -1.904455
v 0.026882 -0.122232 -1.898291
v 0.018570 -0.133597 -1.889526
v 0.016845 -0.121433 -1.900709
v 0.021846 -0.108468 -1.904530
v 0.027603 -0.122745 -1.908936
v 0.028610 -0.109420 -1.909427
v 0.020317 -0.087123 -1.905838
v 0.016845 -0.121433 -1.900709
v 0.017060 -0.125835 -1.919340
v 0.021846 -0.108468 -1.904530
v 0.021987 -0.108481 -1.916573
v 0.020317 -0.087123 -1.905838
v 0.021987 -0.108481 -1.916573
v 0.017060 -0.125835 -1.919340
v 0.028610 -0.109420 -1.909427
v 0.027603 -0.122745 -1.908936
v 0.020317 -0.087123 -1.905838
v -0.047784 0.175464 -1.529939
v -0.061821 0.157395 -1.530605
v -0.035075 0.131312 -1.594612
v -0.057283 0.113011 -1.595840
v -0.073870 0.196941 -1.499443
v -0.060909 0.213550 -1.500626
v -0.078150 0.254017 -1.465790
v -0.069408 0.263491 -1.472007
v -0.056319 0.352692 -1.442078
v 0.057282 0.113011 -1.595840
v 0.061821 0.157395 -1.530605
v 0.035075 0.131312 -1.594612
v 0.047783 0.175464 -1.529939
v 0.073870 0.196941 -1.499443
v 0.060909 0.213550 -1.500626
v 0.078150 0.254017 -1.465790
v 0.069408 0.263491 -1.472007
v 0.056319 0.352692 -1.442078
v -0.115933 0.098581 -1.540141
v -0.089486 0.070505 -1.620478
v -0.105256 0.113897 -1.552986
v -0.080700 0.092135 -1.612404
v -0.172449 0.144786 -1.495689
v -0.162961 0.158484 -1.514853
v -0.240954 0.213542 -1.486966
v -0.253623 0.204227 -1.471946
v -0.269546 0.268238 -1.440917
v -0.287167 0.257742 -1.426197
v -0.294679 0.303725 -1.359312
v -0.279156 0.312610 -1.373032
v -0.286897 0.355114 -1.290726
v -0.274960 0.361392 -1.304675
v -0.276970 0.393320 -1.260794
v -0.268548 0.397513 -1.272015
v -0.259511 0.425913 -1.261818
v -0.267503 0.425585 -1.252299
v -0.263164 0.457754 -1.256146
v -0.256154 0.456598 -1.262508
v -0.265303 0.479175 -1.269443
v -0.255662 0.472643 -1.274187
v -0.271395 0.475236 -1.259909
v 0.080700 0.092135 -1.612404
v 0.089485 0.070505 -1.620478
v 0.105256 0.113897 -1.552986
v 0.115933 0.098581 -1.540141
v 0.172449 0.144786 -1.495689
v 0.162960 0.158484 -1.514853
v 0.240954 0.213542 -1.486966
v 0.253623 0.204227 -1.471946
v 0.269546 0.268238 -1.440917
v 0.287167 0.257742 -1.426197
v 0.294679 0.303725 -1.359312
v 0.279156 0.312610 -1.373032
v 0.286897 0.355114 -1.290726
v 0.274959 0.361392 -1.304675
v 0.276970 0.393320 -1.260794
v 0.268548 0.397513 -1.272015
v 0.259511 0.425913 -1.261818
v 0.267503 0.425585 -1.252299
v 0.263163 0.457754 -1.256146
v 0.256154 0.456598 -1.262508
v 0.265303 0.479175 -1.269443
v 0.255662 0.472643 -1.274187
v 0.271395 0.475236 -1.259909
v -0.182737 0.247560 -1.120448
v -0.158729 0.246280 -1.028657
v -0.164912 0.218848 -1.121302
v -0.145286 0.211916 -1.036196
v -0.091642 0.246280 -0.961570
v -0.084302 0.210209 -0.974284
v -0.000000 0.246280 -0.937015
v -0.000000 0.210209 -0.951696
v -0.139236 0.229001 -1.206782
v -0.156255 0.252070 -1.212614
v -0.078730 0.239523 -1.269716
v -0.088604 0.255556 -1.280105
v -0.000000 0.244011 -1.292825
v -0.000000 0.257349 -1.304869
v 0.145285 0.211916 -1.036196
v 0.158729 0.246280 -1.028657
v 0.164912 0.218848 -1.121302
v 0.182737 0.247560 -1.120448
v 0.091642 0.246280 -0.961570
v 0.084301 0.210209 -0.974284
v -0.000000 0.246280 -0.937015
v -0.000000 0.210209 -0.951696
v 0.139236 0.229001 -1.206782
v 0.156255 0.252070 -1.212614
v 0.078730 0.239523 -1.269716
v 0.088604 0.255556 -1.280105
v -0.000000 0.244011 -1.292825
v -0.000000 0.257349 -1.304869
v -0.003476 0.296203 -0.858067
v -0.006258 0.340032 -0.820224
v -0.049457 0.321144 -0.879861
v -0.041311 0.362522 -0.840206
v -0.030677 0.407098 -0.789382
v -0.044723 0.414652 -0.797819
v -0.051689 0.435080 -0.781602
v -0.026341 0.264422 -0.878205
v -0.067689 0.263779 -0.901726
v -0.041311 0.362522 -0.840206
v -0.082793 0.375662 -0.839915
v -0.049457 0.321144 -0.879861
v -0.098313 0.333861 -0.870634
v -0.057865 0.415542 -0.798882
v -0.044723 0.414652 -0.797819
v -0.051689 0.435080 -0.781602
v -0.092669 0.299524 -0.903681
v -0.067689 0.263779 -0.901726
v -0.085519 0.268633 -0.907981
v -0.092274 0.307253 -0.893992
v -0.112828 0.279971 -0.936266
v -0.119887 0.312090 -0.917160
v -0.104540 0.325851 -0.884391
v -0.090166 0.244109 -0.926181
v -0.113211 0.237247 -0.947320
v -0.131478 0.347900 -0.895316
v -0.119398 0.346556 -0.882976
v -0.147918 0.368616 -0.889839
v -0.119887 0.312090 -0.917160
v -0.150890 0.312222 -0.924592
v -0.112828 0.279971 -0.936266
v -0.147777 0.286150 -0.944920
v -0.143980 0.347108 -0.897899
v -0.131478 0.347900 -0.895316
v -0.147918 0.368616 -0.889839
v -0.137541 0.257187 -0.953267
v -0.113211 0.237247 -0.947320
v -0.049236 0.349026 -0.805977
v -0.006258 0.340032 -0.820224
v -0.057847 0.298687 -0.834322
v -0.009644 0.282089 -0.842180
v -0.030677 0.407098 -0.789382
v -0.049063 0.408845 -0.787183
v -0.051689 0.435080 -0.781602
v -0.033738 0.251256 -0.863890
v -0.074629 0.250225 -0.883184
v -0.098313 0.333861 -0.870634
v -0.082793 0.375662 -0.839915
v -0.057847 0.298687 -0.834322
v -0.049236 0.349026 -0.805977
v -0.057865 0.415542 -0.798882
v -0.049063 0.408845 -0.787183
v -0.051689 0.435080 -0.781602
v -0.103375 0.287034 -0.882270
v -0.074629 0.250225 -0.883184
v -0.131619 0.301639 -0.897165
v -0.095287 0.298363 -0.881991
v -0.128776 0.263482 -0.908811
v -0.091511 0.260029 -0.892862
v -0.104540 0.325851 -0.884391
v -0.097714 0.234821 -0.909028
v -0.118848 0.228876 -0.932330
v -0.136009 0.342754 -0.887098
v -0.119398 0.346556 -0.882976
v -0.147918 0.368616 -0.889839
v -0.153735 0.279453 -0.934631
v -0.150890 0.312222 -0.924592
v -0.128776 0.263482 -0.908811
v -0.131619 0.301639 -0.897165
v -0.143980 0.347108 -0.897899
v -0.136009 0.342754 -0.887098
v -0.147918 0.368616 -0.889839
v -0.141084 0.250143 -0.941174
v -0.118848 0.228876 -0.932330
v -0.007610 0.241557 -0.876786
v -0.004517 0.272734 -0.867966
v -0.026791 0.253185 -0.896156
v -0.017944 0.281890 -0.884814
v -0.008565 0.311646 -0.861714
v -0.010851 0.313835 -0.866562
v -0.008526 0.326449 -0.858386
v -0.018783 0.222237 -0.887818
v -0.040662 0.220440 -0.901376
v -0.017944 0.281890 -0.884814
v -0.039744 0.290405 -0.885207
v -0.026791 0.253185 -0.896156
v -0.053875 0.264764 -0.899429
v -0.016288 0.315519 -0.865494
v -0.010851 0.313835 -0.866562
v -0.008526 0.326449 -0.858386
v -0.055819 0.240814 -0.905944
v -0.040662 0.220440 -0.901376
v -0.026582 0.264662 -0.826727
v -0.003663 0.262583 -0.831010
v -0.034418 0.239960 -0.845683
v -0.005304 0.235427 -0.848875
v -0.010310 0.296590 -0.811800
v -0.015746 0.296298 -0.809826
v -0.011103 0.309504 -0.803875
v -0.016500 0.218728 -0.863559
v -0.040455 0.217468 -0.873061
v -0.057486 0.256325 -0.854537
v -0.043395 0.278496 -0.835321
v -0.034418 0.239960 -0.845683
v -0.026582 0.264662 -0.826727
v -0.019021 0.300078 -0.812745
v -0.015746 0.296298 -0.809826
v -0.011103 0.309504 -0.803875
v -0.058271 0.235457 -0.868093
v -0.040455 0.217468 -0.873061
v 0.041310 0.362522 -0.840206
v 0.006258 0.340032 -0.820224
v 0.049457 0.321144 -0.879861
v 0.003476 0.296203 -0.858067
v 0.030677 0.407098 -0.789382
v 0.044723 0.414652 -0.797819
v 0.051688 0.435080 -0.781602
v 0.026341 0.264422 -0.878205
v 0.067689 0.263779 -0.901726
v 0.098313 0.333861 -0.870634
v 0.082793 0.375662 -0.839915
v 0.049457 0.321144 -0.879861
v 0.041310 0.362522 -0.840206
v 0.057865 0.415542 -0.798882
v 0.044723 0.414652 -0.797819
v 0.051688 0.435080 -0.781602
v 0.092669 0.299524 -0.903681
v 0.067689 0.263779 -0.901726
v 0.119887 0.312090 -0.917160
v 0.092274 0.307253 -0.893992
v 0.112828 0.279971 -0.936266
v 0.085519 0.268633 -0.907981
v 0.104540 0.325851 -0.884391
v 0.090166 0.244109 -0.926181
v 0.113210 0.237247 -0.947320
v 0.131477 0.347900 -0.895316
v 0.119398 0.346556 -0.882976
v 0.147918 0.368616 -0.889839
v 0.147777 0.286150 -0.944920
v 0.150889 0.312222 -0.924592
v 0.112828 0.279971 -0.936266
v 0.119887 0.312090 -0.917160
v 0.143980 0.347108 -0.897899
v 0.131477 0.347900 -0.895316
v 0.147918 0.368616 -0.889839
v 0.137541 0.257187 -0.953267
v 0.113210 0.237247 -0.947320
v 0.009644 0.282089 -0.842180
v 0.006258 0.340032 -0.820224
v 0.057846 0.298687 -0.834322
v 0.049236 0.349026 -0.805977
v 0.030677 0.407098 -0.789382
v 0.049063 0.408845 -0.787183
v 0.051688 0.435080 -0.781602
v 0.033738 0.251256 -0.863890
v 0.074629 0.250225 -0.883184
v 0.049236 0.349026 -0.805977
v 0.082793 0.375662 -0.839915
v 0.057846 0.298687 -0.834322
v 0.098313 0.333861 -0.870634
v 0.057865 0.415542 -0.798882
v 0.049063 0.408845 -0.787183
v 0.051688 0.435080 -0.781602
v 0.103374 0.287034 -0.882270
v 0.074629 0.250225 -0.883184
v 0.091510 0.260029 -0.892862
v 0.095287 0.298363 -0.881991
v 0.128775 0.263482 -0.908811
v 0.131619 0.301639 -0.897165
v 0.104540 0.325851 -0.884391
v 0.097714 0.234821 -0.909028
v 0.118848 0.228876 -0.932330
v 0.136009 0.342754 -0.887098
v 0.119398 0.346556 -0.882976
v 0.147918 0.368616 -0.889839
v 0.131619 0.301639 -0.897165
v 0.150889 0.312222 -0.924592
v 0.128775 0.263482 -0.908811
v 0.153735 0.279453 -0.934631
v 0.143980 0.347108 -0.897899
v 0.136009 0.342754 -0.887098
v 0.147918 0.368616 -0.889839
v 0.141084 0.250143 -0.941174
v 0.118848 0.228876 -0.932330
v 0.017943 0.281890 -0.884814
v 0.004517 0.272734 -0.867966
v 0.026791 0.253185 -0.896156
v 0.007610 0.241557 -0.876786
v 0.008565 0.311646 -0.861714
v 0.010851 0.313835 -0.866562
v 0.008526 0.326449 -0.858386
v 0.018783 0.222237 -0.887818
v 0.040661 0.220440 -0.901376
v 0.053875 0.264764 -0.899429
v 0.039744 0.290405 -0.885207
v 0.026791 0.253185 -0.896156
v 0.017943 0.281890 -0.884814
v 0.016288 0.315519 -0.865494
v 0.010851 0.313835 -0.866562
v 0.008526 0.326449 -0.858386
v 0.055819 0.240814 -0.905944
v 0.040661 0.220440 -0.901376
v 0.005304 0.235427 -0.848875
v 0.003663 0.262583 -0.831010
v 0.034418 0.239960 -0.845683
v 0.026582 0.264662 -0.826727
v 0.010310 0.296590 -0.811800
v 0.015746 0.296298 -0.809826
v 0.011103 0.309504 -0.803875
v 0.016500 0.218728 -0.863559
v 0.040455 0.217468 -0.873061
v 0.026582 0.264662 -0.826727
v 0.043395 0.278496 -0.835321
v 0.034418 0.239960 -0.845683
v 0.057486 0.256325 -0.854537
v 0.019021 0.300078 -0.812745
v 0.015746 0.296298 -0.809826
v 0.011103 0.309504 -0.803875
v 0.058271 0.235457 -0.868093
v 0.040455 0.217468 -0.873061
v -0.111304 0.074400 -1.634604
v -0.100216 -0.011796 -1.666001
v -0.109495 0.071600 -1.629580
v -0.125782 0.092135 -1.612404
v -0.113904 0.070505 -1.620478
v -0.109495 0.071600 -1.629580
v -0.108683 0.032735 -1.634577
v -0.125782 0.092135 -1.612404
v -0.101786 0.090169 -1.726436
v -0.129739 0.109465 -1.699381
v -0.101022 0.075879 -1.719734
v -0.168250 0.099279 -1.688397
v -0.084297 0.106770 -1.694736
v -0.073437 0.088140 -1.713005
v -0.067638 0.055285 -1.765065
v -0.043707 0.056403 -1.747192
v -0.128585 0.124787 -1.684809
v -0.084820 0.120396 -1.684760
v -0.076533 0.131319 -1.680176
v -0.142888 0.150538 -1.662173
v -0.110203 0.166117 -1.653433
v -0.169344 0.160939 -1.643690
v -0.134281 0.184998 -1.636696
v -0.165660 0.179518 -1.634963
v -0.150906 0.216721 -1.617933
v -0.175613 0.205343 -1.621624
v -0.193702 0.185765 -1.614424
v -0.188382 0.167864 -1.625365
v -0.159609 0.259386 -1.597915
v -0.212421 0.247112 -1.588172
v -0.202321 0.312323 -1.559976
v -0.151832 0.321867 -1.572340
v -0.187088 0.361448 -1.535393
v -0.150188 0.366421 -1.544647
v -0.159619 0.411465 -1.500556
v -0.185205 0.407989 -1.495770
v -0.198924 0.452425 -1.436972
v -0.210261 0.448895 -1.439553
v -0.205175 0.391341 -1.484999
v -0.216601 0.440459 -1.437275
v -0.248155 0.462301 -1.409531
v -0.214038 0.191196 -1.604257
v -0.246739 0.296661 -1.537854
v -0.259172 0.228105 -1.568608
v -0.218011 0.350606 -1.517472
v -0.229860 0.215159 -1.594666
v -0.235755 0.190076 -1.600745
v -0.226140 0.181317 -1.599916
v -0.223423 0.168736 -1.607658
v -0.245601 0.186641 -1.589964
v -0.194530 0.139450 -1.641593
v -0.159961 0.127958 -1.661027
v -0.154352 0.116100 -1.671968
v -0.198682 0.159632 -1.626512
v -0.216758 0.162044 -1.618878
v -0.169517 0.112972 -1.686450
v -0.164375 0.112649 -1.673125
v -0.193568 0.117881 -1.660404
v -0.075631 0.034871 -1.748168
v -0.054677 0.010078 -1.777006
v -0.038554 0.031613 -1.783811
v -0.000000 0.026877 -1.781046
v -0.083687 0.075913 -1.707779
v -0.101022 0.075879 -1.719734
v -0.122921 0.096506 -1.682979
v -0.168250 0.099279 -1.688397
v -0.084297 0.106770 -1.694736
v -0.073437 0.088140 -1.713005
v -0.075631 0.034871 -1.748168
v -0.052610 0.052837 -1.733061
v -0.121777 0.112325 -1.668844
v -0.154352 0.116100 -1.671968
v -0.084820 0.120396 -1.684760
v -0.076533 0.131319 -1.680176
v -0.136255 0.139361 -1.647728
v -0.110203 0.166117 -1.653433
v -0.164533 0.153362 -1.633760
v -0.134281 0.184998 -1.636696
v -0.160828 0.172364 -1.625415
v -0.188382 0.167864 -1.625365
v -0.193702 0.185765 -1.614424
v -0.169225 0.196722 -1.609786
v -0.150906 0.216721 -1.617933
v -0.159609 0.259386 -1.597915
v -0.206185 0.239865 -1.577605
v -0.196140 0.305959 -1.550631
v -0.151832 0.321867 -1.572340
v -0.181094 0.355575 -1.527279
v -0.150188 0.366421 -1.544647
v -0.159619 0.411465 -1.500556
v -0.179587 0.402591 -1.489184
v -0.198924 0.452425 -1.436972
v -0.205257 0.444020 -1.434735
v -0.205175 0.391341 -1.484999
v -0.216601 0.440459 -1.437275
v -0.248155 0.462301 -1.409531
v -0.223622 0.208312 -1.581234
v -0.246739 0.296661 -1.537854
v -0.259172 0.228105 -1.568608
v -0.218011 0.350606 -1.517472
v -0.245601 0.186641 -1.589964
v -0.229707 0.185278 -1.592860
v -0.223423 0.168736 -1.607658
v -0.226140 0.181317 -1.599916
v -0.214038 0.191196 -1.604257
v -0.194530 0.139450 -1.641593
v -0.159961 0.127958 -1.661027
v -0.198682 0.159632 -1.626512
v -0.216758 0.162044 -1.618878
v -0.164375 0.112649 -1.673125
v -0.163155 0.101053 -1.671853
v -0.193568 0.117881 -1.660404
v -0.043707 0.056403 -1.747192
v 0.109495 0.071600 -1.629580
v 0.100215 -0.011796 -1.666001
v 0.111304 0.074400 -1.634604
v 0.125781 0.092135 -1.612404
v 0.108683 0.032735 -1.634577
v 0.109495 0.071600 -1.629580
v 0.113903 0.070505 -1.620478
v 0.125781 0.092135 -1.612404
v 0.168250 0.099279 -1.688397
v 0.129739 0.109465 -1.699381
v 0.101022 0.075879 -1.719734
v 0.101786 0.090169 -1.726436
v 0.084297 0.106770 -1.694736
v 0.073437 0.088140 -1.713005
v 0.067638 0.055285 -1.765065
v 0.043707 0.056403 -1.747192
v 0.128584 0.124787 -1.684809
v 0.084820 0.120396 -1.684760
v 0.076533 0.131319 -1.680176
v 0.142888 0.150538 -1.662173
v 0.110203 0.166117 -1.653433
v 0.169344 0.160939 -1.643690
v 0.134281 0.184998 -1.636696
v 0.165660 0.179518 -1.634963
v 0.150905 0.216721 -1.617933
v 0.175613 0.205343 -1.621624
v 0.193701 0.185765 -1.614424
v 0.188382 0.167864 -1.625365
v 0.159609 0.259386 -1.597915
v 0.212421 0.247112 -1.588172
v 0.202321 0.312323 -1.559976
v 0.151832 0.321867 -1.572340
v 0.187087 0.361448 -1.535393
v 0.150188 0.366421 -1.544647
v 0.159619 0.411465 -1.500556
v 0.185205 0.407989 -1.495770
v 0.198924 0.452425 -1.436972
v 0.210261 0.448895 -1.439553
v 0.205175 0.391341 -1.484999
v 0.216600 0.440459 -1.437275
v 0.248155 0.462301 -1.409531
v 0.214038 0.191196 -1.604257
v 0.229860 0.215159 -1.594666
v 0.235754 0.190076 -1.600745
v 0.226140 0.181317 -1.599916
v 0.223423 0.168736 -1.607658
v 0.218010 0.350606 -1.517472
v 0.245601 0.186641 -1.589964
v 0.259172 0.228105 -1.568608
v 0.246739 0.296661 -1.537854
v 0.159961 0.127958 -1.661027
v 0.194530 0.139450 -1.641593
v 0.154352 0.116100 -1.671968
v 0.198681 0.159632 -1.626512
v 0.216758 0.162044 -1.618878
v 0.169517 0.112972 -1.686450
v 0.164375 0.112649 -1.673125
v 0.193567 0.117881 -1.660404
v 0.038554 0.031613 -1.783811
v 0.054677 0.010078 -1.777006
v 0.075631 0.034871 -1.748168
v -0.000000 0.026877 -1.781046
v 0.168250 0.099279 -1.688397
v 0.101022 0.075879 -1.719734
v 0.122921 0.096506 -1.682979
v 0.083687 0.075913 -1.707779
v 0.084297 0.106770 -1.694736
v 0.073437 0.088140 -1.713005
v 0.075631 0.034871 -1.748168
v 0.052610 0.052837 -1.733061
v 0.121777 0.112325 -1.668844
v 0.154352 0.116100 -1.671968
v 0.084820 0.120396 -1.684760
v 0.076533 0.131319 -1.680176
v 0.136255 0.139361 -1.647728
v 0.110203 0.166117 -1.653433
v 0.164533 0.153362 -1.633760
v 0.134281 0.184998 -1.636696
v 0.160828 0.172364 -1.625415
v 0.188382 0.167864 -1.625365
v 0.193701 0.185765 -1.614424
v 0.169225 0.196722 -1.609786
v 0.150905 0.216721 -1.617933
v 0.159609 0.259386 -1.597915
v 0.206185 0.239865 -1.577605
v 0.196140 0.305959 -1.550631
v 0.151832 0.321867 -1.572340
v 0.181094 0.355575 -1.527279
v 0.150188 0.366421 -1.544647
v 0.159619 0.411465 -1.500556
v 0.179587 0.402591 -1.489184
v 0.198924 0.452425 -1.436972
v 0.205257 0.444020 -1.434735
v 0.205175 0.391341 -1.484999
v 0.216600 0.440459 -1.437275
v 0.248155 0.462301 -1.409531
v 0.223622 0.208312 -1.581234
v 0.246739 0.296661 -1.537854
v 0.259172 0.228105 -1.568608
v 0.218010 0.350606 -1.517472
v 0.245601 0.186641 -1.589964
v 0.229707 0.185278 -1.592860
v 0.223423 0.168736 -1.607658
v 0.226140 0.181317 -1.599916
v 0.214038 0.191196 -1.604257
v 0.159961 0.127958 -1.661027
v 0.194530 0.139450 -1.641593
v 0.198681 0.159632 -1.626512
v 0.216758 0.162044 -1.618878
v 0.163154 0.101053 -1.671853
v 0.193567 0.117881 -1.660404
v 0.164375 0.112649 -1.673125
v 0.043707 0.056403 -1.747192
v -0.200244 0.305732 -1.575037
v -0.196164 0.316772 -1.570801
v -0.208526 0.311047 -1.568343
v -0.185710 0.313490 -1.577106
v -0.188986 0.303994 -1.580354
v -0.177318 0.299902 -1.586348
v -0.175697 0.325657 -1.575736
v -0.142349 0.338568 -1.585333
v -0.138606 0.334944 -1.588018
v -0.163084 0.297333 -1.591953
v -0.171967 0.293630 -1.590623
v -0.120249 0.330642 -1.596078
v -0.134288 0.343032 -1.587348
v -0.145598 0.285385 -1.600904
v -0.108143 0.308366 -1.604877
v -0.128200 0.266372 -1.610566
v -0.122095 0.268569 -1.611244
v -0.115925 0.270792 -1.611921
v -0.101470 0.276012 -1.613471
v -0.099795 0.293354 -1.610126
v -0.145571 0.272545 -1.605004
v -0.102592 0.322343 -1.603665
v -0.102666 0.340383 -1.600142
v -0.142490 0.261499 -1.609245
v -0.111393 0.264459 -1.614490
v -0.116472 0.259836 -1.614806
v -0.118165 0.253529 -1.616289
v -0.111149 0.252036 -1.617979
v -0.091479 0.236930 -1.625060
v -0.091995 0.260272 -1.618870
v -0.113407 0.241614 -1.620586
v -0.115410 0.238888 -1.621117
v -0.128145 0.234025 -1.620956
v -0.098507 0.219353 -1.629909
v -0.120573 0.240817 -1.619731
v -0.105753 0.213340 -1.631398
v -0.097826 0.205336 -1.635446
v -0.106159 0.205900 -1.634422
v -0.106816 0.182813 -1.645730
v -0.106664 0.174514 -1.650653
v -0.097873 0.171980 -1.652739
v -0.106441 0.165101 -1.656865
v -0.093381 0.164991 -1.657567
v -0.081658 0.141588 -1.676255
v -0.066974 0.146642 -1.672370
v -0.113925 0.179128 -1.647400
v -0.112165 0.190626 -1.641123
v -0.122066 0.193724 -1.638741
v -0.110910 0.206218 -1.633831
v -0.123006 0.207016 -1.632300
v -0.144642 0.221865 -1.623486
v -0.147073 0.228638 -1.620382
v -0.135956 0.237445 -1.618601
v -0.146386 0.238642 -1.616585
v -0.141593 0.207053 -1.630414
v -0.150413 0.219728 -1.623687
v -0.149928 0.207359 -1.629410
v -0.158317 0.213472 -1.625585
v -0.141865 0.201326 -1.633164
v -0.129045 0.200780 -1.634623
v -0.139007 0.196046 -1.636114
v -0.092533 0.126173 -1.690523
v -0.101655 0.130902 -1.685721
v -0.093443 0.123568 -1.693118
v -0.084229 0.124813 -1.691995
v -0.081565 0.118960 -1.697931
v -0.077605 0.128044 -1.688909
v -0.047603 0.128593 -1.688856
v -0.054552 0.109790 -1.707550
v -0.032891 0.101167 -1.716468
v -0.041927 0.097420 -1.720232
v -0.030239 0.080327 -1.731663
v -0.043588 0.078504 -1.733038
v -0.039039 0.055094 -1.752064
v -0.033398 0.067759 -1.740691
v -0.029575 0.061349 -1.747040
v -0.026470 0.045489 -1.761354
v -0.138731 0.425318 -1.580759
v -0.133797 0.430983 -1.590745
v -0.138389 0.446883 -1.590342
v -0.136873 0.446872 -1.593767
v -0.133413 0.415363 -1.585641
v -0.136848 0.403824 -1.579304
v -0.142500 0.409964 -1.572819
v -0.144374 0.393303 -1.570886
v -0.134941 0.389261 -1.580701
v -0.138638 0.381370 -1.577647
v -0.145799 0.384447 -1.570692
v -0.151994 0.384278 -1.564667
v -0.152835 0.392318 -1.561672
v -0.158188 0.386061 -1.557587
v -0.157694 0.380754 -1.560178
v -0.162428 0.368712 -1.561703
v -0.163834 0.388306 -1.550064
v -0.187918 0.367416 -1.538943
v -0.171711 0.360519 -1.560227
v -0.194878 0.342298 -1.555789
v -0.174473 0.345419 -1.566725
v -0.193329 0.326283 -1.566829
v -0.178396 0.329528 -1.572636
v -0.164244 0.347107 -1.571618
v -0.158597 0.343289 -1.576184
v -0.143935 0.352751 -1.579803
v -0.165665 0.396546 -1.543612
v -0.174644 0.395292 -1.529490
v -0.164410 0.419464 -1.534940
v -0.165521 0.430958 -1.522729
v -0.183429 0.287218 -1.589783
v -0.185597 0.293587 -1.586323
v -0.195031 0.282712 -1.588334
v -0.195476 0.293571 -1.583029
v -0.183062 0.280298 -1.592841
v -0.175038 0.292065 -1.590306
v -0.132942 0.403486 -1.583789
v -0.127326 0.397035 -1.588952
v -0.124929 0.387758 -1.590014
v -0.131772 0.381297 -1.583528
v -0.136580 0.371714 -1.580050
v -0.131700 0.369853 -1.583408
v -0.138087 0.360820 -1.579999
v 0.208526 0.311047 -1.568343
v 0.196163 0.316772 -1.570801
v 0.200244 0.305732 -1.575037
v 0.185709 0.313490 -1.577106
v 0.188986 0.303994 -1.580354
v 0.177318 0.299902 -1.586348
v 0.175697 0.325657 -1.575736
v 0.142349 0.338568 -1.585333
v 0.138606 0.334944 -1.588018
v 0.163084 0.297333 -1.591953
v 0.171967 0.293630 -1.590623
v 0.120249 0.330642 -1.596078
v 0.134288 0.343032 -1.587348
v 0.145597 0.285385 -1.600904
v 0.108143 0.308366 -1.604877
v 0.128200 0.266372 -1.610566
v 0.122095 0.268569 -1.611244
v 0.115925 0.270792 -1.611921
v 0.101470 0.276012 -1.613471
v 0.099795 0.293354 -1.610126
v 0.145571 0.272545 -1.605004
v 0.102592 0.322343 -1.603665
v 0.102666 0.340383 -1.600142
v 0.142490 0.261499 -1.609245
v 0.111393 0.264459 -1.614490
v 0.116471 0.259836 -1.614806
v 0.118164 0.253529 -1.616289
v 0.111149 0.252036 -1.617979
v 0.091479 0.236930 -1.625060
v 0.113407 0.241614 -1.620586
v 0.115410 0.238888 -1.621117
v 0.128145 0.234025 -1.620956
v 0.098507 0.219353 -1.629909
v 0.120573 0.240817 -1.619731
v 0.105752 0.213340 -1.631398
v 0.097825 0.205336 -1.635446
v 0.106158 0.205900 -1.634422
v 0.106815 0.182813 -1.645730
v 0.106664 0.174514 -1.650653
v 0.097873 0.171980 -1.652739
v 0.106441 0.165101 -1.656865
v 0.093380 0.164991 -1.657567
v 0.081658 0.141588 -1.676255
v 0.066973 0.146642 -1.672370
v 0.113925 0.179128 -1.647400
v 0.112164 0.190626 -1.641123
v 0.122066 0.193724 -1.638741
v 0.110909 0.206218 -1.633831
v 0.123006 0.207016 -1.632300
v 0.144641 0.221865 -1.623486
v 0.147073 0.228638 -1.620382
v 0.135956 0.237445 -1.618601
v 0.146386 0.238642 -1.616585
v 0.141593 0.207053 -1.630414
v 0.150413 0.219728 -1.623687
v 0.149928 0.207359 -1.629410
v 0.158317 0.213472 -1.625585
v 0.141865 0.201326 -1.633164
v 0.129045 0.200780 -1.634623
v 0.139006 0.196046 -1.636114
v 0.093442 0.123568 -1.693118
v 0.101655 0.130902 -1.685721
v 0.092532 0.126173 -1.690523
v 0.084228 0.124813 -1.691995
v 0.081565 0.118960 -1.697931
v 0.077604 0.128044 -1.688909
v 0.047602 0.128593 -1.688856
v 0.054551 0.109790 -1.707550
v 0.032891 0.101167 -1.716468
v 0.041927 0.097420 -1.720232
v 0.030238 0.080327 -1.731663
v 0.043588 0.078504 -1.733038
v 0.039039 0.055094 -1.752064
v 0.033397 0.067759 -1.740691
v 0.029574 0.061349 -1.747040
v 0.026470 0.045489 -1.761354
v 0.136873 0.446872 -1.593767
v 0.133796 0.430983 -1.590745
v 0.138388 0.446883 -1.590342
v 0.138731 0.425318 -1.580759
v 0.133412 0.415363 -1.585641
v 0.136848 0.403824 -1.579304
v 0.142500 0.409964 -1.572819
v 0.144374 0.393303 -1.570886
v 0.134941 0.389261 -1.580701
v 0.138638 0.381370 -1.577647
v 0.145799 0.384447 -1.570692
v 0.151994 0.384278 -1.564667
v 0.152835 0.392318 -1.561672
v 0.158188 0.386061 -1.557587
v 0.157694 0.380754 -1.560178
v 0.162428 0.368712 -1.561703
v 0.163834 0.388306 -1.550064
v 0.187918 0.367416 -1.538943
v 0.171710 0.360519 -1.560227
v 0.194878 0.342298 -1.555789
v 0.174473 0.345419 -1.566725
v 0.193329 0.326283 -1.566829
v 0.178396 0.329528 -1.572636
v 0.164244 0.347107 -1.571618
v 0.158597 0.343289 -1.576184
v 0.143935 0.352751 -1.579803
v 0.165665 0.396546 -1.543612
v 0.174644 0.395292 -1.529490
v 0.164410 0.419464 -1.534940
v 0.165520 0.430958 -1.522729
v 0.195475 0.293571 -1.583029
v 0.185597 0.293587 -1.586323
v 0.195031 0.282712 -1.588334
v 0.183429 0.287218 -1.589783
v 0.183062 0.280298 -1.592841
v 0.175038 0.292065 -1.590306
v 0.132942 0.403486 -1.583789
v 0.127326 0.397035 -1.588952
v 0.124928 0.387758 -1.590014
v 0.131772 0.381297 -1.583528
v 0.136579 0.371714 -1.580050
v 0.131700 0.369853 -1.583408
v 0.138087 0.360820 -1.579999
v 0.091995 0.260272 -1.618870
v -0.179171 0.247422 -1.120464
v -0.161592 0.219470 -1.121327
v -0.155716 0.245937 -1.030389
v -0.142426 0.212462 -1.037812
v -0.089903 0.245937 -0.964576
v -0.082701 0.210551 -0.977048
v -0.000000 0.245937 -0.940486
v -0.000000 0.210551 -0.954889
v -0.136457 0.229750 -1.205221
v -0.153106 0.252046 -1.210904
v -0.077182 0.240307 -1.266987
v -0.086806 0.255739 -1.277145
v -0.000000 0.244789 -1.289667
v -0.000000 0.257639 -1.301455
v 0.142426 0.212462 -1.037812
v 0.161591 0.219470 -1.121327
v 0.155716 0.245937 -1.030389
v 0.179170 0.247422 -1.120464
v 0.089902 0.245937 -0.964576
v 0.082701 0.210551 -0.977048
v -0.000000 0.245937 -0.940486
v -0.000000 0.210551 -0.954889
v 0.136457 0.229750 -1.205221
v 0.153105 0.252046 -1.210904
v 0.077182 0.240307 -1.266987
v 0.086805 0.255739 -1.277145
v -0.000000 0.244789 -1.289667
v -0.000000 0.257639 -1.301455
v 0.001239 0.067206 -0.981867
v 0.001250 0.083726 -0.967077
v 0.001226 0.087751 -0.998482
v 0.001243 0.048994 -0.981777
v 0.001210 0.081420 -1.021963
v 0.001198 0.090698 -1.036577
v 0.001253 0.051181 -0.963275
v 0.001288 0.047610 -0.921492
v 0.001256 0.064584 -0.957753
v 0.001286 0.085429 -0.933629
v 0.001300 0.072575 -0.917642
v 0.001311 0.103767 -0.908215
v 0.001284 0.024598 -0.922411
v 0.001295 0.037692 -0.913993
v 0.001311 0.050819 -0.888923
v 0.001312 0.022981 -0.841104
v 0.001311 0.090850 -0.853286
v 0.001311 0.073374 -0.814168
v 0.001311 0.046589 -0.814058
v 0.001307 0.039307 -0.796542
v 0.001297 0.021129 -0.772862
v 0.001301 0.064385 -0.775079
v 0.001288 0.113994 -0.723615
v 0.001275 0.103896 -0.697185
v 0.001268 0.173669 -0.648027
v 0.001271 0.074056 -0.697576
v 0.001262 0.078245 -0.674962
v 0.001256 0.063433 -0.663050
v 0.001254 0.115233 -0.644695
v 0.001311 0.117073 -0.797018
v 0.001237 0.185415 -0.579363
v 0.001220 0.197509 -0.540934
v 0.001218 0.248530 -0.502436
v 0.001218 0.170463 -0.549307
v 0.001214 0.143402 -0.549314
v 0.001201 0.196536 -0.504134
v 0.001179 0.217274 -0.448266
v 0.001190 0.239140 -0.460457
v 0.001222 0.215517 -0.003151
v 0.001236 0.166827 0.051800
v 0.001255 0.172467 0.091982
v 0.001189 0.193836 -0.060922
v 0.001224 0.149535 0.034982
v 0.001190 0.233830 -0.076769
v 0.001222 0.124513 0.034788
v 0.001228 0.129997 0.049815
v 0.001252 0.060747 0.123558
v 0.001249 0.105946 0.105953
v 0.001275 0.110164 0.167122
v 0.001289 0.080456 0.211713
v 0.001307 0.108590 0.251873
v 0.001252 0.060747 0.123558
v 0.001283 0.053794 0.203324
v 0.001249 0.105946 0.105953
v 0.001281 0.019397 0.203611
v 0.001287 0.037887 0.218012
v 0.001309 0.006749 0.281081
v 0.001304 0.044587 0.260571
v 0.001311 0.105302 0.325728
v 0.001311 0.107710 0.365376
v 0.001311 0.162975 0.409819
v 0.001309 0.006749 0.281081
v 0.001311 0.072832 0.348047
v 0.001304 0.044587 0.260571
v 0.001312 0.035811 0.339566
v 0.001311 0.070565 0.363338
v 0.001312 0.067541 0.402484
v 0.001311 0.104610 0.404123
v 0.001311 0.176994 0.459107
v 0.001311 0.185742 0.484728
v 0.001311 0.248475 0.525383
v 0.001312 0.067541 0.402484
v 0.001311 0.153918 0.475040
v 0.001311 0.104610 0.404123
v 0.001312 0.119058 0.472426
v 0.001311 0.162147 0.493128
v 0.001312 0.191507 0.551151
v 0.001311 0.208375 0.535860
v 0.001311 0.295552 0.595276
v 0.001311 0.320524 0.635358
v 0.001311 0.377024 0.685149
v 0.001312 0.191507 0.551151
v 0.001311 0.294832 0.630158
v 0.001311 0.208375 0.535860
v 0.001312 0.264055 0.629740
v 0.001311 0.302131 0.648373
v 0.001312 0.326898 0.713585
v 0.001311 0.347835 0.698102
v 0.001311 0.406649 0.765167
v 0.001311 0.404884 0.804797
v 0.001311 0.424170 0.857102
v 0.001312 0.326898 0.713585
v 0.001311 0.383612 0.798995
v 0.001311 0.347835 0.698102
v 0.001312 0.358623 0.798605
v 0.001311 0.377368 0.819054
v 0.001312 0.347465 0.904338
v 0.001311 0.381127 0.892741
v 0.001185 0.292802 -0.401928
v 0.001167 0.305233 -0.344788
v 0.001178 0.329669 -0.305225
v 0.001179 0.217274 -0.448266
v 0.001159 0.287337 -0.353528
v 0.001190 0.239140 -0.460457
v 0.001150 0.265335 -0.353739
v 0.001151 0.288189 -0.329640
v 0.001141 0.277366 -0.250296
v 0.001152 0.303142 -0.278972
v 0.001171 0.314268 -0.207845
v 0.001177 0.283686 -0.145289
v 0.001197 0.281659 -0.104936
v 0.001141 0.277366 -0.250296
v 0.001167 0.271007 -0.154238
v 0.001152 0.303142 -0.278972
v 0.001160 0.248069 -0.155339
v 0.001170 0.253002 -0.132392
v 0.001189 0.193836 -0.060922
v 0.001190 0.233830 -0.076769
v 0.001311 0.379488 0.960310
v 0.001311 0.343053 1.000296
v 0.001311 0.333758 1.045654
v 0.001312 0.347465 0.904338
v 0.001311 0.330088 0.989216
v 0.001311 0.381127 0.892741
v 0.001312 0.294016 1.007797
v 0.001311 0.294163 1.025656
v 0.001312 0.211125 1.118402
v 0.001311 0.244277 1.117689
v 0.001311 0.218312 1.189334
v 0.001311 0.179415 1.218178
v 0.001311 0.173514 1.259775
v 0.001312 0.211125 1.118402
v 0.001311 0.155915 1.215445
v 0.001311 0.244277 1.117689
v 0.001312 0.129862 1.217236
v 0.001311 0.126385 1.238674
v 0.001312 0.053880 1.315602
v 0.001311 0.082379 1.315074
v 0.001311 0.074576 1.385570
v 0.001311 0.051102 1.411739
v 0.001311 0.067520 1.438774
v 0.001312 0.053880 1.315602
v 0.001311 0.032586 1.408176
v 0.001311 0.082379 1.315074
v 0.001312 -0.000330 1.408358
v 0.001311 0.009270 1.427865
v 0.001311 0.001675 1.497125
v 0.001310 0.034915 1.497833
v 0.001310 0.087179 1.546163
v 0.001309 0.081477 1.566544
v 0.001309 0.121203 1.592775
v 0.001311 0.001675 1.497125
v 0.001309 0.066178 1.566019
v 0.001310 0.034915 1.497833
v 0.001310 0.040626 1.566492
v 0.001309 0.064168 1.576802
v 0.001309 0.079284 1.629495
v 0.001309 0.095856 1.621684
v 0.001308 0.142265 1.673848
v 0.001308 0.131347 1.691032
v 0.001308 0.164959 1.717752
v 0.001308 0.121094 1.692478
v 0.001309 0.110094 1.691240
v 0.001308 0.127761 1.747838
v -0.079298 0.125409 -1.173737
v -0.078159 0.139247 -1.185120
v -0.079617 0.112521 -1.211828
v -0.081709 0.126020 -1.106303
v -0.080694 0.154805 -1.120576
v -0.094861 0.088864 -1.005741
v -0.094701 0.127672 -1.017815
v -0.120716 0.112998 -0.879725
v -0.120171 0.156344 -0.890367
v -0.165144 0.149714 -0.729796
v -0.164482 0.192328 -0.735372
v -0.202733 0.194460 -0.582310
v -0.204106 0.233046 -0.584864
v -0.225700 0.242225 -0.424435
v -0.227834 0.276795 -0.431355
v -0.225095 0.278777 -0.266679
v -0.229350 0.312374 -0.289852
v -0.203904 0.345081 -0.201455
v -0.208291 0.296896 -0.157996
v -0.133693 0.338910 -0.084757
v -0.135466 0.389668 -0.139072
v 0.000000 0.409676 -0.075401
v 0.000000 0.392633 -0.047933
v 0.000000 0.445261 -0.084647
v 0.000000 0.464967 -0.101031
v 0.078159 0.139247 -1.185120
v 0.079297 0.125409 -1.173737
v 0.079617 0.112521 -1.211828
v 0.081709 0.126020 -1.106303
v 0.080694 0.154805 -1.120576
v 0.094861 0.088864 -1.005741
v 0.094701 0.127672 -1.017815
v 0.120716 0.112998 -0.879725
v 0.120171 0.156344 -0.890367
v 0.165143 0.149714 -0.729796
v 0.164482 0.192328 -0.735372
v 0.202733 0.194460 -0.582310
v 0.204106 0.233046 -0.584864
v 0.225700 0.242225 -0.424435
v 0.227834 0.276795 -0.431355
v 0.225095 0.278777 -0.266679
v 0.229350 0.312374 -0.289852
v 0.203904 0.345081 -0.201455
v 0.208291 0.296896 -0.157996
v 0.133693 0.338910 -0.084757
v 0.135466 0.389668 -0.139072
v 0.000000 0.409676 -0.075401
v 0.000000 0.392633 -0.047933
v 0.000000 0.445261 -0.084647
v 0.000000 0.464967 -0.101031
v 0.431541 -0.095277 0.559921
v 0.431557 -0.105793 0.559963
v 0.430574 -0.089559 0.553212
v 0.428277 -0.100868 0.537083
v 0.429222 -0.091896 0.543755
v 0.429261 -0.117160 0.543842
v 0.428294 -0.111311 0.537116
v 0.430612 -0.114896 0.553309
v 0.434707 -0.154433 0.577585
v 0.432370 -0.177870 0.561445
v 0.434795 -0.128072 0.577875
v 0.428996 -0.183454 0.537725
v 0.432360 -0.113738 0.560635
v 0.426561 -0.168390 0.520384
v 0.428871 -0.119079 0.536196
v 0.426534 -0.141770 0.519954
v 0.438326 -0.122535 0.602624
v 0.432446 -0.087912 0.561033
v 0.440663 -0.099138 0.618770
v 0.434783 -0.065118 0.577262
v 0.434795 -0.128072 0.577875
v 0.432360 -0.113738 0.560635
v 0.438159 -0.058924 0.600863
v 0.440594 -0.072682 0.618026
v 0.432446 -0.087912 0.561033
v 0.428957 -0.093453 0.536622
v 0.434783 -0.065118 0.577262
v 0.426523 -0.079870 0.519484
v 0.426566 -0.055337 0.519722
v 0.434712 -0.039570 0.576677
v 0.428903 -0.033425 0.536070
v 0.432277 -0.026858 0.559657
v 0.426534 -0.141770 0.519954
v 0.420699 -0.106862 0.478625
v 0.428871 -0.119079 0.536196
v 0.423036 -0.085257 0.495016
v 0.423204 -0.146961 0.496516
v 0.420768 -0.132292 0.479229
v 0.426523 -0.079870 0.519484
v 0.428957 -0.093453 0.536622
v -0.431540 -0.095277 0.559921
v -0.430574 -0.089559 0.553212
v -0.431557 -0.105793 0.559964
v -0.428277 -0.100868 0.537083
v -0.429222 -0.091896 0.543756
v -0.429261 -0.117160 0.543842
v -0.428293 -0.111311 0.537116
v -0.430612 -0.114896 0.553309
v -0.434707 -0.154433 0.577585
v -0.434795 -0.128072 0.577876
v -0.432370 -0.177870 0.561445
v -0.428996 -0.183454 0.537725
v -0.432359 -0.113738 0.560635
v -0.426561 -0.168390 0.520384
v -0.428871 -0.119079 0.536196
v -0.426534 -0.141770 0.519954
v -0.438326 -0.122535 0.602624
v -0.440663 -0.099138 0.618770
v -0.432446 -0.087912 0.561034
v -0.434783 -0.065118 0.577262
v -0.434795 -0.128072 0.577876
v -0.432359 -0.113738 0.560635
v -0.438159 -0.058924 0.600863
v -0.440594 -0.072682 0.618026
v -0.432446 -0.087912 0.561034
v -0.434783 -0.065118 0.577262
v -0.428957 -0.093453 0.536622
v -0.426522 -0.079870 0.519484
v -0.426566 -0.055337 0.519722
v -0.434712 -0.039570 0.576678
v -0.428903 -0.033425 0.536070
v -0.432277 -0.026858 0.559657
v -0.426534 -0.141770 0.519954
v -0.428871 -0.119079 0.536196
v -0.420699 -0.106862 0.478625
v -0.423036 -0.085257 0.495016
v -0.423203 -0.146961 0.496516
v -0.420768 -0.132292 0.479230
v -0.426522 -0.079870 0.519484
v -0.428957 -0.093453 0.536622
v 0.129206 0.047606 -1.202499
v 0.131780 0.022339 -1.203985
v 0.111439 0.038651 -1.258186
v 0.162964 -0.031519 -1.118429
v 0.160713 0.000516 -1.118100
v 0.194460 -0.072349 -1.019791
v 0.195913 -0.106298 -1.019422
v 0.237949 -0.133912 -0.867934
v 0.237949 -0.098565 -0.867934
v 0.258918 -0.100811 -0.758714
v 0.259023 -0.139439 -0.758703
v 0.272031 -0.067694 -0.608777
v 0.272444 -0.115410 -0.608670
v 0.293400 -0.049466 -0.345606
v 0.292417 0.025412 -0.345958
v 0.333206 -0.027194 -0.072586
v 0.334321 -0.112473 -0.072290
v 0.357758 -0.071635 0.039702
v 0.358740 -0.151156 0.039851
v 0.383579 -0.097398 0.200898
v 0.383594 -0.175528 0.200900
v 0.421683 -0.137766 0.485018
v 0.421682 -0.100402 0.484833
v 0.474966 -0.039798 0.826609
v 0.474967 -0.094906 0.827311
v 0.452990 -0.054558 0.707204
v 0.452991 -0.091789 0.707671
v 0.496954 -0.130354 1.022980
v 0.496952 -0.049900 1.022211
v 0.529983 -0.076266 1.272206
v 0.529984 -0.179992 1.272255
v 0.568685 -0.061700 1.531378
v 0.569836 -0.189609 1.531288
v 0.608949 -0.122982 1.781000
v 0.609314 -0.188898 1.780288
v 0.608709 -0.061338 1.805648
v 0.068969 -0.185300 -1.747411
v 0.061512 -0.170312 -1.762435
v 0.078329 -0.204683 -1.752226
v 0.069952 -0.176801 -1.781107
v 0.105000 -0.261077 -1.698339
v 0.086864 -0.250225 -1.686135
v 0.055288 -0.270360 -1.664561
v 0.044481 -0.259077 -1.663909
v 0.058244 -0.252343 -1.625407
v 0.048070 -0.239821 -1.625792
v 0.059957 -0.234692 -1.585461
v 0.049468 -0.221189 -1.585754
v 0.060626 -0.218574 -1.529277
v 0.047135 -0.201957 -1.525710
v 0.056002 -0.228326 -1.482697
v 0.042569 -0.210546 -1.477936
v 0.025505 -0.249733 -1.419892
v 0.033589 -0.256552 -1.424877
v 0.024594 -0.262861 -1.411831
v -0.068970 -0.185300 -1.747411
v -0.078329 -0.204683 -1.752226
v -0.061512 -0.170312 -1.762435
v -0.069952 -0.176801 -1.781107
v -0.105000 -0.261077 -1.698339
v -0.086864 -0.250225 -1.686135
v -0.055288 -0.270360 -1.664561
v -0.044482 -0.259077 -1.663909
v -0.058244 -0.252343 -1.625407
v -0.048070 -0.239821 -1.625792
v -0.059957 -0.234692 -1.585461
v -0.049468 -0.221189 -1.585754
v -0.060626 -0.218574 -1.529277
v -0.047135 -0.201957 -1.525710
v -0.056002 -0.228326 -1.482697
v -0.042570 -0.210546 -1.477936
v -0.025505 -0.249733 -1.419892
v -0.033589 -0.256552 -1.424877
v -0.024594 -0.262861 -1.411831
v -0.038432 -0.096268 -1.866763
v -0.028715 -0.078901 -1.872379
v -0.041147 -0.085836 -1.840255
v -0.027272 -0.073364 -1.845166
v -0.034762 -0.103136 -1.893150
v -0.011344 -0.054700 -1.855016
v -0.014429 -0.066865 -1.880552
v -0.029089 -0.064686 -1.827953
v -0.045890 -0.073977 -1.819365
v -0.018724 -0.055155 -1.844149
v -0.026419 -0.053460 -1.832011
v -0.000000 -0.053660 -1.861129
v -0.000000 -0.062550 -1.886665
v -0.042057 -0.093402 -1.836559
v -0.038041 -0.103933 -1.865103
v -0.045920 -0.085479 -1.815045
v -0.048622 -0.083238 -1.803556
v -0.056628 -0.069200 -1.791000
v -0.057958 -0.077257 -1.779652
v -0.061438 -0.090420 -1.774144
v -0.049974 -0.090076 -1.798259
v -0.074685 -0.054644 -1.749890
v -0.073365 -0.074490 -1.745183
v -0.064991 -0.125035 -1.743026
v -0.044224 -0.095237 -1.813014
v -0.048135 -0.120915 -1.790907
v -0.040140 -0.119844 -1.838843
v -0.039864 -0.100918 -1.844974
v -0.036593 -0.121538 -1.868037
v -0.035398 -0.111085 -1.871524
v -0.035483 -0.116832 -1.896205
v -0.036969 -0.125917 -1.894274
v -0.024095 -0.136517 -1.915402
v -0.024863 -0.123289 -1.922569
v -0.000000 -0.137566 -1.921772
v -0.000000 -0.121052 -1.930500
v -0.028591 -0.159960 -1.895807
v -0.000000 -0.157380 -1.924437
v -0.021219 -0.179285 -1.914178
v -0.000000 -0.177021 -1.939559
v -0.000000 -0.195787 -1.951009
v -0.013088 -0.196247 -1.939113
v -0.000000 -0.220297 -1.953385
v -0.051644 -0.165770 -1.869668
v -0.047010 -0.146034 -1.861240
v -0.059097 -0.164032 -1.863247
v -0.070526 -0.191237 -1.858822
v -0.052334 -0.183978 -1.889262
v -0.041495 -0.178156 -1.902708
v -0.045620 -0.195963 -1.913811
v -0.054054 -0.142652 -1.838562
v -0.064073 -0.157323 -1.829695
v -0.070717 -0.176420 -1.781283
v -0.084818 -0.206340 -1.807197
v -0.087583 -0.200433 -1.787627
v -0.059871 -0.162902 -1.858348
v -0.062723 -0.158024 -1.838873
v -0.069271 -0.181506 -1.842719
v -0.070190 -0.186538 -1.851100
v -0.077598 -0.206101 -1.833117
v -0.087457 -0.242085 -1.790781
v -0.090222 -0.242203 -1.780266
v -0.086200 -0.295801 -1.757019
v -0.093053 -0.208179 -1.772342
v -0.062277 -0.169930 -1.762611
v -0.087574 -0.162333 -1.741977
v -0.069734 -0.184918 -1.747587
v -0.079094 -0.204301 -1.752402
v -0.105765 -0.260695 -1.698516
v -0.087629 -0.249843 -1.686311
v -0.055663 -0.270277 -1.664753
v -0.044856 -0.258994 -1.664101
v -0.058619 -0.252260 -1.625600
v -0.048445 -0.239737 -1.625984
v -0.060332 -0.234609 -1.585654
v -0.053857 -0.417721 -1.099968
v -0.064921 -0.383559 -1.054896
v -0.051348 -0.367902 -1.061337
v -0.056377 -0.228242 -1.482890
v -0.042944 -0.210463 -1.478129
v -0.025880 -0.249599 -1.420105
v -0.033961 -0.256416 -1.425091
v -0.024974 -0.262704 -1.412053
v -0.021659 -0.045961 -1.851156
v -0.009627 -0.048769 -1.858810
v -0.028540 -0.042825 -1.841532
v -0.035341 -0.031421 -1.841257
v -0.011639 -0.043644 -1.856268
v -0.000000 -0.049290 -1.862478
v -0.000000 -0.042023 -1.859820
v -0.017765 -0.027495 -1.847787
v -0.043058 -0.018762 -1.818203
v -0.022259 -0.012858 -1.830677
v -0.000000 -0.025115 -1.852971
v -0.000000 -0.009615 -1.839297
v -0.027003 0.001362 -1.812031
v -0.000000 -0.001214 -1.811986
v -0.000000 0.026877 -1.781046
v -0.038554 0.031613 -1.783811
v -0.054677 0.010078 -1.777006
v -0.050751 -0.008092 -1.792561
v -0.046817 -0.034326 -1.789100
v -0.044420 -0.028170 -1.807289
v -0.035655 -0.038295 -1.829665
v -0.034555 -0.044370 -1.824242
v -0.042231 -0.038891 -1.807442
v -0.042487 -0.044454 -1.807760
v -0.037257 -0.049962 -1.820652
v -0.064080 -0.011340 -1.768871
v -0.057392 -0.035395 -1.756584
v -0.042979 -0.049013 -1.805416
v -0.050941 -0.059439 -1.798242
v -0.039033 -0.063531 -1.818404
v -0.080732 -0.020486 -1.724218
v -0.036711 -0.057088 -1.820332
v -0.082380 -0.045807 -1.717231
v -0.084905 0.007184 -1.743174
v -0.070245 0.020907 -1.746577
v -0.075631 0.034871 -1.748168
v -0.085356 0.031933 -1.695990
v -0.100216 -0.011796 -1.666001
v -0.115164 0.041647 -1.649243
v -0.118234 0.072980 -1.626381
v -0.113904 0.070505 -1.620478
v -0.108683 0.032735 -1.634577
v -0.107711 -0.000262 -1.662595
v -0.111304 0.074400 -1.634604
v -0.052610 0.055496 -1.734489
v -0.049447 0.073148 -1.688106
v -0.000000 0.099116 -1.703955
v -0.044709 0.118511 -1.618014
v -0.000000 0.146989 -1.627410
v -0.043303 0.136006 -1.561030
v -0.000000 0.167902 -1.568703
v -0.043707 0.056403 -1.747192
v -0.000000 0.026877 -1.781046
v -0.109495 0.071600 -1.629580
v -0.105422 0.024475 -1.612384
v -0.108467 -0.028231 -1.613817
v -0.090805 -0.040487 -1.680578
v -0.119409 -0.056040 -1.606412
v -0.127637 -0.030354 -1.534948
v -0.131424 -0.063712 -1.544260
v -0.115587 -0.081958 -1.596789
v -0.134166 -0.094498 -1.542818
v -0.141476 -0.063904 -1.488994
v -0.142851 -0.090185 -1.488340
v -0.152372 -0.069878 -1.445564
v -0.152014 -0.082197 -1.445516
v -0.184873 -0.095432 -1.393603
v -0.139908 -0.041613 -1.493602
v -0.157237 -0.033402 -1.432992
v -0.093084 -0.074047 -1.681099
v -0.122793 -0.103074 -1.605892
v -0.097638 -0.089147 -1.684177
v -0.083781 -0.070992 -1.710423
v -0.131690 -0.096860 -1.558379
v -0.129969 -0.113600 -1.557029
v -0.119348 -0.123350 -1.560962
v -0.107502 -0.120438 -1.611168
v -0.137474 -0.114410 -1.525708
v -0.120452 -0.139849 -1.528141
v -0.104172 -0.116841 -1.669173
v -0.103271 -0.104071 -1.690189
v -0.098903 -0.094975 -1.720416
v -0.094926 -0.105280 -1.709224
v -0.100745 -0.125226 -1.683443
v -0.090800 -0.119215 -1.709212
v -0.112032 -0.137057 -1.609115
v -0.111228 -0.146623 -1.634309
v -0.119657 -0.160980 -1.589421
v -0.126060 -0.189170 -1.564827
v -0.131658 -0.197507 -1.566757
v -0.125928 -0.175357 -1.562998
v -0.123355 -0.152896 -1.563306
v -0.120995 -0.158842 -1.573977
v -0.141899 -0.219298 -1.514447
v -0.143516 -0.223873 -1.517312
v -0.155424 -0.244340 -1.448260
v -0.130933 -0.189655 -1.542724
v -0.131776 -0.180165 -1.532527
v -0.137228 -0.207828 -1.519604
v -0.141941 -0.214592 -1.500280
v -0.081989 -0.113890 -1.732039
v -0.088310 -0.104087 -1.736967
v -0.074130 -0.082517 -1.748801
v -0.088112 -0.080174 -1.730849
v -0.075097 -0.110091 -1.753019
v -0.083618 -0.102764 -1.754009
v -0.059304 -0.089346 -1.783331
v -0.056587 -0.095948 -1.784139
v -0.057958 -0.077257 -1.779652
v -0.078224 -0.068828 -1.739311
v -0.099989 0.020133 -1.688339
v -0.020715 -0.112742 -1.928559
v -0.015683 -0.117485 -1.923271
v -0.000000 -0.115412 -1.936489
v -0.000000 -0.119243 -1.931714
v -0.021594 -0.105574 -1.929886
v -0.000000 -0.108491 -1.937163
v -0.035671 -0.104285 -1.919504
v -0.032302 -0.113914 -1.916993
v -0.032510 -0.082210 -1.903699
v -0.034518 -0.084770 -1.925908
v -0.027025 -0.087693 -1.940641
v -0.017867 -0.073884 -1.937461
v -0.016108 -0.088192 -1.944440
v -0.006291 -0.099521 -1.943045
v -0.010268 -0.075564 -1.958242
v -0.016345 -0.068916 -1.914744
v -0.000000 -0.062562 -1.921939
v -0.000000 -0.066294 -1.946802
v -0.034804 -0.110956 -1.890085
v -0.000000 -0.069485 -1.958981
v -0.000000 -0.075913 -1.962239
v -0.000000 -0.091055 -1.953874
v -0.008231 -0.090663 -1.952200
v -0.000000 -0.099625 -1.943929
v -0.039864 -0.100918 -1.844974
v -0.035398 -0.111085 -1.871524
v -0.000000 -0.112853 -1.839769
v -0.000000 -0.119835 -1.867215
v -0.044224 -0.095237 -1.813014
v -0.000000 -0.110536 -1.804848
v -0.000000 -0.123472 -1.893035
v -0.035483 -0.116832 -1.896205
v -0.000000 -0.121052 -1.930500
v -0.024863 -0.123289 -1.922569
v -0.000000 -0.104769 -1.775486
v -0.049974 -0.090076 -1.798259
v -0.048622 -0.083238 -1.803556
v -0.049974 -0.090076 -1.798259
v -0.000000 -0.075265 -1.808242
v -0.000000 -0.087038 -1.779342
v -0.045920 -0.085479 -1.815045
v -0.000000 -0.095311 -1.870212
v -0.042057 -0.093402 -1.836559
v -0.038041 -0.103933 -1.865103
v -0.034804 -0.110956 -1.890085
v -0.000000 -0.107384 -1.898136
v -0.032302 -0.113914 -1.916993
v -0.000000 -0.109094 -1.918558
v -0.015683 -0.117485 -1.923271
v -0.000000 -0.119243 -1.931714
v -0.000000 -0.104769 -1.775486
v -0.130879 -0.218101 -1.676811
v -0.078733 -0.147010 -1.710588
v -0.088937 -0.129817 -1.675369
v -0.102377 -0.176139 -1.670826
v -0.107664 -0.191065 -1.698839
v -0.116160 -0.209535 -1.643234
v -0.111864 -0.200609 -1.637021
v -0.124439 -0.235385 -1.601817
v -0.107035 -0.194942 -1.631041
v -0.117054 -0.212705 -1.612737
v -0.096135 -0.162401 -1.647141
v -0.135482 0.029150 -1.452385
v -0.140569 0.035938 -1.419659
v -0.137507 0.018220 -1.453523
v -0.134002 0.001212 -1.492664
v -0.131787 0.016148 -1.491847
v -0.125237 -0.020762 -1.536590
v -0.120057 0.004107 -1.549868
v -0.110982 0.043936 -1.549802
v -0.095281 0.097720 -1.551819
v -0.117040 0.071102 -1.488726
v -0.110105 0.103889 -1.481171
v -0.135900 0.113388 -1.435734
v -0.119764 0.058194 -1.489505
v -0.122617 0.111579 -1.428093
v -0.123528 0.040553 -1.490537
v -0.133170 0.021527 -1.491451
v -0.132470 0.050988 -1.452025
v -0.139852 0.044260 -1.449157
v -0.128454 0.102271 -1.413718
v -0.131084 0.092629 -1.409578
v -0.143374 0.138044 -1.347742
v -0.142846 0.143307 -1.347968
v -0.154285 0.156885 -1.314381
v -0.143577 0.079088 -1.408260
v -0.101884 0.123265 -1.477322
v -0.077525 0.142659 -1.474245
v -0.049936 0.169774 -1.462024
v -0.099891 0.174214 -1.430782
v -0.078856 0.184413 -1.428552
v -0.113584 0.170113 -1.431283
v -0.141095 0.153586 -1.431638
v -0.164786 0.160476 -1.375092
v -0.168543 0.182947 -1.384001
v -0.191823 0.202079 -1.327122
v -0.193757 0.220107 -1.335008
v -0.126771 0.193974 -1.394202
v -0.028227 0.180069 -1.476236
v -0.042406 0.203455 -1.426424
v -0.029696 0.211267 -1.425214
v -0.110782 0.208490 -1.389058
v -0.089197 0.216616 -1.393394
v -0.117562 0.245822 -1.360504
v -0.088501 0.253479 -1.367617
v -0.102208 0.299935 -1.334950
v -0.045511 0.246064 -1.391144
v -0.222831 0.247656 -1.302884
v -0.222325 0.262400 -1.309882
v -0.230410 0.291331 -1.282528
v -0.230160 0.296102 -1.285568
v -0.241132 0.311386 -1.271932
v -0.240560 0.316741 -1.278408
v -0.245242 0.318144 -1.274026
v -0.000000 0.178573 -1.502218
v -0.019950 0.210454 -1.462494
v -0.000000 0.210696 -1.465762
v -0.000000 0.267108 -1.420903
v -0.135050 -0.023234 -1.494017
v -0.133684 -0.017313 -1.493713
v -0.137061 -0.008503 -1.463258
v -0.125782 0.092135 -1.612404
v 0.027272 -0.073364 -1.845166
v 0.028715 -0.078901 -1.872379
v 0.041147 -0.085836 -1.840255
v 0.038432 -0.096268 -1.866763
v 0.034762 -0.103136 -1.893150
v 0.011343 -0.054700 -1.855016
v 0.014428 -0.066865 -1.880552
v 0.029088 -0.064686 -1.827953
v 0.045890 -0.073977 -1.819365
v 0.018723 -0.055155 -1.844149
v 0.026419 -0.053460 -1.832011
v -0.000000 -0.053660 -1.861129
v -0.000000 -0.062550 -1.886665
v 0.042057 -0.093402 -1.836559
v 0.038041 -0.103933 -1.865103
v 0.045920 -0.085479 -1.815045
v 0.048621 -0.083238 -1.803556
v 0.056628 -0.069200 -1.791000
v 0.057958 -0.077257 -1.779652
v 0.061437 -0.090420 -1.774144
v 0.049974 -0.090076 -1.798259
v 0.074685 -0.054644 -1.749890
v 0.073364 -0.074490 -1.745183
v 0.064991 -0.125035 -1.743026
v 0.044224 -0.095237 -1.813014
v 0.048134 -0.120915 -1.790907
v 0.040140 -0.119844 -1.838843
v 0.039863 -0.100918 -1.844974
v 0.036593 -0.121538 -1.868037
v 0.035397 -0.111085 -1.871524
v 0.035483 -0.116832 -1.896205
v 0.036968 -0.125917 -1.894274
v 0.024094 -0.136517 -1.915402
v 0.024863 -0.123289 -1.922569
v -0.000000 -0.137566 -1.921772
v -0.000000 -0.121052 -1.930500
v 0.028591 -0.159960 -1.895807
v -0.000000 -0.157380 -1.924437
v 0.021219 -0.179285 -1.914178
v -0.000000 -0.177021 -1.939559
v -0.000000 -0.195787 -1.951009
v 0.013087 -0.196247 -1.939113
v -0.000000 -0.220297 -1.953385
v 0.051644 -0.165770 -1.869668
v 0.047010 -0.146034 -1.861240
v 0.059097 -0.164032 -1.863247
v 0.070525 -0.191237 -1.858822
v 0.052334 -0.183978 -1.889262
v 0.041495 -0.178156 -1.902708
v 0.045620 -0.195963 -1.913811
v 0.054053 -0.142652 -1.838562
v 0.064073 -0.157323 -1.829695
v 0.070717 -0.176420 -1.781283
v 0.084818 -0.206340 -1.807197
v 0.087583 -0.200433 -1.787627
v 0.059871 -0.162902 -1.858348
v 0.062722 -0.158024 -1.838873
v 0.069270 -0.181506 -1.842719
v 0.070190 -0.186538 -1.851100
v 0.077598 -0.206101 -1.833117
v 0.087456 -0.242085 -1.790781
v 0.090222 -0.242203 -1.780266
v 0.086200 -0.295801 -1.757019
v 0.093053 -0.208179 -1.772342
v 0.062277 -0.169930 -1.762611
v 0.087573 -0.162333 -1.741977
v 0.069734 -0.184918 -1.747587
v 0.079094 -0.204301 -1.752402
v 0.105765 -0.260695 -1.698516
v 0.087629 -0.249843 -1.686311
v 0.055663 -0.270277 -1.664753
v 0.044856 -0.258994 -1.664101
v 0.058619 -0.252260 -1.625600
v 0.048445 -0.239737 -1.625984
v 0.060332 -0.234609 -1.585654
v 0.053857 -0.417721 -1.099968
v 0.064921 -0.383559 -1.054896
v 0.051348 -0.367902 -1.061337
v 0.056376 -0.228242 -1.482890
v 0.042944 -0.210463 -1.478129
v 0.025880 -0.249599 -1.420105
v 0.033961 -0.256416 -1.425091
v 0.024973 -0.262704 -1.412053
v 0.009627 -0.048769 -1.858810
v 0.021658 -0.045961 -1.851156
v 0.028540 -0.042825 -1.841532
v 0.035341 -0.031421 -1.841257
v 0.011639 -0.043644 -1.856268
v -0.000000 -0.049290 -1.862478
v -0.000000 -0.042023 -1.859820
v 0.017764 -0.027495 -1.847787
v 0.043058 -0.018762 -1.818203
v 0.022259 -0.012858 -1.830677
v -0.000000 -0.025115 -1.852971
v -0.000000 -0.009615 -1.839297
v 0.027002 0.001362 -1.812031
v -0.000000 -0.001214 -1.811986
v -0.000000 0.026877 -1.781046
v 0.038554 0.031613 -1.783811
v 0.054677 0.010078 -1.777006
v 0.050751 -0.008092 -1.792561
v 0.046817 -0.034326 -1.789100
v 0.044420 -0.028170 -1.807289
v 0.035655 -0.038295 -1.829665
v 0.034555 -0.044370 -1.824242
v 0.042231 -0.038891 -1.807442
v 0.042486 -0.044454 -1.807760
v 0.037257 -0.049962 -1.820652
v 0.064080 -0.011340 -1.768871
v 0.057392 -0.035395 -1.756584
v 0.042979 -0.049013 -1.805416
v 0.050941 -0.059439 -1.798242
v 0.039032 -0.063531 -1.818404
v 0.080732 -0.020486 -1.724218
v 0.036710 -0.057088 -1.820332
v 0.082380 -0.045807 -1.717231
v 0.084905 0.007184 -1.743174
v 0.070245 0.020907 -1.746577
v 0.075631 0.034871 -1.748168
v 0.085356 0.031933 -1.695990
v 0.100215 -0.011796 -1.666001
v 0.115164 0.041647 -1.649243
v 0.118234 0.072980 -1.626381
v 0.113903 0.070505 -1.620478
v 0.108683 0.032735 -1.634577
v 0.107711 -0.000262 -1.662595
v 0.111304 0.074400 -1.634604
v 0.052610 0.055496 -1.734489
v 0.049447 0.073148 -1.688106
v -0.000000 0.099116 -1.703955
v 0.044709 0.118511 -1.618014
v -0.000000 0.146989 -1.627410
v 0.043303 0.136006 -1.561030
v -0.000000 0.167902 -1.568703
v 0.043707 0.056403 -1.747192
v -0.000000 0.026877 -1.781046
v 0.109495 0.071600 -1.629580
v 0.105421 0.024475 -1.612384
v 0.108466 -0.028231 -1.613817
v 0.090805 -0.040487 -1.680578
v 0.119409 -0.056040 -1.606412
v 0.127637 -0.030354 -1.534948
v 0.131424 -0.063712 -1.544260
v 0.115586 -0.081958 -1.596789
v 0.134166 -0.094498 -1.542818
v 0.141476 -0.063904 -1.488994
v 0.142851 -0.090185 -1.488340
v 0.152372 -0.069878 -1.445564
v 0.152014 -0.082197 -1.445516
v 0.184873 -0.095432 -1.393603
v 0.139907 -0.041613 -1.493602
v 0.157236 -0.033402 -1.432992
v 0.093084 -0.074047 -1.681099
v 0.122793 -0.103074 -1.605892
v 0.097638 -0.089147 -1.684177
v 0.083781 -0.070992 -1.710423
v 0.131690 -0.096860 -1.558379
v 0.129969 -0.113600 -1.557029
v 0.119348 -0.123350 -1.560962
v 0.107501 -0.120438 -1.611168
v 0.137474 -0.114410 -1.525708
v 0.120451 -0.139849 -1.528141
v 0.104172 -0.116841 -1.669173
v 0.103271 -0.104071 -1.690189
v 0.098902 -0.094975 -1.720416
v 0.094925 -0.105280 -1.709224
v 0.100745 -0.125226 -1.683443
v 0.090799 -0.119215 -1.709212
v 0.112032 -0.137057 -1.609115
v 0.111227 -0.146623 -1.634309
v 0.119657 -0.160980 -1.589421
v 0.126060 -0.189170 -1.564827
v 0.131658 -0.197507 -1.566757
v 0.125928 -0.175357 -1.562998
v 0.123355 -0.152896 -1.563306
v 0.120994 -0.158842 -1.573977
v 0.141898 -0.219298 -1.514447
v 0.143516 -0.223873 -1.517312
v 0.155424 -0.244340 -1.448260
v 0.130933 -0.189655 -1.542724
v 0.131775 -0.180165 -1.532527
v 0.137228 -0.207828 -1.519604
v 0.141941 -0.214592 -1.500280
v 0.081989 -0.113890 -1.732039
v 0.088310 -0.104087 -1.736967
v 0.074130 -0.082517 -1.748801
v 0.088112 -0.080174 -1.730849
v 0.075097 -0.110091 -1.753019
v 0.083617 -0.102764 -1.754009
v 0.059303 -0.089346 -1.783331
v 0.056587 -0.095948 -1.784139
v 0.057958 -0.077257 -1.779652
v 0.078223 -0.068828 -1.739311
v 0.099989 0.020133 -1.688339
v -0.000000 -0.119243 -1.931714
v 0.015683 -0.117485 -1.923271
v -0.000000 -0.115412 -1.936489
v 0.020715 -0.112742 -1.928559
v 0.021594 -0.105574 -1.929886
v -0.000000 -0.108491 -1.937163
v 0.035670 -0.104285 -1.919504
v 0.032302 -0.113914 -1.916993
v 0.032510 -0.082210 -1.903699
v 0.034517 -0.084770 -1.925908
v 0.027025 -0.087693 -1.940641
v 0.017867 -0.073884 -1.937461
v 0.016108 -0.088192 -1.944440
v 0.006291 -0.099521 -1.943045
v 0.010268 -0.075564 -1.958242
v 0.016345 -0.068916 -1.914744
v -0.000000 -0.062562 -1.921939
v -0.000000 -0.066294 -1.946802
v 0.034804 -0.110956 -1.890085
v -0.000000 -0.069485 -1.958981
v -0.000000 -0.075913 -1.962239
v -0.000000 -0.091055 -1.953874
v 0.008230 -0.090663 -1.952200
v -0.000000 -0.099625 -1.943929
v -0.000000 -0.119835 -1.867215
v 0.035397 -0.111085 -1.871524
v -0.000000 -0.112853 -1.839769
v 0.039863 -0.100918 -1.844974
v 0.044224 -0.095237 -1.813014
v -0.000000 -0.110536 -1.804848
v -0.000000 -0.123472 -1.893035
v 0.035483 -0.116832 -1.896205
v -0.000000 -0.121052 -1.930500
v 0.024863 -0.123289 -1.922569
v -0.000000 -0.104769 -1.775486
v 0.049974 -0.090076 -1.798259
v -0.000000 -0.087038 -1.779342
v 0.049974 -0.090076 -1.798259
v -0.000000 -0.075265 -1.808242
v 0.048621 -0.083238 -1.803556
v 0.045920 -0.085479 -1.815045
v -0.000000 -0.095311 -1.870212
v 0.042057 -0.093402 -1.836559
v 0.038041 -0.103933 -1.865103
v 0.034804 -0.110956 -1.890085
v -0.000000 -0.107384 -1.898136
v 0.032302 -0.113914 -1.916993
v -0.000000 -0.109094 -1.918558
v 0.015683 -0.117485 -1.923271
v -0.000000 -0.119243 -1.931714
v -0.000000 -0.104769 -1.775486
v 0.130879 -0.218101 -1.676811
v 0.078733 -0.147010 -1.710588
v 0.088937 -0.129817 -1.675369
v 0.102377 -0.176139 -1.670826
v 0.107663 -0.191065 -1.698839
v 0.116160 -0.209535 -1.643234
v 0.111864 -0.200609 -1.637021
v 0.124438 -0.235385 -1.601817
v 0.107034 -0.194942 -1.631041
v 0.117053 -0.212705 -1.612737
v 0.096135 -0.162401 -1.647141
v 0.137507 0.018220 -1.453523
v 0.140569 0.035938 -1.419659
v 0.135482 0.029150 -1.452385
v 0.134001 0.001212 -1.492664
v 0.131787 0.016148 -1.491847
v 0.125236 -0.020762 -1.536590
v 0.120057 0.004107 -1.549868
v 0.110982 0.043936 -1.549802
v 0.095281 0.097720 -1.551819
v 0.117039 0.071102 -1.488726
v 0.110105 0.103889 -1.481171
v 0.135900 0.113388 -1.435734
v 0.119764 0.058194 -1.489505
v 0.122617 0.111579 -1.428093
v 0.123528 0.040553 -1.490537
v 0.133170 0.021527 -1.491451
v 0.132469 0.050988 -1.452025
v 0.139851 0.044260 -1.449157
v 0.128453 0.102271 -1.413718
v 0.131084 0.092629 -1.409578
v 0.143374 0.138044 -1.347742
v 0.142846 0.143307 -1.347968
v 0.154285 0.156885 -1.314381
v 0.143577 0.079088 -1.408260
v 0.101884 0.123265 -1.477322
v 0.077524 0.142659 -1.474245
v 0.049936 0.169774 -1.462024
v 0.099890 0.174214 -1.430782
v 0.078856 0.184413 -1.428552
v 0.113584 0.170113 -1.431283
v 0.141095 0.153586 -1.431638
v 0.164786 0.160476 -1.375092
v 0.168543 0.182947 -1.384001
v 0.191822 0.202079 -1.327122
v 0.193757 0.220107 -1.335008
v 0.126771 0.193974 -1.394202
v 0.028227 0.180069 -1.476236
v 0.042406 0.203455 -1.426424
v 0.029696 0.211267 -1.425214
v 0.110782 0.208490 -1.389058
v 0.089197 0.216616 -1.393394
v 0.117562 0.245822 -1.360504
v 0.088501 0.253479 -1.367617
v 0.102208 0.299935 -1.334950
v 0.045511 0.246064 -1.391144
v 0.222831 0.247656 -1.302884
v 0.222325 0.262400 -1.309882
v 0.230410 0.291331 -1.282528
v 0.230160 0.296102 -1.285568
v 0.241131 0.311386 -1.271932
v 0.240560 0.316741 -1.278408
v 0.245242 0.318144 -1.274026
v -0.000000 0.178573 -1.502218
v 0.019950 0.210454 -1.462494
v -0.000000 0.210696 -1.465762
v -0.000000 0.267108 -1.420903
v 0.133684 -0.017313 -1.493713
v 0.135050 -0.023234 -1.494017
v 0.137061 -0.008503 -1.463258
v 0.125781 0.092135 -1.612404
v -0.048780 0.017881 -1.687422
v -0.044106 0.116687 -1.617330
v -0.000000 0.041459 -1.703271
v -0.098864 -0.012678 -1.665317
v -0.000000 0.144779 -1.626725
v -0.042719 0.133945 -1.560346
v -0.000000 0.165407 -1.568019
v -0.108018 0.070415 -1.628896
v -0.093996 0.096179 -1.551135
v -0.104000 0.023931 -1.611700
v -0.107217 0.032079 -1.633892
v -0.107003 -0.028059 -1.613133
v -0.106258 -0.000470 -1.661911
v -0.089580 -0.040148 -1.679893
v -0.117798 -0.055490 -1.605728
v -0.125907 -0.030132 -1.534266
v -0.129652 -0.063057 -1.543575
v -0.114027 -0.081054 -1.596105
v -0.132357 -0.093424 -1.542133
v -0.139516 -0.062833 -1.488367
v -0.140888 -0.088751 -1.487721
v -0.150164 -0.067868 -1.445071
v -0.149809 -0.080026 -1.445030
v -0.182135 -0.092081 -1.393298
v -0.137951 -0.040905 -1.492963
v -0.154947 -0.031637 -1.432513
v -0.091828 -0.073251 -1.680414
v -0.121137 -0.101883 -1.605207
v -0.096321 -0.088146 -1.683492
v -0.129914 -0.095754 -1.557694
v -0.128216 -0.112267 -1.556344
v -0.117739 -0.121884 -1.560278
v -0.106052 -0.119012 -1.610483
v -0.135620 -0.113066 -1.525023
v -0.118827 -0.138158 -1.527457
v -0.102767 -0.115464 -1.668488
v -0.099386 -0.123735 -1.682759
v -0.110521 -0.135405 -1.608430
v -0.109727 -0.144840 -1.633624
v -0.118043 -0.159002 -1.588737
v -0.124359 -0.186809 -1.564142
v -0.129882 -0.195032 -1.566073
v -0.124229 -0.173184 -1.562314
v -0.121691 -0.151028 -1.562621
v -0.119362 -0.156893 -1.573292
v -0.139985 -0.216526 -1.513762
v -0.141581 -0.221039 -1.516627
v -0.153527 -0.241062 -1.447631
v -0.129167 -0.187287 -1.542040
v -0.129998 -0.177926 -1.531843
v -0.135377 -0.205213 -1.518919
v -0.140027 -0.211885 -1.499595
v -0.133541 0.029563 -1.451815
v -0.135537 0.018783 -1.452958
v -0.138516 0.036962 -1.419158
v -0.132083 0.001321 -1.492015
v -0.129882 0.016046 -1.491195
v -0.123541 -0.020677 -1.535907
v -0.118438 0.003840 -1.549183
v -0.109485 0.043127 -1.549118
v -0.115328 0.070235 -1.488071
v -0.108481 0.102592 -1.480519
v -0.133814 0.112549 -1.435136
v -0.118013 0.057510 -1.488851
v -0.120762 0.111056 -1.427521
v -0.121724 0.040112 -1.489882
v -0.131237 0.021345 -1.490796
v -0.130568 0.051032 -1.451438
v -0.137843 0.044436 -1.448577
v -0.126558 0.102224 -1.413180
v -0.129157 0.092858 -1.409056
v -0.141168 0.138474 -1.347281
v -0.140632 0.143618 -1.347506
v -0.151833 0.157267 -1.313945
v -0.141462 0.079525 -1.407748
v -0.100375 0.121692 -1.476670
v -0.076357 0.140792 -1.473591
v -0.049171 0.167574 -1.461374
v -0.098326 0.172286 -1.430165
v -0.077619 0.182389 -1.427941
v -0.111804 0.168177 -1.430659
v -0.138923 0.151917 -1.431018
v -0.162123 0.159421 -1.374540
v -0.165893 0.181131 -1.383409
v -0.188753 0.200247 -1.326556
v -0.190814 0.217675 -1.334408
v -0.124725 0.191964 -1.393604
v -0.027831 0.177445 -1.475555
v -0.041736 0.201055 -1.425803
v -0.029225 0.208662 -1.424583
v -0.108986 0.206263 -1.388460
v -0.087753 0.214203 -1.392790
v -0.115740 0.242820 -1.359880
v -0.087128 0.250240 -1.366979
v -0.100830 0.295644 -1.334265
v -0.044774 0.242798 -1.390492
v -0.219736 0.244285 -1.302224
v -0.219326 0.258620 -1.309197
v -0.227302 0.287158 -1.281843
v -0.227055 0.291863 -1.284883
v -0.237879 0.306939 -1.271248
v -0.237315 0.312222 -1.277723
v -0.241934 0.313605 -1.273341
v -0.000000 0.175933 -1.501534
v -0.019681 0.207380 -1.461810
v -0.000000 0.207619 -1.465078
v -0.000000 0.263264 -1.420218
v -0.133144 -0.022785 -1.493373
v -0.131792 -0.016944 -1.493069
v -0.135104 -0.007717 -1.462685
v 0.048780 0.017881 -1.687422
v -0.000000 0.041459 -1.703271
v 0.044106 0.116687 -1.617330
v 0.098863 -0.012678 -1.665317
v -0.000000 0.144779 -1.626725
v 0.042719 0.133945 -1.560346
v -0.000000 0.165407 -1.568019
v 0.108018 0.070415 -1.628896
v 0.093996 0.096179 -1.551135
v 0.103999 0.023931 -1.611700
v 0.107217 0.032079 -1.633892
v 0.107003 -0.028059 -1.613133
v 0.106258 -0.000470 -1.661911
v 0.089580 -0.040148 -1.679893
v 0.117798 -0.055490 -1.605728
v 0.125907 -0.030132 -1.534266
v 0.129651 -0.063057 -1.543575
v 0.114027 -0.081054 -1.596105
v 0.132356 -0.093424 -1.542133
v 0.139515 -0.062833 -1.488367
v 0.140888 -0.088751 -1.487721
v 0.150164 -0.067868 -1.445071
v 0.149809 -0.080026 -1.445030
v 0.182135 -0.092081 -1.393298
v 0.137950 -0.040905 -1.492963
v 0.154947 -0.031637 -1.432513
v 0.091828 -0.073251 -1.680414
v 0.121137 -0.101883 -1.605207
v 0.096320 -0.088146 -1.683492
v 0.129914 -0.095754 -1.557694
v 0.128215 -0.112267 -1.556344
v 0.117738 -0.121884 -1.560278
v 0.106051 -0.119012 -1.610483
v 0.135619 -0.113066 -1.525023
v 0.118827 -0.138158 -1.527457
v 0.102766 -0.115464 -1.668488
v 0.099386 -0.123735 -1.682759
v 0.106051 -0.119012 -1.610483
v 0.110521 -0.135405 -1.608430
v 0.109727 -0.144840 -1.633624
v 0.118043 -0.159002 -1.588737
v 0.124359 -0.186809 -1.564142
v 0.129882 -0.195032 -1.566073
v 0.124229 -0.173184 -1.562314
v 0.121691 -0.151028 -1.562621
v 0.119362 -0.156893 -1.573292
v 0.139984 -0.216526 -1.513762
v 0.141580 -0.221039 -1.516627
v 0.153526 -0.241062 -1.447631
v 0.129167 -0.187287 -1.542040
v 0.129998 -0.177926 -1.531843
v 0.135377 -0.205213 -1.518919
v 0.140026 -0.211885 -1.499595
v 0.135536 0.018783 -1.452958
v 0.133541 0.029563 -1.451815
v 0.138516 0.036962 -1.419158
v 0.132083 0.001321 -1.492015
v 0.129882 0.016046 -1.491195
v 0.123541 -0.020677 -1.535907
v 0.118438 0.003840 -1.549183
v 0.109485 0.043127 -1.549118
v 0.115327 0.070235 -1.488071
v 0.108480 0.102592 -1.480519
v 0.133814 0.112549 -1.435136
v 0.118012 0.057510 -1.488851
v 0.120762 0.111056 -1.427521
v 0.121724 0.040112 -1.489882
v 0.131237 0.021345 -1.490796
v 0.130568 0.051032 -1.451438
v 0.137842 0.044436 -1.448577
v 0.126558 0.102224 -1.413180
v 0.129157 0.092858 -1.409056
v 0.141167 0.138474 -1.347281
v 0.140632 0.143618 -1.347506
v 0.151833 0.157267 -1.313945
v 0.141462 0.079525 -1.407748
v 0.100374 0.121692 -1.476670
v 0.076357 0.140792 -1.473591
v 0.049170 0.167574 -1.461374
v 0.098326 0.172286 -1.430165
v 0.077619 0.182389 -1.427941
v 0.111804 0.168177 -1.430659
v 0.138923 0.151917 -1.431018
v 0.162123 0.159421 -1.374540
v 0.165893 0.181131 -1.383409
v 0.188753 0.200247 -1.326556
v 0.190813 0.217675 -1.334408
v 0.124725 0.191964 -1.393604
v 0.027830 0.177445 -1.475555
v 0.041736 0.201055 -1.425803
v 0.029225 0.208662 -1.424583
v 0.108985 0.206263 -1.388460
v 0.087753 0.214203 -1.392790
v 0.115740 0.242820 -1.359880
v 0.087127 0.250240 -1.366979
v 0.100829 0.295644 -1.334265
v 0.044774 0.242798 -1.390492
v 0.219736 0.244285 -1.302224
v 0.219326 0.258620 -1.309197
v 0.227302 0.287158 -1.281843
v 0.227055 0.291863 -1.284883
v 0.237879 0.306939 -1.271248
v 0.237315 0.312222 -1.277723
v 0.241934 0.313605 -1.273341
v -0.000000 0.175933 -1.501534
v 0.019681 0.207380 -1.461810
v -0.000000 0.207619 -1.465078
v -0.000000 0.263264 -1.420218
v 0.131791 -0.016944 -1.493069
v 0.133144 -0.022785 -1.493373
v 0.135104 -0.007717 -1.462685
v -0.129206 0.047606 -1.202499
v -0.111439 0.038651 -1.258186
v -0.131780 0.022339 -1.203985
v -0.162965 -0.031519 -1.118429
v -0.160713 0.000516 -1.118100
v -0.194460 -0.072349 -1.019791
v -0.195913 -0.106298 -1.019422
v -0.237949 -0.133912 -0.867934
v -0.237949 -0.098565 -0.867934
v -0.258918 -0.100811 -0.758714
v -0.259023 -0.139439 -0.758703
v -0.272031 -0.067694 -0.608777
v -0.272444 -0.115410 -0.608670
v -0.293400 -0.049466 -0.345605
v -0.292417 0.025412 -0.345958
v -0.333206 -0.027194 -0.072586
v -0.334321 -0.112473 -0.072290
v -0.357758 -0.071635 0.039702
v -0.358740 -0.151156 0.039851
v -0.383579 -0.097398 0.200898
v -0.383594 -0.175528 0.200900
v -0.421683 -0.137766 0.485018
v -0.421682 -0.100402 0.484833
v -0.474966 -0.039798 0.826609
v -0.452990 -0.054558 0.707204
v -0.474967 -0.094906 0.827311
v -0.452991 -0.091789 0.707671
v -0.496954 -0.130354 1.022980
v -0.496952 -0.049900 1.022211
v -0.529983 -0.076266 1.272206
v -0.529984 -0.179992 1.272255
v -0.564864 -0.063722 1.531676
v -0.564864 -0.192240 1.531676
v -0.603031 -0.126114 1.781463
v -0.602998 -0.192240 1.780781
v -0.604204 -0.063722 1.806000
v 0.066352 -0.185300 -1.747411
v 0.075711 -0.204683 -1.752226
v 0.058894 -0.170312 -1.762435
v 0.067334 -0.176801 -1.781107
v 0.075711 -0.204683 -1.752226
v 0.066352 -0.185300 -1.747411
v 0.101880 -0.261077 -1.698340
v 0.081127 -0.250225 -1.686135
v 0.081127 -0.250225 -1.686135
v 0.120741 -0.306004 -1.638218
v 0.098770 -0.289591 -1.622167
v 0.053879 -0.270360 -1.664549
v 0.043073 -0.259077 -1.663897
v 0.056836 -0.252343 -1.625396
v 0.046662 -0.239821 -1.625780
v 0.058549 -0.234692 -1.585449
v 0.048059 -0.221189 -1.585743
v 0.059217 -0.218574 -1.529266
v 0.045731 -0.201955 -1.525702
v 0.054593 -0.228326 -1.482686
v 0.041161 -0.210546 -1.477925
v 0.024075 -0.249786 -1.419859
v 0.032165 -0.256618 -1.424839
v 0.023148 -0.262941 -1.411786
v 0.034351 -0.125917 -1.894274
v 0.025973 -0.159960 -1.895808
v 0.021477 -0.136517 -1.915403
v 0.033975 -0.121538 -1.868038
v -0.000000 -0.157380 -1.924437
v -0.000000 -0.137566 -1.921772
v 0.021218 -0.179285 -1.914178
v -0.000000 -0.177021 -1.939559
v -0.000000 -0.195787 -1.951009
v 0.013087 -0.196247 -1.939113
v -0.000000 -0.220297 -1.953385
v 0.049027 -0.165770 -1.869668
v 0.044392 -0.146034 -1.861240
v 0.037523 -0.119844 -1.838843
v 0.051436 -0.142652 -1.838562
v 0.061456 -0.157323 -1.829695
v 0.068099 -0.176420 -1.781283
v 0.045517 -0.120915 -1.790907
v 0.082200 -0.206340 -1.807197
v 0.084965 -0.200433 -1.787627
v 0.056479 -0.164032 -1.863247
v 0.067908 -0.191237 -1.858822
v 0.057253 -0.162902 -1.858348
v 0.060105 -0.158024 -1.838873
v 0.066653 -0.181506 -1.842719
v 0.067572 -0.186538 -1.851100
v 0.074981 -0.206101 -1.833117
v 0.085408 -0.242086 -1.790781
v 0.088173 -0.242203 -1.780266
v 0.084152 -0.295801 -1.757019
v 0.090435 -0.208179 -1.772342
v 0.059659 -0.169930 -1.762611
v 0.062373 -0.125035 -1.743026
v 0.084956 -0.162333 -1.741977
v 0.067117 -0.184918 -1.747587
v 0.076476 -0.204301 -1.752402
v 0.102645 -0.260695 -1.698516
v 0.081892 -0.249843 -1.686311
v 0.054254 -0.270277 -1.664742
v 0.043448 -0.258994 -1.664090
v 0.057210 -0.252260 -1.625588
v 0.047036 -0.239737 -1.625973
v 0.058923 -0.234609 -1.585642
v 0.048434 -0.221106 -1.585935
v 0.059592 -0.218491 -1.529458
v 0.046106 -0.201872 -1.525895
v 0.054968 -0.228243 -1.482878
v 0.041536 -0.210463 -1.478117
v 0.024450 -0.249652 -1.420072
v 0.032538 -0.256482 -1.425053
v 0.023528 -0.262785 -1.412009
v 0.049716 -0.183978 -1.889263
v 0.043002 -0.195963 -1.913811
v 0.038878 -0.178156 -1.902708
v 0.128262 -0.218101 -1.676812
v 0.076115 -0.147010 -1.710588
v 0.086319 -0.129817 -1.675369
v 0.099759 -0.176139 -1.670826
v 0.105046 -0.191065 -1.698839
v 0.113542 -0.209535 -1.643234
v 0.109247 -0.200609 -1.637021
v 0.121821 -0.235385 -1.601817
v 0.104417 -0.194942 -1.631042
v 0.114436 -0.212705 -1.612738
v 0.093517 -0.162401 -1.647141
v -0.066352 -0.185300 -1.747411
v -0.058895 -0.170312 -1.762435
v -0.075712 -0.204683 -1.752226
v -0.067335 -0.176801 -1.781107
v -0.101881 -0.261077 -1.698340
v -0.081127 -0.250225 -1.686135
v -0.053880 -0.270360 -1.664549
v -0.043073 -0.259077 -1.663897
v -0.056836 -0.252343 -1.625396
v -0.046662 -0.239821 -1.625780
v -0.058549 -0.234692 -1.585449
v -0.048059 -0.221189 -1.585743
v -0.059218 -0.218574 -1.529266
v -0.045731 -0.201955 -1.525702
v -0.054593 -0.228326 -1.482686
v -0.041161 -0.210546 -1.477925
v -0.024075 -0.249786 -1.419859
v -0.032165 -0.256618 -1.424839
v -0.023148 -0.262941 -1.411786
v -0.034351 -0.125917 -1.894274
v -0.021477 -0.136517 -1.915403
v -0.025973 -0.159960 -1.895808
v -0.033975 -0.121538 -1.868038
v -0.000000 -0.157380 -1.924437
v -0.000000 -0.137566 -1.921772
v -0.021219 -0.179285 -1.914178
v -0.000000 -0.177021 -1.939559
v -0.000000 -0.195787 -1.951009
v -0.013088 -0.196247 -1.939113
v -0.000000 -0.220297 -1.953385
v -0.049027 -0.165770 -1.869668
v -0.044392 -0.146034 -1.861240
v -0.037523 -0.119844 -1.838843
v -0.051436 -0.142652 -1.838562
v -0.061456 -0.157323 -1.829695
v -0.068099 -0.176420 -1.781283
v -0.045517 -0.120915 -1.790907
v -0.082200 -0.206340 -1.807197
v -0.084966 -0.200433 -1.787627
v -0.056480 -0.164032 -1.863247
v -0.067908 -0.191237 -1.858822
v -0.057253 -0.162902 -1.858348
v -0.060105 -0.158024 -1.838873
v -0.066653 -0.181506 -1.842719
v -0.067572 -0.186538 -1.851100
v -0.074981 -0.206101 -1.833117
v -0.085408 -0.242086 -1.790781
v -0.088174 -0.242203 -1.780266
v -0.084152 -0.295801 -1.757019
v -0.090436 -0.208179 -1.772342
v -0.059659 -0.169930 -1.762611
v -0.062374 -0.125035 -1.743026
v -0.084956 -0.162333 -1.741977
v -0.067117 -0.184918 -1.747587
v -0.076476 -0.204301 -1.752402
v -0.102645 -0.260695 -1.698516
v -0.081892 -0.249843 -1.686311
v -0.054254 -0.270277 -1.664742
v -0.043448 -0.258994 -1.664090
v -0.057211 -0.252260 -1.625588
v -0.047037 -0.239737 -1.625973
v -0.058924 -0.234609 -1.585642
v -0.048434 -0.221106 -1.585935
v -0.059592 -0.218491 -1.529458
v -0.046106 -0.201872 -1.525895
v -0.054968 -0.228243 -1.482878
v -0.041536 -0.210463 -1.478117
v -0.024451 -0.249652 -1.420072
v -0.032538 -0.256482 -1.425053
v -0.023528 -0.262785 -1.412009
v -0.049716 -0.183978 -1.889263
v -0.038878 -0.178156 -1.902708
v -0.043002 -0.195963 -1.913811
v -0.128262 -0.218101 -1.676812
v -0.076115 -0.147010 -1.710588
v -0.086319 -0.129817 -1.675369
v -0.099759 -0.176139 -1.670826
v -0.105046 -0.191065 -1.698839
v -0.113542 -0.209535 -1.643234
v -0.109247 -0.200609 -1.637021
v -0.121821 -0.235385 -1.601817
v -0.104417 -0.194942 -1.631042
v -0.114436 -0.212705 -1.612738
v -0.093517 -0.162401 -1.647141
v -0.060476 -0.009711 -1.650592
v -0.073046 -0.062351 -1.642030
v -0.077519 0.000334 -1.704763
v -0.063706 -0.064352 -1.699238
v -0.000000 0.040794 -1.655252
v -0.000000 0.028167 -1.735585
v -0.000000 0.051084 -1.573254
v -0.057014 -0.012440 -1.575422
v -0.074306 -0.065709 -1.576078
v -0.058199 -0.128963 -1.639773
v -0.059953 -0.127396 -1.576021
v -0.000000 -0.151536 -1.637702
v -0.000000 -0.152750 -1.575964
v -0.000000 0.082540 -1.480505
v -0.056510 0.010625 -1.490299
v -0.076883 -0.066414 -1.523252
v -0.078689 -0.055598 -1.484835
v -0.060381 -0.132078 -1.523644
v -0.064222 -0.157435 -1.476386
v -0.000000 -0.158080 -1.522209
v -0.000000 -0.179111 -1.472785
v -0.056693 0.059513 -1.420672
v -0.000000 0.107010 -1.418792
v -0.081120 -0.013627 -1.431467
v -0.069692 -0.125131 -1.449543
v -0.000000 -0.171878 -1.449250
v -0.000000 -0.154985 -1.477060
v -0.076843 -0.092779 -1.419606
v -0.082140 0.031998 -1.386744
v -0.077399 -0.043339 -1.384442
v -0.060802 -0.082495 -1.397892
v -0.072962 0.039528 -1.408594
v -0.079639 -0.001520 -1.333576
v -0.061585 -0.064477 -1.379566
v -0.064428 -0.014090 -1.327230
v -0.089497 0.029387 -1.338648
v -0.054024 -0.116339 -1.415630
v -0.000000 -0.146093 -1.409307
v -0.000000 -0.153837 -1.449600
v -0.039372 -0.102635 -1.393745
v -0.000000 -0.135262 -1.413072
v -0.000000 -0.122544 -1.394914
v -0.000000 -0.100260 -1.360085
v -0.041821 -0.083193 -1.373111
v -0.022846 -0.050591 -1.344039
v -0.092033 0.027712 -1.289662
v -0.094368 0.034788 -1.261586
v -0.085002 0.020982 -1.259355
v -0.061688 0.003071 -1.253181
v -0.085689 0.003993 -1.181342
v -0.096845 0.050209 -1.218688
v -0.099955 0.053184 -1.184751
v -0.057999 -0.017496 -1.172019
v -0.021390 -0.043976 -1.192954
v -0.000000 -0.094711 -1.371969
v -0.000000 -0.066491 -1.343699
v -0.000000 -0.058726 -1.300575
v -0.030295 -0.013478 -1.240310
v -0.027064 -0.026072 -1.268426
v -0.040289 -0.033680 -1.316890
v -0.000000 -0.049459 -1.310886
v -0.000000 -0.042998 -1.266597
v -0.000000 -0.047689 -1.213686
v -0.018491 -0.059729 -1.154320
v -0.051174 -0.043661 -1.125219
v -0.016816 -0.076515 -1.121979
v -0.000000 -0.031284 -1.241264
v -0.000000 -0.054312 -1.192332
v -0.000000 -0.091102 -1.136146
v -0.015160 -0.131970 -1.077267
v -0.036614 -0.087260 -1.077306
v -0.083967 -0.064684 -1.076003
v -0.086219 -0.026585 -1.126848
v -0.000000 -0.191397 -0.989681
v -0.078189 -0.140680 -0.994180
v -0.111417 -0.080299 -0.998747
v -0.103701 -0.010180 -1.072386
v -0.000000 -0.202340 -0.930835
v -0.071142 -0.164193 -0.933061
v -0.114615 -0.107573 -0.943193
v -0.079737 -0.002126 -0.996016
v -0.085656 -0.033652 -0.937697
v -0.000000 0.048996 -0.981777
v -0.000000 0.024598 -0.922411
v -0.072522 0.069424 -1.062136
v -0.102738 0.041692 -1.159755
v -0.092206 0.075174 -1.143294
v -0.072279 0.077358 -1.116565
v -0.031140 0.079365 -1.044047
v -0.000000 0.094377 -1.041171
v -0.090529 0.093470 -1.183102
v -0.096896 0.057575 -1.220530
v -0.088933 0.106082 -1.229327
v -0.056273 0.139885 -1.164136
v -0.054083 0.158931 -1.227469
v -0.088948 0.102813 -1.282166
v -0.091193 0.080739 -1.331128
v -0.059068 0.102872 -1.372517
v -0.056483 0.134685 -1.325555
v -0.000000 0.179076 -1.321065
v -0.000000 0.146513 -1.365371
v -0.054534 0.154903 -1.279285
v -0.000000 0.202640 -1.226759
v -0.000000 0.199600 -1.278171
v -0.000000 0.187634 -1.177771
v -0.047937 0.136323 -1.131244
v -0.000000 0.156162 -1.123097
v -0.033585 0.128904 -1.095321
v -0.000000 0.140157 -1.090172
v -0.074300 0.105485 -1.140839
v 0.064222 -0.157435 -1.476386
v 0.069692 -0.125131 -1.449543
v -0.014494 -0.133467 -1.060493
v -0.000000 -0.152196 -1.050885
v -0.000000 -0.137159 -1.075494
v -0.000000 -0.096498 -1.112725
v -0.000000 -0.142475 -1.056191
v -0.000000 -0.117324 -1.097671
v -0.000000 -0.084861 -1.142248
v -0.201296 0.263640 -1.004515
v -0.147322 0.173047 -1.011396
v -0.215621 0.216385 -1.081763
v -0.145266 0.159075 -1.044939
v -0.155902 0.168455 -1.112832
v -0.172434 0.173279 -1.132147
v -0.194226 0.181339 -1.145187
v -0.178080 0.171560 -1.171951
v -0.160660 0.171664 -1.164262
v -0.141471 0.172623 -1.187184
v -0.154017 0.170308 -1.198968
v -0.116636 0.177934 -1.204743
v -0.115896 0.176927 -1.222450
v -0.081212 0.192116 -1.215401
v -0.076496 0.183714 -1.232324
v -0.065112 0.189740 -1.217690
v -0.058866 0.177930 -1.210902
v -0.064057 0.171696 -1.224802
v -0.070534 0.146175 -1.196186
v -0.063164 0.157393 -1.189649
v -0.067006 0.127832 -1.148399
v -0.072457 0.118489 -1.156128
v -0.074300 0.105485 -1.140839
v -0.075448 0.104169 -1.122385
v -0.072279 0.077358 -1.116565
v -0.072522 0.069424 -1.062136
v -0.071077 0.104729 -1.092288
v -0.036265 0.120295 -1.076733
v -0.031140 0.079365 -1.044047
v -0.000000 0.094377 -1.041171
v -0.000000 0.132069 -1.071910
v -0.084789 0.315575 -0.871193
v -0.063417 0.212686 -0.891457
v -0.154333 0.293290 -0.933489
v -0.118118 0.200752 -0.946472
v -0.000000 0.218566 -0.858965
v -0.000000 0.323186 -0.824829
v -0.065112 0.189740 -1.217690
v -0.050785 0.181098 -1.170524
v -0.058866 0.177930 -1.210902
v -0.055080 0.169818 -1.181854
v -0.063164 0.157393 -1.189649
v -0.057472 0.185509 -1.157756
v -0.081212 0.192116 -1.215401
v -0.118861 0.174930 -1.166124
v -0.116636 0.177934 -1.204743
v -0.067006 0.127832 -1.148399
v -0.056685 0.143747 -1.137125
v -0.075448 0.104169 -1.122385
v -0.071077 0.104729 -1.092288
v -0.038346 0.157526 -1.125046
v -0.036265 0.120295 -1.076733
v -0.071529 0.163535 -1.105128
v -0.128748 0.168878 -1.134922
v -0.108332 0.155871 -1.084594
v -0.140295 0.166684 -1.119251
v -0.039408 0.162416 -1.110026
v -0.000000 0.132069 -1.071910
v -0.196941 0.266329 -1.008266
v -0.210696 0.219778 -1.084114
v -0.142520 0.176207 -1.014740
v -0.140500 0.163167 -1.046999
v -0.151431 0.172951 -1.114696
v -0.167929 0.177643 -1.134287
v -0.189636 0.185417 -1.147319
v -0.174094 0.176105 -1.173832
v -0.156864 0.176273 -1.166225
v -0.137571 0.177335 -1.188788
v -0.150070 0.174977 -1.200548
v -0.113574 0.182484 -1.206343
v -0.112880 0.181340 -1.224600
v -0.078038 0.196433 -1.218297
v -0.072689 0.187465 -1.236451
v -0.060625 0.193748 -1.221089
v -0.053695 0.180395 -1.213160
v -0.058936 0.174393 -1.227498
v -0.065469 0.146821 -1.195829
v -0.062229 0.155677 -1.189204
v -0.056273 0.139885 -1.164136
v -0.067852 0.117640 -1.155883
v -0.082098 0.317304 -0.876674
v -0.150637 0.295384 -0.938202
v -0.060691 0.214437 -0.896913
v -0.114142 0.202930 -0.950912
v -0.000000 0.220050 -0.865455
v -0.000000 0.222668 -0.864761
v -0.000000 0.324797 -0.831351
v 0.082098 0.317304 -0.876674
v -0.060625 0.193748 -1.221089
v -0.053695 0.180395 -1.213160
v -0.044525 0.184346 -1.172271
v -0.054144 0.168130 -1.182180
v -0.062229 0.155677 -1.189204
v -0.053444 0.190027 -1.159429
v -0.078038 0.196433 -1.218297
v -0.115744 0.179555 -1.167630
v -0.113574 0.182484 -1.206343
v -0.056273 0.139885 -1.164136
v -0.047937 0.136323 -1.131244
v -0.027513 0.160062 -1.127376
v -0.033585 0.128904 -1.095321
v -0.068327 0.168110 -1.106476
v -0.125126 0.173625 -1.136637
v -0.104650 0.160616 -1.086122
v -0.136294 0.171393 -1.121092
v -0.034599 0.166373 -1.113453
v -0.000000 0.140157 -1.090172
v -0.000000 0.139609 -1.081945
v -0.210696 0.219778 -1.084114
v -0.196941 0.266329 -1.008266
v -0.215621 0.216385 -1.081763
v -0.201296 0.263640 -1.004515
v -0.194226 0.181339 -1.145187
v -0.189636 0.185417 -1.147319
v -0.178080 0.171560 -1.171951
v -0.174094 0.176105 -1.173832
v -0.154017 0.170308 -1.198968
v -0.150070 0.174977 -1.200548
v -0.115896 0.176927 -1.222450
v -0.112880 0.181340 -1.224600
v -0.076496 0.183714 -1.232324
v -0.072689 0.187465 -1.236451
v -0.064057 0.171696 -1.224802
v -0.058936 0.174393 -1.227498
v -0.070534 0.146175 -1.196186
v -0.065469 0.146821 -1.195829
v -0.072457 0.118489 -1.156128
v -0.067852 0.117640 -1.155883
v -0.074300 0.105485 -1.140839
v -0.150637 0.295384 -0.938202
v -0.082098 0.317304 -0.876674
v -0.154333 0.293290 -0.933489
v -0.084789 0.315575 -0.871193
v -0.000000 0.324797 -0.831351
v -0.000000 0.323186 -0.824829
v -0.115744 0.179555 -1.167630
v -0.125126 0.173625 -1.136637
v -0.118861 0.174930 -1.166124
v -0.128748 0.168878 -1.134922
v -0.116636 0.177934 -1.204743
v -0.113574 0.182484 -1.206343
v -0.136294 0.171393 -1.121092
v -0.140295 0.166684 -1.119251
v -0.151431 0.172951 -1.114696
v -0.155902 0.168455 -1.112832
v 0.063705 -0.064352 -1.699238
v 0.073046 -0.062351 -1.642030
v 0.077519 0.000334 -1.704763
v 0.060476 -0.009711 -1.650592
v -0.000000 0.040794 -1.655252
v -0.000000 0.028167 -1.735585
v -0.000000 0.051084 -1.573254
v 0.057013 -0.012440 -1.575422
v 0.074306 -0.065709 -1.576078
v 0.058199 -0.128963 -1.639773
v 0.059953 -0.127396 -1.576021
v -0.000000 -0.151536 -1.637702
v -0.000000 -0.152750 -1.575964
v -0.000000 0.082540 -1.480505
v 0.056510 0.010625 -1.490299
v 0.076882 -0.066414 -1.523252
v 0.078689 -0.055598 -1.484835
v 0.060381 -0.132078 -1.523644
v 0.064222 -0.157435 -1.476386
v -0.000000 -0.158080 -1.522209
v -0.000000 -0.179111 -1.472785
v 0.056693 0.059513 -1.420672
v -0.000000 0.107010 -1.418792
v 0.081120 -0.013627 -1.431467
v 0.069692 -0.125131 -1.449543
v -0.000000 -0.171878 -1.449250
v 0.076843 -0.092779 -1.419606
v 0.082140 0.031998 -1.386744
v 0.077317 -0.040353 -1.381735
v 0.060802 -0.082495 -1.397892
v 0.072962 0.039528 -1.408594
v 0.079639 -0.001520 -1.333576
v 0.061585 -0.064477 -1.379566
v 0.063101 -0.030403 -1.324631
v 0.089496 0.029387 -1.338648
v 0.054024 -0.116339 -1.415630
v -0.000000 -0.146093 -1.409307
v -0.000000 -0.153837 -1.449600
v 0.039372 -0.102635 -1.393745
v -0.000000 -0.135262 -1.413072
v -0.000000 -0.122544 -1.394914
v -0.000000 -0.100260 -1.360085
v 0.041821 -0.083193 -1.373111
v 0.022846 -0.050591 -1.344039
v 0.092033 0.027712 -1.289662
v 0.094368 0.034788 -1.261586
v 0.084366 0.014367 -1.259182
v 0.061688 0.003071 -1.253181
v 0.087421 0.005503 -1.186646
v 0.096845 0.050209 -1.218688
v 0.099955 0.053184 -1.184751
v 0.057999 -0.017496 -1.172019
v 0.021390 -0.043976 -1.192954
v -0.000000 -0.094711 -1.371969
v -0.000000 -0.066491 -1.343699
v -0.000000 -0.058726 -1.300575
v 0.030295 -0.013478 -1.240310
v 0.027064 -0.026072 -1.268426
v 0.040289 -0.033680 -1.316890
v -0.000000 -0.049459 -1.310886
v -0.000000 -0.042998 -1.266597
v -0.000000 -0.047689 -1.213686
v 0.018490 -0.059729 -1.154320
v 0.051174 -0.043661 -1.125219
v 0.016816 -0.076515 -1.121979
v -0.000000 -0.031284 -1.241264
v -0.000000 -0.054312 -1.192332
v -0.000000 -0.091102 -1.136146
v 0.015160 -0.131970 -1.077267
v 0.036614 -0.087260 -1.077306
v 0.083967 -0.064684 -1.076003
v 0.086408 -0.023504 -1.131326
v -0.000000 -0.191397 -0.989681
v 0.078189 -0.140680 -0.994180
v 0.111417 -0.080299 -0.998747
v 0.103701 -0.010180 -1.072386
v -0.000000 -0.202340 -0.930835
v 0.071142 -0.164193 -0.933061
v 0.114615 -0.107573 -0.943193
v 0.079737 -0.002126 -0.996016
v 0.085656 -0.033652 -0.937697
v -0.000000 0.048996 -0.981777
v -0.000000 0.024598 -0.922411
v 0.072522 0.069424 -1.062136
v 0.102738 0.041692 -1.159755
v 0.093377 0.060378 -1.144840
v 0.072279 0.077358 -1.116565
v 0.031140 0.079365 -1.044047
v -0.000000 0.094377 -1.041171
v 0.090529 0.093470 -1.183102
v 0.096896 0.057575 -1.220530
v 0.088933 0.106082 -1.229327
v 0.056273 0.139885 -1.164136
v 0.054083 0.158931 -1.227469
v 0.088948 0.102813 -1.282166
v 0.091193 0.080739 -1.331128
v 0.059068 0.102872 -1.372517
v 0.056483 0.134685 -1.325555
v -0.000000 0.179076 -1.321065
v -0.000000 0.146513 -1.365371
v 0.054534 0.154903 -1.279285
v -0.000000 0.202640 -1.226759
v -0.000000 0.199600 -1.278171
v -0.000000 0.187634 -1.177771
v 0.047937 0.136323 -1.131244
v -0.000000 0.156162 -1.123097
v 0.033585 0.128904 -1.095321
v -0.000000 0.140157 -1.090172
v 0.074299 0.105485 -1.140839
v 0.014494 -0.133467 -1.060493
v -0.000000 -0.152196 -1.050885
v -0.000000 -0.137159 -1.075494
v -0.000000 -0.096498 -1.112725
v -0.000000 -0.142475 -1.056191
v -0.000000 -0.117324 -1.097671
v -0.000000 -0.084861 -1.142248
v 0.145266 0.159075 -1.044939
v 0.147322 0.173047 -1.011396
v 0.215621 0.216385 -1.081763
v 0.201295 0.263640 -1.004515
v 0.155902 0.168455 -1.112832
v 0.172434 0.173279 -1.132147
v 0.194225 0.181339 -1.145187
v 0.178080 0.171560 -1.171951
v 0.160660 0.171664 -1.164262
v 0.141471 0.172623 -1.187184
v 0.154017 0.170308 -1.198968
v 0.116635 0.177934 -1.204743
v 0.115896 0.176927 -1.222450
v 0.081212 0.192116 -1.215401
v 0.076496 0.183714 -1.232324
v 0.065112 0.189740 -1.217690
v 0.058866 0.177930 -1.210902
v 0.064057 0.171696 -1.224802
v 0.070534 0.146175 -1.196186
v 0.063164 0.157393 -1.189649
v 0.067005 0.127832 -1.148399
v 0.072457 0.118489 -1.156128
v 0.074299 0.105485 -1.140839
v 0.075448 0.104169 -1.122385
v 0.072279 0.077358 -1.116565
v 0.072522 0.069424 -1.062136
v 0.071076 0.104729 -1.092288
v 0.036265 0.120295 -1.076733
v 0.031140 0.079365 -1.044047
v -0.000000 0.094377 -1.041171
v -0.000000 0.132069 -1.071910
v 0.118118 0.200752 -0.946472
v 0.063417 0.212686 -0.891457
v 0.154333 0.293290 -0.933489
v 0.084789 0.315575 -0.871193
v -0.000000 0.218566 -0.858965
v -0.000000 0.323186 -0.824829
v 0.055080 0.169818 -1.181854
v 0.050784 0.181098 -1.170524
v 0.058866 0.177930 -1.210902
v 0.065112 0.189740 -1.217690
v 0.063164 0.157393 -1.189649
v 0.057472 0.185509 -1.157756
v 0.081212 0.192116 -1.215401
v 0.118861 0.174930 -1.166124
v 0.116635 0.177934 -1.204743
v 0.067005 0.127832 -1.148399
v 0.056685 0.143747 -1.137125
v 0.075448 0.104169 -1.122385
v 0.071076 0.104729 -1.092288
v 0.038346 0.157526 -1.125046
v 0.036265 0.120295 -1.076733
v 0.071528 0.163535 -1.105128
v 0.128748 0.168878 -1.134922
v 0.108332 0.155871 -1.084594
v 0.140294 0.166684 -1.119251
v 0.039408 0.162416 -1.110026
v -0.000000 0.132069 -1.071910
v 0.140499 0.163167 -1.046999
v 0.210695 0.219778 -1.084114
v 0.142520 0.176207 -1.014740
v 0.196940 0.266329 -1.008266
v 0.151430 0.172951 -1.114696
v 0.167929 0.177643 -1.134287
v 0.189635 0.185417 -1.147319
v 0.174093 0.176105 -1.173832
v 0.156864 0.176273 -1.166225
v 0.137571 0.177335 -1.188788
v 0.150070 0.174977 -1.200548
v 0.113574 0.182484 -1.206343
v 0.112880 0.181340 -1.224600
v 0.078038 0.196433 -1.218297
v 0.072688 0.187465 -1.236451
v 0.060625 0.193748 -1.221089
v 0.053695 0.180395 -1.213160
v 0.058935 0.174393 -1.227498
v 0.065469 0.146821 -1.195829
v 0.062229 0.155677 -1.189204
v 0.056273 0.139885 -1.164136
v 0.067852 0.117640 -1.155883
v 0.114142 0.202930 -0.950912
v 0.150636 0.295384 -0.938202
v 0.060691 0.214437 -0.896913
v 0.082098 0.317304 -0.876674
v -0.000000 0.220050 -0.865455
v -0.000000 0.222668 -0.864761
v 0.082098 0.317304 -0.876674
v -0.000000 0.324797 -0.831351
v 0.054144 0.168130 -1.182180
v 0.053695 0.180395 -1.213160
v 0.044524 0.184346 -1.172271
v 0.060625 0.193748 -1.221089
v 0.062229 0.155677 -1.189204
v 0.053444 0.190027 -1.159429
v 0.078038 0.196433 -1.218297
v 0.115744 0.179555 -1.167630
v 0.113574 0.182484 -1.206343
v 0.056273 0.139885 -1.164136
v 0.047937 0.136323 -1.131244
v 0.027512 0.160062 -1.127376
v 0.033585 0.128904 -1.095321
v 0.068327 0.168110 -1.106476
v 0.125126 0.173625 -1.136637
v 0.104650 0.160616 -1.086122
v 0.136293 0.171393 -1.121092
v 0.034599 0.166373 -1.113453
v -0.000000 0.140157 -1.090172
v -0.000000 0.139609 -1.081945
v 0.201295 0.263640 -1.004515
v 0.196940 0.266329 -1.008266
v 0.215621 0.216385 -1.081763
v 0.210695 0.219778 -1.084114
v 0.194225 0.181339 -1.145187
v 0.189635 0.185417 -1.147319
v 0.178080 0.171560 -1.171951
v 0.174093 0.176105 -1.173832
v 0.154017 0.170308 -1.198968
v 0.150070 0.174977 -1.200548
v 0.115896 0.176927 -1.222450
v 0.112880 0.181340 -1.224600
v 0.076496 0.183714 -1.232324
v 0.072688 0.187465 -1.236451
v 0.064057 0.171696 -1.224802
v 0.058935 0.174393 -1.227498
v 0.070534 0.146175 -1.196186
v 0.065469 0.146821 -1.195829
v 0.072457 0.118489 -1.156128
v 0.067852 0.117640 -1.155883
v 0.074299 0.105485 -1.140839
v 0.084789 0.315575 -0.871193
v 0.082098 0.317304 -0.876674
v 0.154333 0.293290 -0.933489
v 0.150636 0.295384 -0.938202
v -0.000000 0.324797 -0.831351
v -0.000000 0.323186 -0.824829
v 0.128748 0.168878 -1.134922
v 0.125126 0.173625 -1.136637
v 0.118861 0.174930 -1.166124
v 0.115744 0.179555 -1.167630
v 0.116635 0.177934 -1.204743
v 0.113574 0.182484 -1.206343
v 0.136293 0.171393 -1.121092
v 0.140294 0.166684 -1.119251
v 0.151430 0.172951 -1.114696
v 0.155902 0.168455 -1.112832
v -0.054478 0.217478 -0.353874
v -0.055836 0.166019 -0.448413
v -0.000000 0.265339 -0.353739
v -0.000000 0.217277 -0.448267
v -0.093292 0.091305 -0.447875
v -0.088433 0.141501 -0.353286
v -0.053778 0.038285 -0.447858
v -0.052640 0.086861 -0.353204
v -0.000000 0.277369 -0.250296
v -0.053991 0.231363 -0.250417
v -0.085482 0.155710 -0.249846
v -0.054962 0.200902 -0.155443
v -0.086721 0.126700 -0.154927
v -0.000000 0.248072 -0.155339
v -0.053029 0.071309 -0.154815
v -0.052288 0.099707 -0.249709
v -0.000000 0.036982 -0.154590
v -0.000000 0.064635 -0.249454
v -0.000000 0.052155 -0.352963
v -0.000000 0.004642 -0.447659
v -0.057536 0.088862 -0.549447
v -0.098259 0.017037 -0.549026
v -0.061990 0.009561 -0.667085
v -0.105784 -0.066157 -0.669222
v -0.000000 0.063434 -0.663050
v -0.000000 0.143404 -0.549315
v -0.057303 -0.122939 -0.670123
v -0.055313 -0.035218 -0.549039
v -0.062172 -0.165902 -0.785787
v -0.114046 -0.104284 -0.786465
v -0.077324 -0.030987 -0.781384
v -0.000000 0.021129 -0.772862
v -0.000000 -0.198955 -0.782633
v -0.000000 -0.153275 -0.670959
v -0.000000 -0.067555 -0.548893
v -0.000000 0.217277 -0.448267
v -0.055836 0.166019 -0.448413
v -0.093292 0.091305 -0.447875
v -0.053778 0.038285 -0.447858
v -0.000000 0.004642 -0.447659
v -0.079644 -0.028459 -0.862332
v -0.131369 -0.039046 -0.859580
v -0.085656 -0.033652 -0.937697
v -0.124741 -0.060972 -0.929950
v -0.176298 -0.069390 -0.864701
v -0.160592 -0.094382 -0.923836
v -0.120123 -0.053207 -0.791244
v -0.077324 -0.030987 -0.781384
v -0.163633 -0.082342 -0.816284
v -0.187147 -0.135968 -0.892343
v -0.200591 -0.134901 -0.856197
v -0.185869 -0.138620 -0.940813
v -0.149128 -0.112172 -0.933613
v -0.150090 -0.145725 -0.960707
v -0.146608 -0.176192 -0.973508
v -0.172914 -0.171076 -0.969252
v -0.124850 -0.180499 -0.928199
v -0.135006 -0.204272 -0.953878
v -0.204385 -0.158870 -0.907653
v -0.192420 -0.191785 -0.941136
v -0.162161 -0.207373 -0.911548
v -0.166718 -0.184823 -0.812302
v -0.162161 -0.207373 -0.911548
v -0.166718 -0.184823 -0.812302
v -0.171249 -0.178224 -0.986244
v -0.202677 -0.208780 -0.962461
v -0.127581 -0.226125 -0.963594
v -0.146698 -0.185741 -0.984417
v -0.184146 -0.123821 -0.823383
v -0.165627 -0.230562 -0.921853
v -0.155461 -0.133452 -0.801826
v -0.165627 -0.230562 -0.921853
v -0.174187 -0.244306 -0.946875
v -0.127581 -0.226125 -0.963594
v -0.141544 -0.107772 -0.790112
v -0.114046 -0.104284 -0.786465
v -0.180492 -0.194188 -1.000465
v -0.127308 -0.202632 -1.017538
v -0.122681 -0.231232 -0.999689
v -0.169510 -0.239410 -0.965141
v -0.163625 -0.259616 -0.999017
v -0.191899 -0.219324 -1.020015
v -0.000000 0.022981 -0.841104
v -0.000000 0.021129 -0.772862
v -0.000000 0.024598 -0.922411
v -0.114615 -0.107573 -0.943193
v -0.135897 -0.134886 -0.930152
v -0.113321 -0.141704 -0.906007
v -0.113116 -0.149445 -0.852085
v -0.120621 -0.170064 -0.851322
v -0.155461 -0.133452 -0.801826
v -0.141544 -0.107772 -0.790112
v -0.064233 -0.178713 -0.854238
v -0.071142 -0.164193 -0.933061
v -0.062172 -0.165902 -0.785787
v -0.114046 -0.104284 -0.786465
v -0.000000 -0.202340 -0.930835
v -0.000000 -0.201727 -0.856508
v -0.000000 -0.198955 -0.782633
v -0.123936 -0.254292 -1.063758
v -0.128984 -0.233357 -1.060768
v -0.124194 -0.259495 -1.091223
v -0.127470 -0.234991 -1.089140
v -0.154694 -0.221389 -1.073669
v -0.153626 -0.224452 -1.093143
v -0.151258 -0.228184 -1.120527
v -0.100222 -0.245642 -1.111833
v -0.119772 -0.273737 -1.104630
v -0.140021 -0.199765 -1.033552
v -0.160184 -0.201904 -1.057006
v -0.127308 -0.202632 -1.017538
v -0.122681 -0.231232 -0.999689
v -0.163625 -0.259616 -0.999017
v -0.146482 -0.272913 -1.068224
v -0.150601 -0.279330 -1.086471
v -0.146321 -0.302127 -1.117060
v -0.131376 -0.177582 -1.008911
v -0.149835 -0.180485 -1.021507
v -0.166093 -0.171530 -1.006124
v -0.168456 -0.161243 -0.971042
v -0.164702 -0.174630 -1.048183
v -0.147032 -0.175055 -1.023868
v -0.166575 -0.171872 -1.027914
v -0.168382 -0.157745 -0.999970
v -0.153626 -0.224452 -1.093143
v -0.154694 -0.221389 -1.073669
v -0.172588 -0.246120 -1.085782
v -0.172833 -0.241856 -1.064955
v -0.151258 -0.228184 -1.120527
v -0.181333 -0.245222 -1.108376
v -0.150601 -0.279330 -1.086471
v -0.146482 -0.272913 -1.068224
v -0.173602 -0.280428 -1.109523
v -0.146321 -0.302127 -1.117060
v -0.163625 -0.259616 -0.999017
v -0.191899 -0.219324 -1.020015
v -0.160184 -0.201904 -1.057006
v -0.179007 -0.209498 -1.035024
v -0.164702 -0.174630 -1.048183
v -0.180209 -0.183712 -1.023079
v -0.166575 -0.171872 -1.027914
v -0.193532 -0.192439 -1.001457
v -0.177943 -0.186262 -1.020467
v -0.166093 -0.171530 -1.006124
v -0.168456 -0.161243 -0.971042
v -0.168382 -0.157745 -0.999970
v -0.090211 -0.240530 -1.197596
v -0.092820 -0.264220 -1.185688
v -0.120192 -0.216212 -1.176659
v -0.128425 -0.232035 -1.158314
v -0.088407 -0.224099 -1.210884
v -0.109852 -0.181959 -1.190513
v -0.100456 -0.169386 -1.224114
v -0.081044 -0.208365 -1.242172
v -0.094176 -0.274900 -1.161925
v -0.094950 -0.247732 -1.138205
v -0.081114 -0.266953 -1.115610
v -0.080024 -0.271623 -1.142939
v -0.064648 -0.278491 -1.143181
v -0.065583 -0.276166 -1.116895
v -0.089287 -0.293506 -1.117259
v -0.073651 -0.301989 -1.118257
v -0.119772 -0.273737 -1.104630
v -0.151258 -0.228184 -1.120527
v -0.152701 -0.234476 -1.159909
v -0.182792 -0.234722 -1.146787
v -0.181333 -0.245222 -1.108376
v -0.163888 -0.247070 -1.192299
v -0.178901 -0.227683 -1.206817
v -0.200781 -0.207766 -1.185376
v -0.187683 -0.214198 -1.222328
v -0.215718 -0.183013 -1.201164
v -0.151151 -0.250718 -1.193953
v -0.208712 -0.253922 -1.139880
v -0.195510 -0.291601 -1.138163
v -0.173602 -0.280428 -1.109523
v -0.230694 -0.260158 -1.156942
v -0.225156 -0.290408 -1.156005
v -0.267247 -0.252579 -1.172487
v -0.252311 -0.297510 -1.167427
v -0.192587 -0.264501 -1.177711
v -0.196951 -0.277965 -1.172055
v -0.146321 -0.302127 -1.117060
v -0.225736 -0.221619 -1.212871
v -0.208884 -0.237335 -1.197106
v -0.213651 -0.275433 -1.173130
v -0.236716 -0.279865 -1.192821
v -0.271068 -0.241673 -1.168667
v -0.214694 -0.168988 -1.193928
v -0.144475 -0.227472 -1.198794
v -0.135906 -0.212848 -1.213685
v -0.123247 -0.193529 -1.242907
v -0.099683 -0.158056 -1.215337
v -0.187683 -0.214198 -1.222328
v -0.214694 -0.168988 -1.193928
v -0.193939 -0.215068 -1.246091
v -0.230513 -0.178719 -1.238407
v -0.202199 -0.230223 -1.263775
v -0.228706 -0.212037 -1.271843
v -0.212202 -0.259730 -1.280159
v -0.225736 -0.221619 -1.212871
v -0.233328 -0.223789 -1.233712
v -0.231503 -0.238636 -1.254217
v -0.193939 -0.215068 -1.246091
v -0.187683 -0.214198 -1.222328
v -0.202199 -0.230223 -1.263775
v -0.045117 -0.269620 -1.104691
v -0.055778 -0.308778 -1.113411
v -0.044330 -0.279100 -1.112025
v -0.046006 -0.282314 -1.143587
v -0.135906 -0.212848 -1.213685
v -0.144475 -0.227472 -1.198794
v -0.088407 -0.224099 -1.210884
v -0.090211 -0.240530 -1.197596
v -0.123247 -0.193529 -1.242907
v -0.081044 -0.208365 -1.242172
v -0.092820 -0.264220 -1.185688
v -0.151151 -0.250718 -1.193953
v -0.145825 -0.284421 -1.146121
v -0.094176 -0.274900 -1.161925
v -0.089333 -0.289766 -1.138814
v -0.146321 -0.302127 -1.117060
v -0.195510 -0.291601 -1.138163
v -0.196951 -0.277965 -1.172055
v -0.225156 -0.290408 -1.156005
v -0.213651 -0.275433 -1.173130
v -0.252311 -0.297510 -1.167427
v -0.236716 -0.279865 -1.192821
v -0.192587 -0.264501 -1.177711
v -0.163888 -0.247070 -1.192299
v -0.208884 -0.237335 -1.197106
v -0.178901 -0.227683 -1.206817
v -0.225736 -0.221619 -1.212871
v -0.187683 -0.214198 -1.222328
v -0.080024 -0.271623 -1.142939
v -0.089287 -0.293506 -1.117259
v -0.073651 -0.301989 -1.118257
v -0.074623 -0.302034 -1.143137
v -0.055011 -0.308151 -1.140452
v -0.055778 -0.308778 -1.113411
v -0.064648 -0.278491 -1.143181
v -0.046006 -0.282314 -1.143587
v -0.113551 -0.192382 -1.268610
v -0.089214 -0.171447 -1.265052
v -0.123247 -0.193529 -1.242907
v -0.099683 -0.158056 -1.215337
v -0.095613 -0.210447 -1.300040
v -0.081044 -0.208365 -1.242172
v -0.078883 -0.201966 -1.262291
v -0.081044 -0.208365 -1.242172
v -0.078883 -0.201966 -1.262291
v -0.046006 -0.282314 -1.143587
v -0.029930 -0.302390 -1.149056
v -0.045117 -0.269620 -1.104691
v -0.020903 -0.300109 -1.123207
v -0.024992 -0.342909 -1.155116
v -0.041630 -0.317749 -1.142362
v -0.055011 -0.308151 -1.140452
v -0.039095 -0.320572 -1.120746
v -0.055778 -0.308778 -1.113411
v -0.039095 -0.320572 -1.120746
v -0.055778 -0.308778 -1.113411
v 0.000000 0.053882 1.315602
v -0.028812 0.029330 1.315638
v 0.000000 0.129864 1.217236
v -0.030763 0.104549 1.217065
v 0.000000 0.211128 1.118401
v -0.033055 0.184404 1.118034
v -0.034900 0.262826 1.007956
v 0.000000 0.294020 1.007796
v 0.000000 0.347469 0.904338
v -0.037674 0.314884 0.904577
v 0.000000 0.358627 0.798605
v -0.040750 0.324650 0.798919
v 0.000000 0.326901 0.713585
v -0.044440 0.289970 0.713917
v 0.000000 0.264058 0.629739
v -0.046229 0.224716 0.630014
v -0.077206 0.217640 0.716248
v -0.073098 0.254318 0.801275
v -0.051391 0.149686 0.551367
v 0.000000 0.191510 0.551151
v -0.057860 0.075894 0.472551
v 0.000000 0.119060 0.472426
v 0.000000 0.067542 0.402483
v -0.062140 0.022771 0.396214
v -0.089472 -0.005111 0.473897
v -0.091711 -0.057852 0.404970
v 0.000000 -0.131594 0.392606
v 0.000000 -0.068887 0.474160
v 0.000000 0.011611 0.553765
v -0.086232 0.072205 0.553350
v 0.000000 0.090640 0.632921
v -0.081199 0.151596 0.632200
v 0.000000 0.162688 0.716935
v 0.000000 0.201217 0.802064
v 0.000000 0.200157 0.907320
v -0.068302 0.249887 0.906547
v 0.000000 0.158583 1.010057
v -0.063395 0.204444 1.009284
v 0.000000 0.087676 1.119535
v -0.059418 0.132209 1.118845
v 0.000000 0.018501 1.218037
v -0.054946 0.057382 1.217643
v -0.051812 -0.013482 1.316060
v 0.000000 -0.049493 1.316228
v -0.047402 -0.059786 1.408519
v 0.000000 -0.091065 1.408513
v 0.000000 -0.081266 1.498033
v -0.041399 -0.051738 1.497763
v -0.024400 -0.021283 1.408261
v 0.000000 -0.000328 1.408358
v -0.021229 -0.017402 1.497163
v -0.035666 -0.008579 1.567266
v -0.018378 0.023962 1.566542
v 0.000000 0.001676 1.497124
v 0.000000 0.040628 1.566491
v 0.000000 -0.033321 1.567577
v 0.000000 0.010016 1.630819
v -0.031288 0.033547 1.630382
v 0.000000 0.048970 1.692570
v -0.026287 0.068492 1.692124
v 0.000000 0.074745 1.756019
v -0.020688 0.091985 1.755589
v -0.016577 0.064038 1.629565
v -0.015620 0.095833 1.691357
v 0.000000 0.079286 1.629494
v 0.000000 0.110096 1.691239
v -0.013167 0.116214 1.755005
v -0.016739 0.100739 1.823493
v -0.010881 0.121430 1.823140
v 0.000000 0.129143 1.754956
v 0.000000 0.132315 1.823162
v 0.000000 0.084717 1.823842
v 0.000000 0.076018 1.927651
v -0.011623 0.087303 1.927525
v 0.000000 0.109520 1.927455
v -0.008114 0.101272 1.927424
v 0.000000 0.065363 2.116056
v 0.000000 0.006749 0.281081
v -0.066017 -0.048629 0.255369
v 0.000000 0.019398 0.203611
v -0.060739 -0.033398 0.203112
v -0.097658 -0.113330 0.248402
v -0.095206 -0.097185 0.203210
v -0.058303 -0.150522 0.203240
v -0.059099 -0.164481 0.251887
v 0.000000 0.060748 0.123558
v -0.059385 0.009112 0.123501
v 0.000000 0.124515 0.034788
v -0.057884 0.072855 0.033332
v -0.091720 -0.056999 0.123693
v -0.091030 0.003739 0.033632
v -0.055634 -0.050464 0.033696
v -0.057031 -0.110959 0.123747
v 0.000000 0.193839 -0.060922
v -0.056337 0.144024 -0.062714
v -0.000000 0.248072 -0.155339
v -0.054962 0.200902 -0.155443
v -0.088192 0.072318 -0.062334
v -0.086721 0.126700 -0.154927
v -0.054223 0.017387 -0.062241
v -0.053029 0.071309 -0.154815
v 0.000000 -0.015869 -0.062059
v -0.000000 0.036982 -0.154590
v 0.000000 -0.082537 0.033831
v 0.000000 -0.141899 0.123837
v 0.000000 -0.180450 0.203289
v 0.000000 -0.193523 0.255374
v -0.067908 -0.001667 0.330423
v -0.066017 -0.048629 0.255369
v 0.000000 0.035811 0.339566
v 0.000000 0.006749 0.281081
v -0.062140 0.022771 0.396214
v 0.000000 0.067542 0.402483
v -0.098628 -0.017488 0.325809
v -0.100046 0.011245 0.396927
v -0.137205 -0.042024 0.325022
v -0.133138 -0.066820 0.266094
v -0.097726 -0.056662 0.255239
v -0.128106 -0.012525 0.396824
v -0.091711 -0.057852 0.404970
v -0.174184 -0.086128 0.349126
v -0.154331 -0.133317 0.298148
v -0.187588 -0.136436 0.385482
v -0.172966 -0.189420 0.337308
v -0.175185 -0.212964 0.387210
v -0.147565 -0.199586 0.322089
v -0.142113 -0.224502 0.388467
v -0.138495 -0.206517 0.446762
v -0.158442 -0.197652 0.447384
v -0.183702 -0.166167 0.415310
v -0.162986 -0.078925 0.412702
v -0.143708 -0.062182 0.391521
v -0.156033 -0.194167 0.477387
v -0.167008 -0.148342 0.462806
v -0.179270 -0.150146 0.494808
v -0.130006 -0.207538 0.478547
v -0.165445 -0.131142 0.430160
v -0.114312 -0.059367 0.415529
v -0.128147 -0.113893 0.433842
v -0.132911 -0.108545 0.448985
v -0.101512 -0.145959 0.423938
v -0.112310 -0.145754 0.451441
v -0.132911 -0.108546 0.448985
v -0.128147 -0.113893 0.433842
v -0.085433 -0.109269 0.406615
v -0.114312 -0.059367 0.415529
v -0.066777 -0.084699 0.391890
v -0.081612 -0.156921 0.364953
v -0.091145 -0.162747 0.391635
v -0.063178 -0.144831 0.296965
v -0.097658 -0.113330 0.248402
v -0.091711 -0.057852 0.404970
v -0.123155 -0.197398 0.329743
v -0.123830 -0.106642 0.237786
v -0.113824 -0.155293 0.470727
v -0.137257 -0.123627 0.471101
v -0.136885 -0.099319 0.482453
v -0.108341 -0.171977 0.494691
v -0.137316 -0.098364 0.509256
v -0.144523 -0.134995 0.525394
v -0.059099 -0.164481 0.251887
v 0.000000 -0.190081 0.299517
v 0.000000 -0.193523 0.255374
v 0.000000 -0.161130 0.362869
v 0.000000 -0.131594 0.392606
v -0.137257 -0.123627 0.471101
v -0.136885 -0.099319 0.482453
v -0.137316 -0.098364 0.509256
v -0.144523 -0.134995 0.525394
v -0.271068 -0.241673 -1.168667
v -0.286004 -0.274856 -1.194613
v -0.236716 -0.279865 -1.192821
v -0.260328 -0.287078 -1.204157
v -0.277526 -0.314098 -1.211669
v -0.252311 -0.297510 -1.167427
v -0.272905 -0.298762 -1.182805
v -0.236716 -0.279865 -1.192821
v -0.260328 -0.287078 -1.204157
v -0.100222 -0.245642 -1.111833
v -0.146321 -0.302127 -1.117060
v -0.122681 -0.231232 -0.999689
v -0.163625 -0.259616 -0.999017
v -0.127581 -0.226125 -0.963594
v -0.158558 -0.184098 -1.002407
v -0.180492 -0.194188 -1.000465
v -0.193532 -0.192439 -1.001457
v -0.171249 -0.178224 -0.986244
v -0.168456 -0.161243 -0.971042
v -0.191899 -0.219324 -1.020015
v -0.180209 -0.183712 -1.023079
v -0.168382 -0.157745 -0.999970
v -0.177943 -0.186262 -1.020467
v -0.166093 -0.171530 -1.006124
v -0.179007 -0.209498 -1.035024
v -0.127308 -0.202632 -1.017538
v -0.158558 -0.184098 -1.002407
v -0.131376 -0.177582 -1.008911
v -0.171249 -0.178224 -0.986244
v -0.168456 -0.161243 -0.971042
v -0.166093 -0.171530 -1.006124
v -0.168382 -0.157745 -0.999970
v -0.149835 -0.180485 -1.021507
v -0.147032 -0.175055 -1.023868
v -0.140021 -0.199765 -1.033552
v -0.183443 -0.175803 0.499124
v -0.161060 -0.215947 0.496104
v -0.179270 -0.150146 0.494808
v -0.156033 -0.194167 0.477387
v -0.129818 -0.218690 0.499856
v -0.130006 -0.207538 0.478547
v -0.108949 -0.185131 0.503266
v -0.108340 -0.171977 0.494691
v -0.144523 -0.134995 0.525394
v -0.148515 -0.180700 0.537544
v -0.144523 -0.134995 0.525394
v -0.108949 -0.185131 0.503266
v -0.170354 -0.225291 0.516299
v -0.129070 -0.250912 0.536839
v -0.116475 -0.221475 0.548629
v -0.149388 -0.175158 0.526926
v -0.152589 -0.199425 0.567573
v -0.187736 -0.229865 0.546733
v -0.152589 -0.199425 0.567573
v -0.151345 -0.236514 0.510916
v -0.139118 -0.245103 0.561549
v -0.143550 -0.265147 0.560016
v -0.142977 -0.240113 0.582246
v -0.146165 -0.259387 0.584932
v -0.171255 -0.273168 0.569791
v -0.172915 -0.268875 0.582666
v -0.175946 -0.261939 0.607431
v -0.127300 -0.254384 0.606473
v -0.142148 -0.229035 0.591276
v -0.142497 -0.262204 0.540470
v -0.170121 -0.277983 0.562757
v -0.129070 -0.250912 0.536839
v -0.116475 -0.221475 0.548629
v -0.152589 -0.199425 0.567573
v -0.158622 -0.226547 0.556386
v -0.164963 -0.218260 0.570861
v -0.168643 -0.193045 0.596715
v -0.135306 -0.251749 0.511454
v -0.148738 -0.256515 0.518039
v -0.159578 -0.242414 0.501876
v -0.152543 -0.221158 0.479197
v -0.171500 -0.277154 0.522418
v -0.147015 -0.261251 0.514698
v -0.165908 -0.260696 0.512100
v -0.160425 -0.241657 0.487213
v -0.172915 -0.268875 0.582666
v -0.171255 -0.273168 0.569791
v -0.188753 -0.249567 0.568265
v -0.185596 -0.256215 0.550013
v -0.175946 -0.261939 0.607431
v -0.199816 -0.247618 0.586263
v -0.164963 -0.218260 0.570861
v -0.158622 -0.226547 0.556386
v -0.191998 -0.214443 0.585138
v -0.168643 -0.193045 0.596715
v -0.152589 -0.199425 0.567573
v -0.187735 -0.229865 0.546733
v -0.170121 -0.277983 0.562757
v -0.179137 -0.249635 0.546308
v -0.171500 -0.277154 0.522418
v -0.176585 -0.247931 0.516666
v -0.165908 -0.260696 0.512100
v -0.182486 -0.223386 0.514413
v -0.173720 -0.246109 0.520158
v -0.159578 -0.242414 0.501876
v -0.152542 -0.221158 0.479197
v -0.160425 -0.241657 0.487213
v -0.141633 -0.240461 0.691743
v -0.140009 -0.219758 0.677478
v -0.161057 -0.265989 0.668575
v -0.165864 -0.253503 0.647101
v -0.144126 -0.254192 0.706148
v -0.155429 -0.296308 0.689313
v -0.158109 -0.304629 0.722606
v -0.146440 -0.264992 0.738135
v -0.134456 -0.212728 0.654492
v -0.129603 -0.249102 0.631322
v -0.116605 -0.236046 0.630499
v -0.110338 -0.243849 0.606243
v -0.102528 -0.229514 0.634078
v -0.096328 -0.234987 0.610518
v -0.117333 -0.218788 0.602279
v -0.103173 -0.210647 0.606413
v -0.142148 -0.229035 0.591276
v -0.175946 -0.261939 0.607431
v -0.188198 -0.251118 0.641614
v -0.211880 -0.252658 0.621602
v -0.199817 -0.247618 0.586263
v -0.206697 -0.235307 0.666102
v -0.224846 -0.251725 0.677381
v -0.239487 -0.273170 0.654585
v -0.237431 -0.262460 0.690537
v -0.258083 -0.294457 0.667675
v -0.195496 -0.231627 0.670618
v -0.232862 -0.235636 0.606010
v -0.219235 -0.200479 0.603509
v -0.191998 -0.214443 0.585138
v -0.257187 -0.227748 0.614569
v -0.250949 -0.199489 0.611576
v -0.294738 -0.233061 0.619464
v -0.278401 -0.191517 0.613559
v -0.228171 -0.220916 0.643073
v -0.230158 -0.209023 0.635178
v -0.168643 -0.193045 0.596715
v -0.269085 -0.256849 0.670773
v -0.249053 -0.244020 0.659321
v -0.245651 -0.211332 0.631894
v -0.271726 -0.204811 0.642735
v -0.297512 -0.243778 0.616315
v -0.255646 -0.308504 0.663158
v -0.191509 -0.252780 0.679597
v -0.188253 -0.264588 0.697067
v -0.185323 -0.278996 0.729075
v -0.154742 -0.316348 0.716341
v -0.237431 -0.262460 0.690537
v -0.255645 -0.308504 0.663159
v -0.249505 -0.258696 0.710048
v -0.281705 -0.293883 0.697577
v -0.261288 -0.242313 0.721827
v -0.288058 -0.258462 0.724038
v -0.273837 -0.212648 0.730229
v -0.269085 -0.256849 0.670772
v -0.281536 -0.252238 0.687139
v -0.284962 -0.235748 0.704240
v -0.249505 -0.258696 0.710047
v -0.237432 -0.262460 0.690537
v -0.261288 -0.242313 0.721827
v -0.074702 -0.247407 0.602911
v -0.085460 -0.209658 0.603088
v -0.075672 -0.237600 0.608560
v -0.085636 -0.230645 0.636034
v -0.188253 -0.264588 0.697067
v -0.191509 -0.252780 0.679597
v -0.144126 -0.254192 0.706148
v -0.141633 -0.240461 0.691743
v -0.185323 -0.278996 0.729075
v -0.146440 -0.264992 0.738135
v -0.140009 -0.219758 0.677478
v -0.195495 -0.231627 0.670618
v -0.176634 -0.206001 0.625070
v -0.134456 -0.212728 0.654492
v -0.123334 -0.219597 0.622061
v -0.168643 -0.193045 0.596715
v -0.219235 -0.200479 0.603509
v -0.230158 -0.209023 0.635178
v -0.250948 -0.199489 0.611576
v -0.245651 -0.211332 0.631894
v -0.278401 -0.191517 0.613559
v -0.271726 -0.204811 0.642735
v -0.228171 -0.220916 0.643073
v -0.206697 -0.235307 0.666102
v -0.249053 -0.244020 0.659321
v -0.224845 -0.251725 0.677381
v -0.269085 -0.256849 0.670773
v -0.237431 -0.262460 0.690537
v -0.116605 -0.236046 0.630499
v -0.117333 -0.218788 0.602279
v -0.103174 -0.210647 0.606413
v -0.110793 -0.207495 0.628468
v -0.092112 -0.206858 0.627637
v -0.085460 -0.209658 0.603088
v -0.102528 -0.229514 0.634078
v -0.085637 -0.230645 0.636034
v -0.183466 -0.277011 0.754843
v -0.160534 -0.298536 0.760197
v -0.185323 -0.278996 0.729075
v -0.154742 -0.316348 0.716341
v -0.175216 -0.255924 0.785809
v -0.146440 -0.264992 0.738135
v -0.150069 -0.268644 0.757481
v -0.146440 -0.264992 0.738135
v -0.150069 -0.268644 0.757481
v -0.085636 -0.230645 0.636034
v -0.071918 -0.211075 0.642896
v -0.074702 -0.247407 0.602911
v -0.056815 -0.216410 0.622440
v -0.067789 -0.172317 0.644775
v -0.080205 -0.197566 0.631839
v -0.092112 -0.206858 0.627637
v -0.071964 -0.197615 0.612793
v -0.085460 -0.209658 0.603088
v -0.071964 -0.197615 0.612793
v -0.085460 -0.209658 0.603088
v -0.297513 -0.243778 0.616315
v -0.317000 -0.209491 0.631506
v -0.271726 -0.204811 0.642735
v -0.295946 -0.196732 0.645594
v -0.312686 -0.170538 0.644372
v -0.278401 -0.191517 0.613559
v -0.301173 -0.188506 0.621589
v -0.271727 -0.204811 0.642735
v -0.295946 -0.196732 0.645594
v -0.127300 -0.254384 0.606473
v -0.168643 -0.193045 0.596715
v -0.170354 -0.225291 0.516299
v -0.182486 -0.223386 0.514413
v -0.161060 -0.215947 0.496104
v -0.152543 -0.210312 0.468356
v -0.187735 -0.229865 0.546733
v -0.176586 -0.247931 0.516666
v -0.160425 -0.241657 0.487213
v -0.173720 -0.246109 0.520158
v -0.159578 -0.242414 0.501876
v -0.179137 -0.249635 0.546308
v -0.129070 -0.250912 0.536839
v -0.151345 -0.236514 0.510916
v -0.135306 -0.251749 0.511454
v -0.161060 -0.215947 0.496104
v -0.152542 -0.221158 0.479197
v -0.159578 -0.242414 0.501875
v -0.160425 -0.241657 0.487213
v -0.148738 -0.256515 0.518039
v -0.147015 -0.261251 0.514698
v -0.142497 -0.262204 0.540470
v -0.000000 0.217277 -0.448267
v 0.055836 0.166019 -0.448413
v -0.000000 0.265339 -0.353739
v 0.054478 0.217478 -0.353874
v 0.093291 0.091305 -0.447875
v 0.088432 0.141501 -0.353286
v 0.053778 0.038285 -0.447857
v 0.052640 0.086861 -0.353204
v -0.000000 0.277369 -0.250296
v 0.053991 0.231363 -0.250417
v 0.085482 0.155710 -0.249846
v 0.054962 0.200902 -0.155443
v 0.086721 0.126700 -0.154927
v -0.000000 0.248072 -0.155339
v 0.053029 0.071309 -0.154815
v 0.052288 0.099707 -0.249709
v -0.000000 0.036982 -0.154590
v -0.000000 0.064635 -0.249454
v -0.000000 0.052155 -0.352963
v -0.000000 0.004642 -0.447659
v 0.105784 -0.066157 -0.669222
v 0.098259 0.017037 -0.549026
v 0.061990 0.009561 -0.667085
v 0.057536 0.088862 -0.549447
v -0.000000 0.063434 -0.663050
v -0.000000 0.143404 -0.549315
v 0.057303 -0.122939 -0.670123
v 0.055313 -0.035218 -0.549039
v 0.062172 -0.165902 -0.785787
v 0.114045 -0.104284 -0.786465
v 0.077324 -0.030987 -0.781384
v -0.000000 0.021129 -0.772862
v -0.000000 -0.198955 -0.782633
v -0.000000 -0.153275 -0.670959
v -0.000000 -0.067555 -0.548893
v -0.000000 0.217277 -0.448267
v 0.055836 0.166019 -0.448413
v 0.093291 0.091305 -0.447875
v 0.053778 0.038285 -0.447857
v -0.000000 0.004642 -0.447659
v 0.124741 -0.060972 -0.929950
v 0.131369 -0.039046 -0.859580
v 0.085656 -0.033652 -0.937697
v 0.079644 -0.028459 -0.862332
v 0.176298 -0.069390 -0.864701
v 0.160591 -0.094382 -0.923836
v 0.120123 -0.053207 -0.791244
v 0.077324 -0.030987 -0.781384
v 0.163633 -0.082342 -0.816284
v 0.187147 -0.135968 -0.892343
v 0.200591 -0.134901 -0.856197
v 0.185868 -0.138620 -0.940813
v 0.149128 -0.112172 -0.933613
v 0.150090 -0.145725 -0.960707
v 0.146608 -0.176192 -0.973508
v 0.172914 -0.171076 -0.969252
v 0.124850 -0.180499 -0.928199
v 0.135006 -0.204272 -0.953878
v 0.204385 -0.158870 -0.907653
v 0.192420 -0.191785 -0.941136
v 0.162161 -0.207373 -0.911548
v 0.166718 -0.184823 -0.812302
v 0.162161 -0.207373 -0.911548
v 0.166718 -0.184823 -0.812302
v 0.171249 -0.178224 -0.986244
v 0.202677 -0.208780 -0.962461
v 0.127581 -0.226125 -0.963594
v 0.146698 -0.185741 -0.984417
v 0.184146 -0.123821 -0.823383
v 0.165627 -0.230562 -0.921853
v 0.155461 -0.133452 -0.801826
v 0.165627 -0.230562 -0.921853
v 0.174187 -0.244306 -0.946875
v 0.127581 -0.226125 -0.963594
v 0.141544 -0.107772 -0.790112
v 0.114045 -0.104284 -0.786465
v 0.180492 -0.194188 -1.000465
v 0.127308 -0.202632 -1.017538
v 0.122681 -0.231232 -0.999689
v 0.169510 -0.239410 -0.965141
v 0.163625 -0.259616 -0.999017
v 0.191899 -0.219324 -1.020015
v -0.000000 0.021129 -0.772862
v -0.000000 0.022981 -0.841104
v -0.000000 0.024598 -0.922411
v 0.114615 -0.107573 -0.943193
v 0.135897 -0.134886 -0.930152
v 0.113321 -0.141704 -0.906007
v 0.113116 -0.149445 -0.852085
v 0.120621 -0.170064 -0.851322
v 0.155461 -0.133452 -0.801826
v 0.141544 -0.107772 -0.790112
v 0.064233 -0.178713 -0.854238
v 0.071142 -0.164193 -0.933061
v 0.062172 -0.165902 -0.785787
v 0.114045 -0.104284 -0.786465
v -0.000000 -0.202340 -0.930835
v -0.000000 -0.201727 -0.856508
v -0.000000 -0.198955 -0.782633
v 0.127470 -0.234991 -1.089140
v 0.128984 -0.233357 -1.060768
v 0.124194 -0.259495 -1.091223
v 0.123936 -0.254292 -1.063758
v 0.154694 -0.221389 -1.073669
v 0.153626 -0.224452 -1.093143
v 0.151258 -0.228184 -1.120527
v 0.100222 -0.245642 -1.111833
v 0.119771 -0.273737 -1.104630
v 0.140021 -0.199765 -1.033552
v 0.160184 -0.201904 -1.057006
v 0.127308 -0.202632 -1.017538
v 0.122681 -0.231232 -0.999689
v 0.163625 -0.259616 -0.999017
v 0.146482 -0.272913 -1.068224
v 0.150600 -0.279330 -1.086471
v 0.146321 -0.302127 -1.117060
v 0.131376 -0.177582 -1.008911
v 0.149835 -0.180485 -1.021507
v 0.166093 -0.171530 -1.006124
v 0.168456 -0.161243 -0.971042
v 0.164702 -0.174630 -1.048183
v 0.147032 -0.175055 -1.023868
v 0.166575 -0.171872 -1.027914
v 0.168382 -0.157745 -0.999970
v 0.172833 -0.241856 -1.064955
v 0.154694 -0.221389 -1.073669
v 0.172588 -0.246120 -1.085782
v 0.153626 -0.224452 -1.093143
v 0.151258 -0.228184 -1.120527
v 0.181332 -0.245222 -1.108376
v 0.150600 -0.279330 -1.086471
v 0.146482 -0.272913 -1.068224
v 0.173602 -0.280428 -1.109523
v 0.146321 -0.302127 -1.117060
v 0.163625 -0.259616 -0.999017
v 0.191899 -0.219324 -1.020015
v 0.160184 -0.201904 -1.057006
v 0.179007 -0.209498 -1.035024
v 0.164702 -0.174630 -1.048183
v 0.180209 -0.183712 -1.023079
v 0.166575 -0.171872 -1.027914
v 0.193532 -0.192439 -1.001457
v 0.177942 -0.186262 -1.020467
v 0.166093 -0.171530 -1.006124
v 0.168456 -0.161243 -0.971042
v 0.168382 -0.157745 -0.999970
v 0.128425 -0.232035 -1.158314
v 0.092820 -0.264220 -1.185688
v 0.120192 -0.216212 -1.176659
v 0.090211 -0.240530 -1.197596
v 0.088407 -0.224099 -1.210884
v 0.109852 -0.181959 -1.190513
v 0.100456 -0.169386 -1.224114
v 0.081044 -0.208365 -1.242172
v 0.094176 -0.274900 -1.161925
v 0.094950 -0.247732 -1.138205
v 0.081114 -0.266953 -1.115610
v 0.080024 -0.271623 -1.142939
v 0.064648 -0.278491 -1.143181
v 0.065583 -0.276166 -1.116895
v 0.089287 -0.293506 -1.117259
v 0.073650 -0.301989 -1.118257
v 0.119771 -0.273737 -1.104630
v 0.144475 -0.227472 -1.198794
v 0.151258 -0.228184 -1.120527
v 0.152701 -0.234476 -1.159909
v 0.182792 -0.234722 -1.146787
v 0.181332 -0.245222 -1.108376
v 0.163887 -0.247070 -1.192299
v 0.178901 -0.227683 -1.206817
v 0.200781 -0.207766 -1.185376
v 0.187683 -0.214198 -1.222328
v 0.215718 -0.183013 -1.201164
v 0.151150 -0.250718 -1.193953
v 0.208712 -0.253922 -1.139880
v 0.195510 -0.291601 -1.138163
v 0.173602 -0.280428 -1.109523
v 0.230694 -0.260158 -1.156942
v 0.225156 -0.290408 -1.156005
v 0.267247 -0.252579 -1.172487
v 0.252311 -0.297510 -1.167427
v 0.192587 -0.264501 -1.177711
v 0.196951 -0.277965 -1.172055
v 0.146321 -0.302127 -1.117060
v 0.225735 -0.221619 -1.212871
v 0.208884 -0.237335 -1.197106
v 0.213651 -0.275433 -1.173130
v 0.236715 -0.279865 -1.192821
v 0.271068 -0.241673 -1.168667
v 0.214694 -0.168988 -1.193928
v 0.135906 -0.212848 -1.213685
v 0.123247 -0.193529 -1.242907
v 0.099683 -0.158056 -1.215337
v 0.230513 -0.178719 -1.238407
v 0.214694 -0.168988 -1.193928
v 0.193939 -0.215068 -1.246091
v 0.187683 -0.214198 -1.222328
v 0.202199 -0.230223 -1.263775
v 0.228706 -0.212037 -1.271843
v 0.212201 -0.259730 -1.280159
v 0.225735 -0.221619 -1.212871
v 0.233328 -0.223789 -1.233712
v 0.231503 -0.238636 -1.254217
v 0.193939 -0.215068 -1.246091
v 0.187683 -0.214198 -1.222328
v 0.202199 -0.230223 -1.263775
v 0.044330 -0.279100 -1.112025
v 0.055778 -0.308778 -1.113411
v 0.045117 -0.269620 -1.104691
v 0.046006 -0.282314 -1.143587
v 0.090211 -0.240530 -1.197596
v 0.144475 -0.227472 -1.198794
v 0.088407 -0.224099 -1.210884
v 0.135906 -0.212848 -1.213685
v 0.123247 -0.193529 -1.242907
v 0.081044 -0.208365 -1.242172
v 0.092820 -0.264220 -1.185688
v 0.151151 -0.250718 -1.193953
v 0.145825 -0.284421 -1.146121
v 0.094176 -0.274900 -1.161925
v 0.089333 -0.289766 -1.138814
v 0.146321 -0.302127 -1.117060
v 0.195510 -0.291601 -1.138163
v 0.196951 -0.277965 -1.172055
v 0.225156 -0.290408 -1.156005
v 0.213651 -0.275433 -1.173130
v 0.252311 -0.297510 -1.167427
v 0.236716 -0.279865 -1.192821
v 0.192587 -0.264501 -1.177711
v 0.163887 -0.247070 -1.192299
v 0.208884 -0.237335 -1.197106
v 0.178901 -0.227683 -1.206817
v 0.225735 -0.221619 -1.212871
v 0.187683 -0.214198 -1.222328
v 0.080024 -0.271623 -1.142939
v 0.089287 -0.293506 -1.117259
v 0.073650 -0.301989 -1.118257
v 0.055778 -0.308778 -1.113411
v 0.055011 -0.308151 -1.140452
v 0.074623 -0.302034 -1.143137
v 0.064648 -0.278491 -1.143181
v 0.046006 -0.282314 -1.143587
v 0.099683 -0.158056 -1.215337
v 0.089214 -0.171447 -1.265052
v 0.123247 -0.193529 -1.242907
v 0.113550 -0.192382 -1.268610
v 0.095613 -0.210447 -1.300040
v 0.081044 -0.208365 -1.242172
v 0.078883 -0.201967 -1.262291
v 0.081044 -0.208365 -1.242172
v 0.078883 -0.201966 -1.262291
v 0.020902 -0.300109 -1.123207
v 0.029929 -0.302390 -1.149056
v 0.045117 -0.269620 -1.104691
v 0.046006 -0.282314 -1.143587
v 0.024992 -0.342909 -1.155116
v 0.041629 -0.317749 -1.142362
v 0.055011 -0.308151 -1.140452
v 0.039095 -0.320572 -1.120746
v 0.055778 -0.308778 -1.113411
v 0.039095 -0.320572 -1.120746
v 0.055778 -0.308778 -1.113411
v 0.030763 0.104549 1.217065
v 0.028813 0.029330 1.315638
v 0.000000 0.129864 1.217236
v 0.000000 0.053882 1.315602
v 0.000000 0.211128 1.118401
v 0.033055 0.184404 1.118034
v 0.034900 0.262826 1.007956
v 0.000000 0.294020 1.007796
v 0.000000 0.347469 0.904338
v 0.037674 0.314884 0.904577
v 0.000000 0.358627 0.798605
v 0.040750 0.324650 0.798919
v 0.000000 0.326901 0.713585
v 0.044440 0.289970 0.713917
v 0.000000 0.264058 0.629739
v 0.046229 0.224716 0.630014
v 0.077206 0.217640 0.716248
v 0.073098 0.254318 0.801275
v 0.051391 0.149686 0.551367
v 0.000000 0.191510 0.551151
v 0.057861 0.075894 0.472551
v 0.000000 0.119060 0.472426
v 0.000000 0.067542 0.402483
v 0.062140 0.022771 0.396214
v 0.089472 -0.005111 0.473897
v 0.091711 -0.057852 0.404970
v 0.000000 -0.131594 0.392606
v 0.000000 -0.068887 0.474160
v 0.000000 0.011611 0.553765
v 0.086233 0.072205 0.553350
v 0.000000 0.090640 0.632921
v 0.081199 0.151596 0.632200
v 0.000000 0.162688 0.716935
v 0.000000 0.201217 0.802064
v 0.000000 0.200157 0.907320
v 0.068302 0.249887 0.906547
v 0.000000 0.158583 1.010057
v 0.063395 0.204444 1.009284
v 0.000000 0.087676 1.119535
v 0.059418 0.132209 1.118845
v 0.000000 0.018501 1.218037
v 0.054946 0.057382 1.217643
v 0.051812 -0.013482 1.316060
v 0.000000 -0.049493 1.316228
v 0.047946 -0.059823 1.408526
v 0.000000 -0.091065 1.408513
v 0.000000 -0.081266 1.498033
v 0.041399 -0.051738 1.497763
v 0.024400 -0.021283 1.408261
v 0.000000 -0.000328 1.408358
v 0.021229 -0.017402 1.497163
v 0.035666 -0.008579 1.567266
v 0.018378 0.023962 1.566542
v 0.000000 0.001676 1.497124
v 0.000000 0.040628 1.566491
v 0.000000 -0.033321 1.567577
v 0.000000 0.010016 1.630819
v 0.031288 0.033547 1.630382
v 0.000000 0.048970 1.692570
v 0.026287 0.068492 1.692124
v 0.000000 0.074745 1.756019
v 0.020689 0.091985 1.755589
v 0.016578 0.064038 1.629565
v 0.015620 0.095833 1.691357
v 0.000000 0.079286 1.629494
v 0.000000 0.110096 1.691239
v 0.013167 0.116214 1.755005
v 0.016739 0.100739 1.823493
v 0.010881 0.121430 1.823140
v 0.000000 0.129143 1.754956
v 0.000000 0.132315 1.823162
v 0.000000 0.084717 1.823842
v 0.000000 0.076018 1.927651
v 0.011623 0.087303 1.927525
v 0.000000 0.109520 1.927455
v 0.008114 0.101272 1.927424
v 0.000000 0.065363 2.116056
v 0.060739 -0.033398 0.203112
v 0.066017 -0.048629 0.255369
v 0.000000 0.019398 0.203611
v 0.000000 0.006749 0.281081
v 0.097658 -0.113330 0.248402
v 0.095206 -0.097185 0.203210
v 0.058303 -0.150522 0.203240
v 0.059099 -0.164481 0.251887
v 0.000000 0.060748 0.123558
v 0.059385 0.009112 0.123501
v 0.000000 0.124515 0.034788
v 0.057884 0.072855 0.033332
v 0.091720 -0.056999 0.123693
v 0.091030 0.003739 0.033632
v 0.055634 -0.050464 0.033696
v 0.057031 -0.110959 0.123747
v 0.000000 0.193839 -0.060922
v 0.056337 0.144024 -0.062714
v -0.000000 0.248072 -0.155339
v 0.054962 0.200902 -0.155443
v 0.088193 0.072318 -0.062334
v 0.086721 0.126700 -0.154927
v 0.054223 0.017387 -0.062241
v 0.053029 0.071309 -0.154815
v 0.000000 -0.015869 -0.062059
v -0.000000 0.036982 -0.154590
v 0.000000 -0.082537 0.033831
v 0.000000 -0.141899 0.123837
v 0.000000 -0.180450 0.203289
v 0.000000 -0.193523 0.255374
v 0.000000 0.006749 0.281081
v 0.066017 -0.048629 0.255369
v 0.000000 0.035811 0.339566
v 0.067908 -0.001667 0.330423
v 0.062140 0.022771 0.396214
v 0.000000 0.067542 0.402483
v 0.098628 -0.017488 0.325809
v 0.100046 0.011245 0.396927
v 0.137205 -0.042024 0.325022
v 0.133138 -0.066820 0.266094
v 0.097726 -0.056662 0.255239
v 0.128106 -0.012525 0.396824
v 0.091711 -0.057852 0.404970
v 0.174184 -0.086128 0.349126
v 0.154331 -0.133317 0.298148
v 0.187588 -0.136436 0.385482
v 0.172966 -0.189420 0.337308
v 0.175185 -0.212964 0.387210
v 0.147565 -0.199586 0.322089
v 0.142114 -0.224502 0.388467
v 0.138495 -0.206517 0.446762
v 0.158442 -0.197652 0.447384
v 0.183702 -0.166167 0.415310
v 0.162986 -0.078925 0.412702
v 0.143708 -0.062182 0.391521
v 0.156033 -0.194167 0.477387
v 0.167008 -0.148342 0.462806
v 0.179270 -0.150146 0.494808
v 0.130006 -0.207538 0.478547
v 0.165445 -0.131142 0.430160
v 0.114312 -0.059367 0.415529
v 0.128147 -0.113893 0.433842
v 0.132911 -0.108545 0.448985
v 0.101512 -0.145959 0.423938
v 0.112310 -0.145754 0.451441
v 0.132911 -0.108545 0.448985
v 0.128147 -0.113893 0.433842
v 0.085433 -0.109269 0.406615
v 0.114312 -0.059367 0.415529
v 0.066777 -0.084699 0.391890
v 0.081612 -0.156921 0.364953
v 0.091145 -0.162747 0.391635
v 0.063178 -0.144831 0.296965
v 0.097658 -0.113330 0.248402
v 0.091711 -0.057852 0.404970
v 0.123155 -0.197398 0.329743
v 0.123830 -0.106642 0.237786
v 0.113824 -0.155293 0.470727
v 0.137257 -0.123627 0.471101
v 0.136885 -0.099319 0.482453
v 0.108341 -0.171977 0.494691
v 0.137316 -0.098364 0.509256
v 0.144523 -0.134995 0.525394
v 0.059099 -0.164481 0.251887
v 0.000000 -0.190081 0.299517
v 0.000000 -0.161130 0.362869
v 0.000000 -0.131594 0.392606
v 0.000000 -0.193523 0.255374
v 0.136885 -0.099319 0.482453
v 0.137257 -0.123627 0.471101
v 0.137316 -0.098364 0.509256
v 0.144523 -0.134995 0.525394
v 0.260328 -0.287078 -1.204157
v 0.286004 -0.274856 -1.194613
v 0.236715 -0.279865 -1.192821
v 0.271068 -0.241673 -1.168667
v 0.277526 -0.314098 -1.211669
v 0.252311 -0.297510 -1.167427
v 0.272904 -0.298762 -1.182805
v 0.236716 -0.279865 -1.192821
v 0.260328 -0.287078 -1.204157
v 0.100222 -0.245642 -1.111833
v 0.146321 -0.302127 -1.117060
v 0.163625 -0.259616 -0.999017
v 0.158558 -0.184098 -1.002407
v 0.168456 -0.161243 -0.971042
v 0.193532 -0.192439 -1.001457
v 0.171249 -0.178224 -0.986244
v 0.180492 -0.194188 -1.000465
v 0.191899 -0.219324 -1.020015
v 0.166093 -0.171530 -1.006124
v 0.168382 -0.157745 -0.999970
v 0.177942 -0.186262 -1.020467
v 0.180209 -0.183712 -1.023079
v 0.179007 -0.209498 -1.035024
v 0.131375 -0.177582 -1.008911
v 0.158558 -0.184098 -1.002407
v 0.127308 -0.202632 -1.017538
v 0.171249 -0.178224 -0.986244
v 0.168456 -0.161243 -0.971042
v 0.147032 -0.175055 -1.023868
v 0.168382 -0.157745 -0.999970
v 0.149835 -0.180485 -1.021507
v 0.166093 -0.171530 -1.006124
v 0.140021 -0.199765 -1.033552
v 0.156033 -0.194167 0.477387
v 0.161061 -0.215947 0.496104
v 0.179270 -0.150146 0.494808
v 0.183443 -0.175803 0.499124
v 0.129818 -0.218690 0.499856
v 0.130006 -0.207538 0.478547
v 0.108949 -0.185131 0.503266
v 0.108341 -0.171977 0.494691
v 0.144523 -0.134995 0.525394
v 0.148515 -0.180700 0.537544
v 0.144523 -0.134995 0.525394
v 0.108949 -0.185131 0.503266
v 0.170354 -0.225291 0.516299
v 0.129070 -0.250912 0.536839
v 0.116476 -0.221475 0.548629
v 0.149388 -0.175158 0.526926
v 0.152590 -0.199425 0.567573
v 0.187736 -0.229865 0.546733
v 0.152590 -0.199425 0.567573
v 0.151345 -0.236514 0.510916
v 0.146165 -0.259387 0.584932
v 0.143550 -0.265147 0.560016
v 0.142977 -0.240113 0.582246
v 0.139118 -0.245103 0.561549
v 0.171255 -0.273168 0.569791
v 0.172915 -0.268875 0.582666
v 0.175946 -0.261939 0.607431
v 0.127300 -0.254384 0.606473
v 0.142148 -0.229035 0.591276
v 0.142497 -0.262204 0.540470
v 0.170121 -0.277013 0.550066
v 0.129070 -0.250912 0.536839
v 0.116476 -0.221475 0.548629
v 0.152590 -0.199425 0.567573
v 0.158622 -0.226547 0.556386
v 0.164963 -0.218260 0.570861
v 0.168643 -0.193045 0.596715
v 0.135306 -0.251749 0.511454
v 0.148738 -0.256515 0.518039
v 0.159578 -0.242414 0.501875
v 0.152543 -0.221158 0.479197
v 0.171500 -0.277154 0.522418
v 0.147015 -0.261251 0.514698
v 0.165908 -0.260696 0.512100
v 0.160425 -0.241657 0.487213
v 0.185596 -0.256215 0.550013
v 0.171255 -0.273168 0.569791
v 0.188754 -0.249567 0.568265
v 0.172915 -0.268875 0.582666
v 0.175946 -0.261939 0.607431
v 0.199817 -0.247618 0.586263
v 0.164963 -0.218260 0.570861
v 0.158622 -0.226547 0.556386
v 0.191998 -0.214443 0.585138
v 0.168643 -0.193045 0.596715
v 0.152590 -0.199425 0.567573
v 0.187736 -0.229865 0.546733
v 0.170121 -0.277983 0.562757
v 0.179137 -0.249635 0.546308
v 0.171500 -0.277154 0.522418
v 0.176586 -0.247931 0.516666
v 0.165908 -0.260696 0.512100
v 0.182486 -0.223386 0.514413
v 0.173720 -0.246109 0.520158
v 0.159578 -0.242414 0.501875
v 0.152543 -0.221158 0.479197
v 0.160425 -0.241657 0.487213
v 0.165865 -0.253503 0.647101
v 0.140009 -0.219758 0.677478
v 0.161057 -0.265989 0.668575
v 0.141633 -0.240461 0.691743
v 0.144127 -0.254192 0.706148
v 0.155429 -0.296308 0.689313
v 0.158109 -0.304629 0.722606
v 0.146440 -0.264992 0.738135
v 0.134457 -0.212728 0.654492
v 0.129604 -0.249102 0.631322
v 0.116605 -0.236046 0.630499
v 0.110339 -0.243849 0.606243
v 0.102529 -0.229514 0.634078
v 0.096329 -0.234987 0.610518
v 0.117334 -0.218788 0.602279
v 0.103174 -0.210647 0.606413
v 0.142148 -0.229035 0.591276
v 0.191509 -0.252780 0.679597
v 0.175946 -0.261939 0.607431
v 0.188198 -0.251118 0.641614
v 0.211880 -0.252658 0.621602
v 0.199817 -0.247618 0.586263
v 0.206697 -0.235307 0.666102
v 0.224846 -0.251725 0.677381
v 0.239487 -0.273170 0.654585
v 0.237432 -0.262460 0.690537
v 0.258083 -0.294457 0.667675
v 0.195496 -0.231627 0.670618
v 0.232863 -0.235636 0.606010
v 0.219235 -0.200479 0.603509
v 0.191998 -0.214443 0.585138
v 0.257187 -0.227748 0.614569
v 0.250949 -0.199489 0.611576
v 0.294738 -0.233061 0.619464
v 0.278402 -0.191517 0.613559
v 0.228171 -0.220916 0.643073
v 0.230158 -0.209023 0.635178
v 0.168643 -0.193045 0.596715
v 0.269086 -0.256849 0.670772
v 0.249053 -0.244020 0.659321
v 0.245652 -0.211332 0.631894
v 0.271727 -0.204811 0.642735
v 0.297513 -0.243778 0.616315
v 0.255646 -0.308504 0.663158
v 0.188253 -0.264588 0.697067
v 0.185324 -0.278996 0.729075
v 0.154742 -0.316348 0.716341
v 0.281705 -0.293883 0.697577
v 0.255646 -0.308504 0.663158
v 0.249506 -0.258696 0.710047
v 0.237432 -0.262460 0.690537
v 0.261289 -0.242313 0.721827
v 0.288058 -0.258462 0.724038
v 0.273837 -0.212648 0.730229
v 0.269086 -0.256849 0.670772
v 0.281536 -0.252238 0.687139
v 0.284962 -0.235748 0.704240
v 0.249506 -0.258696 0.710047
v 0.237432 -0.262460 0.690537
v 0.261289 -0.242313 0.721827
v 0.075672 -0.237600 0.608560
v 0.085460 -0.209658 0.603088
v 0.074702 -0.247407 0.602911
v 0.085637 -0.230645 0.636034
v 0.141633 -0.240461 0.691743
v 0.191509 -0.252780 0.679597
v 0.144127 -0.254192 0.706148
v 0.188253 -0.264588 0.697067
v 0.185324 -0.278996 0.729075
v 0.146440 -0.264992 0.738135
v 0.140009 -0.219758 0.677478
v 0.195496 -0.231627 0.670618
v 0.176635 -0.206001 0.625070
v 0.134457 -0.212728 0.654492
v 0.123334 -0.219597 0.622061
v 0.168643 -0.193045 0.596715
v 0.219235 -0.200479 0.603509
v 0.230158 -0.209023 0.635178
v 0.250949 -0.199489 0.611576
v 0.245652 -0.211332 0.631894
v 0.278402 -0.191517 0.613559
v 0.271727 -0.204811 0.642735
v 0.228171 -0.220916 0.643073
v 0.206697 -0.235307 0.666102
v 0.249053 -0.244020 0.659321
v 0.224846 -0.251725 0.677381
v 0.269086 -0.256849 0.670772
v 0.237432 -0.262460 0.690537
v 0.116605 -0.236046 0.630499
v 0.117334 -0.218788 0.602279
v 0.103174 -0.210647 0.606413
v 0.085460 -0.209658 0.603088
v 0.092112 -0.206858 0.627637
v 0.110793 -0.207495 0.628468
v 0.102529 -0.229514 0.634078
v 0.085637 -0.230645 0.636034
v 0.154742 -0.316348 0.716341
v 0.160535 -0.298536 0.760197
v 0.185324 -0.278996 0.729075
v 0.183466 -0.277011 0.754843
v 0.175216 -0.255924 0.785809
v 0.146440 -0.264992 0.738135
v 0.150069 -0.268644 0.757481
v 0.146440 -0.264992 0.738135
v 0.150069 -0.268644 0.757481
v 0.056815 -0.216410 0.622440
v 0.071918 -0.211075 0.642896
v 0.074702 -0.247407 0.602911
v 0.085637 -0.230645 0.636034
v 0.067789 -0.172317 0.644775
v 0.080205 -0.197566 0.631839
v 0.092112 -0.206858 0.627637
v 0.071964 -0.197615 0.612793
v 0.085460 -0.209658 0.603088
v 0.071964 -0.197615 0.612793
v 0.085460 -0.209658 0.603088
v 0.295946 -0.196732 0.645594
v 0.317000 -0.209491 0.631506
v 0.271727 -0.204811 0.642735
v 0.297513 -0.243778 0.616315
v 0.312686 -0.170538 0.644372
v 0.278402 -0.191517 0.613559
v 0.301174 -0.188506 0.621589
v 0.271727 -0.204811 0.642735
v 0.295946 -0.196732 0.645594
v 0.127300 -0.254384 0.606473
v 0.168643 -0.193045 0.596715
v 0.152543 -0.210312 0.468356
v 0.182486 -0.223386 0.514413
v 0.161061 -0.215947 0.496104
v 0.170354 -0.225291 0.516299
v 0.187736 -0.229865 0.546733
v 0.159578 -0.242414 0.501875
v 0.160425 -0.241657 0.487213
v 0.173720 -0.246109 0.520158
v 0.176586 -0.247931 0.516666
v 0.179137 -0.249635 0.546308
v 0.135306 -0.251749 0.511454
v 0.151345 -0.236514 0.510916
v 0.129070 -0.250912 0.536839
v 0.161061 -0.215947 0.496104
v 0.152543 -0.221158 0.479197
v 0.147015 -0.261251 0.514698
v 0.160425 -0.241657 0.487213
v 0.148738 -0.256515 0.518039
v 0.159578 -0.242414 0.501875
v 0.142497 -0.262204 0.540470
v -0.048315 -0.132951 -1.699779
v -0.000000 -0.149059 -1.701049
v 0.048315 -0.132951 -1.699779
v -0.000000 -0.149059 -1.701049
v 0.002299 0.156664 1.949913
v 0.002297 0.117555 1.858738
v 0.002299 0.135421 1.948210
v 0.002272 0.093277 2.113724
v 0.002281 0.158391 2.113937
v 0.002224 0.165343 2.314312
v 0.002237 0.224313 2.309663
v 0.002185 0.327571 2.543163
v 0.002153 0.296102 2.548603
v 0.002168 0.466691 2.716588
v 0.002147 0.443727 2.719394
v 0.002181 0.568937 2.845277
v 0.002171 0.549986 2.841820
v 0.002283 0.763496 3.037761
v 0.002191 0.330683 2.541972
v 0.002237 0.224313 2.309663
v 0.002185 0.327571 2.543163
v 0.002183 0.439072 2.682178
v 0.019515 0.119767 1.886443
v 0.019044 0.092346 1.886474
v 0.009099 0.110806 1.831329
v 0.064374 0.057200 1.966465
v 0.033270 0.116891 1.965334
v 0.102604 0.084677 2.096110
v 0.127160 0.006263 2.087596
v 0.128627 0.075347 2.204353
v 0.153740 -0.012291 2.194328
v 0.134210 0.089040 2.319332
v 0.159991 -0.011338 2.306525
v 0.129134 0.121354 2.429146
v 0.149924 0.037966 2.417173
v 0.108852 0.176942 2.531027
v 0.097675 0.216412 2.538691
v 0.057855 0.395814 2.735338
v 0.011267 0.108613 1.864667
v 0.002116 0.133807 1.865089
v 0.038191 0.077652 1.947895
v 0.010222 0.143527 1.946407
v 0.064379 0.066767 2.104153
v 0.010844 0.144479 2.092435
v 0.078932 0.132531 2.300227
v 0.022550 0.194562 2.289738
v -0.002234 0.126151 1.809523
v 0.032348 0.266599 2.476264
v 0.078213 0.221388 2.478968
v 0.027687 0.386698 2.649826
v 0.052722 0.366234 2.653791
v 0.019685 0.504509 2.790717
v 0.033482 0.484889 2.789891
v 0.019272 0.616114 2.896124
v 0.013581 0.058763 1.861499
v 0.005723 0.092030 1.806458
v 0.009349 0.081788 1.871584
v 0.026998 -0.011254 1.927177
v 0.008637 0.025834 1.927719
v 0.035118 -0.031479 2.007046
v 0.055349 -0.094623 2.010310
v 0.094961 -0.086661 2.145059
v 0.126040 -0.160625 2.148726
v 0.169127 -0.175361 2.299036
v 0.139427 -0.106679 2.303989
v 0.145361 -0.078456 2.464505
v 0.122979 -0.029558 2.465410
v 0.091966 0.131289 2.594510
v 0.089725 0.156668 2.594358
v 0.046105 0.248774 2.709831
v 0.000848 0.076304 1.865627
v 0.000848 0.095224 1.810045
v 0.000848 0.092277 1.865458
v 0.031399 0.007123 1.951053
v 0.016978 0.052275 1.948201
v 0.040954 0.014548 2.094687
v 0.092647 -0.082031 2.098550
v 0.061884 0.023063 2.308451
v 0.143352 -0.112290 2.303632
v 0.112049 0.000465 2.471733
v 0.059206 0.125711 2.472074
v 0.066106 0.208515 2.613089
v 0.035181 0.272481 2.611641
v 0.020242 0.385049 2.743406
v 0.031988 0.345879 2.745166
v 0.014847 0.476552 2.842150
v -0.013580 0.058763 1.861499
v -0.009349 0.081788 1.871584
v -0.005723 0.092030 1.806458
v -0.026998 -0.011254 1.927177
v -0.008637 0.025834 1.927719
v -0.035117 -0.031479 2.007046
v -0.055348 -0.094623 2.010310
v -0.094960 -0.086661 2.145059
v -0.126039 -0.160625 2.148726
v -0.169127 -0.175361 2.299036
v -0.139426 -0.106679 2.303989
v -0.145361 -0.078456 2.464505
v -0.122978 -0.029558 2.465410
v -0.091966 0.131289 2.594510
v -0.089725 0.156668 2.594358
v -0.046105 0.248774 2.709831
v -0.000848 0.076304 1.865627
v -0.000848 0.092277 1.865458
v -0.000847 0.095224 1.810045
v -0.031399 0.007123 1.951053
v -0.016978 0.052275 1.948201
v -0.040953 0.014548 2.094687
v -0.092646 -0.082031 2.098550
v -0.061883 0.023063 2.308451
v -0.143352 -0.112290 2.303632
v -0.112049 0.000465 2.471733
v -0.059206 0.125711 2.472074
v -0.066106 0.208515 2.613089
v -0.035180 0.272481 2.611641
v -0.020242 0.385049 2.743406
v -0.031987 0.345879 2.745166
v -0.014846 0.476552 2.842150
v -0.047784 0.172278 -1.528319
v -0.035075 0.128126 -1.592993
v -0.061821 0.154210 -1.528986
v -0.057283 0.109825 -1.594221
v -0.073870 0.193755 -1.497824
v -0.060909 0.210364 -1.499007
v -0.078150 0.250831 -1.464170
v -0.069408 0.260305 -1.470388
v -0.056319 0.349506 -1.440459
v 0.057282 0.109825 -1.594221
v 0.035075 0.128126 -1.592993
v 0.061821 0.154210 -1.528986
v 0.047783 0.172278 -1.528320
v 0.073870 0.193755 -1.497824
v 0.060909 0.210364 -1.499007
v 0.078150 0.250831 -1.464171
v 0.069408 0.260305 -1.470388
v 0.056319 0.349506 -1.440459
v 0.077533 0.092135 -1.611625
v 0.102089 0.113897 -1.552207
v 0.086318 0.070505 -1.619699
v 0.112766 0.098581 -1.539362
v 0.169282 0.144786 -1.494910
v 0.159793 0.158484 -1.514074
v 0.237787 0.213542 -1.486188
v 0.250456 0.204227 -1.471167
v 0.266379 0.268238 -1.440138
v 0.284000 0.257742 -1.425418
v 0.291512 0.303725 -1.358533
v 0.275989 0.312610 -1.372253
v 0.283730 0.355114 -1.289947
v 0.271792 0.361392 -1.303896
v 0.273803 0.393320 -1.260015
v 0.265381 0.397513 -1.271237
v 0.256344 0.425913 -1.261039
v 0.264336 0.425585 -1.251520
v 0.259996 0.457754 -1.255367
v 0.252987 0.456598 -1.261729
v 0.262136 0.479175 -1.268664
v 0.252495 0.472643 -1.273408
v 0.268228 0.475236 -1.259130
v -0.077533 0.092135 -1.611625
v -0.086319 0.070505 -1.619699
v -0.102089 0.113897 -1.552207
v -0.112766 0.098581 -1.539362
v -0.169282 0.144786 -1.494910
v -0.159793 0.158484 -1.514074
v -0.237787 0.213542 -1.486188
v -0.250456 0.204227 -1.471167
v -0.266379 0.268238 -1.440138
v -0.284000 0.257742 -1.425418
v -0.291512 0.303725 -1.358533
v -0.275989 0.312610 -1.372253
v -0.283730 0.355114 -1.289947
v -0.271793 0.361392 -1.303896
v -0.273803 0.393320 -1.260015
v -0.265381 0.397513 -1.271237
v -0.256344 0.425913 -1.261039
v -0.264336 0.425585 -1.251520
v -0.259997 0.457754 -1.255367
v -0.252987 0.456598 -1.261729
v -0.262136 0.479175 -1.268664
v -0.252495 0.472643 -1.273408
v -0.268228 0.475236 -1.259130
v -0.010051 0.142894 1.946360
v -0.001945 0.133102 1.865069
v -0.038021 0.076887 1.947898
v -0.011096 0.107847 1.864671
v -0.064209 0.066135 2.104144
v -0.010673 0.143943 2.092381
v -0.078764 0.131963 2.300231
v -0.022383 0.194125 2.289739
v 0.002405 0.125407 1.809519
v -0.032182 0.266311 2.476298
v -0.078045 0.220965 2.478984
v -0.027525 0.386522 2.649836
v -0.052559 0.365934 2.653791
v -0.019523 0.504175 2.790676
v -0.033321 0.484440 2.789840
v -0.019107 0.615876 2.895913
v -0.018678 0.092715 1.887033
v -0.019149 0.120095 1.887018
v -0.008733 0.111235 1.831865
v -0.064008 0.057540 1.967036
v -0.032904 0.117125 1.965944
v -0.102234 0.085121 2.096739
v -0.126788 0.006814 2.088192
v -0.128259 0.076012 2.204985
v -0.153368 -0.011536 2.194939
v -0.133844 0.089832 2.319939
v -0.159621 -0.010451 2.307128
v -0.128766 0.122350 2.429699
v -0.149547 0.039022 2.417739
v -0.108495 0.178113 2.531547
v -0.097322 0.217451 2.539205
v -0.057512 0.396679 2.735741
vn -0.9464 0.1093 -0.3039
vn -0.9410 0.1138 -0.3187
vn -0.9495 0.1129 -0.2928
vn -0.9555 0.0687 -0.2868
vn -0.9508 0.0688 -0.3021
vn -0.9614 0.0367 -0.2727
vn -0.9634 0.0371 -0.2653
vn -0.9723 0.0033 -0.2337
vn -0.9706 0.0007 -0.2407
vn -0.9913 0.0034 -0.1316
vn -0.9906 0.0041 -0.1364
vn -0.9966 0.0094 -0.0820
vn -0.9964 0.0093 -0.0839
vn -0.9935 0.0123 -0.1136
vn -0.9933 0.0125 -0.1153
vn -0.9859 0.0106 -0.1667
vn -0.9840 0.0105 -0.1781
vn -0.9831 0.0113 -0.1828
vn -0.9848 0.0094 -0.1734
vn -0.9892 0.0023 -0.1468
vn -0.9893 0.0006 -0.1459
vn -0.9911 -0.0005 -0.1330
vn -0.9911 -0.0006 -0.1330
vn -0.9908 -0.0028 -0.1352
vn -0.9841 -0.0107 -0.1771
vn -0.9906 -0.0027 -0.1366
vn -0.9844 -0.0150 -0.1753
vn -0.9922 0.0025 -0.1243
vn -0.9925 0.0033 -0.1219
vn -0.9912 0.0003 -0.1324
vn -0.9912 -0.0001 -0.1324
vn -0.9899 -0.0000 -0.1418
vn -0.9899 0.0016 -0.1414
vn -0.9890 0.0166 -0.1471
vn -0.9885 0.0011 -0.1513
vn -0.9892 0.0372 -0.1419
vn 0.2862 0.5948 -0.7512
vn 0.8227 -0.5029 -0.2651
vn -0.3415 -0.6670 -0.6622
vn -0.6703 0.3980 -0.6263
vn 0.2489 0.7001 0.6693
vn 0.6726 -0.4297 0.6025
vn -0.3979 -0.5725 0.7169
vn -0.8347 0.4613 0.3007
vn -0.9899 0.0011 -0.1416
vn -0.9899 0.0010 -0.1416
vn -0.9899 0.0010 -0.1417
vn -0.9899 0.0013 -0.1417
vn -0.9899 0.0010 -0.1415
vn -0.9900 0.0011 -0.1413
vn -0.9899 0.0007 -0.1414
vn -0.9900 -0.0015 -0.1408
vn -0.9901 -0.0018 -0.1404
vn -0.9900 -0.0017 -0.1407
vn -0.9901 -0.0016 -0.1404
vn -0.9900 -0.0013 -0.1409
vn -0.9901 -0.0015 -0.1405
vn -0.9900 -0.0011 -0.1409
vn -0.9901 -0.0013 -0.1406
vn -0.9900 -0.0013 -0.1412
vn -0.9900 -0.0012 -0.1410
vn -0.9900 -0.0013 -0.1411
vn -0.9900 -0.0011 -0.1411
vn -0.9900 -0.0012 -0.1409
vn -0.9901 -0.0011 -0.1407
vn -0.9900 -0.0013 -0.1413
vn -0.9899 -0.0014 -0.1415
vn -0.9900 -0.0006 -0.1413
vn -0.9900 -0.0009 -0.1412
vn -0.9900 -0.0003 -0.1414
vn -0.9899 -0.0003 -0.1414
vn -0.9899 -0.0000 -0.1415
vn -0.9900 -0.0009 -0.1408
vn -0.9901 -0.0007 -0.1404
vn -0.9901 -0.0010 -0.1406
vn -0.9901 -0.0005 -0.1406
vn -0.9901 -0.0008 -0.1403
vn -0.9902 -0.0006 -0.1399
vn -0.9900 -0.0008 -0.1409
vn -0.9900 -0.0010 -0.1413
vn 0.9494 0.1130 -0.2930
vn 0.9410 0.1138 -0.3187
vn 0.9466 0.1090 -0.3035
vn 0.9555 0.0687 -0.2868
vn 0.9508 0.0688 -0.3021
vn 0.9614 0.0367 -0.2727
vn 0.9634 0.0371 -0.2653
vn 0.9723 0.0033 -0.2337
vn 0.9706 0.0007 -0.2407
vn 0.9913 0.0033 -0.1316
vn 0.9906 0.0041 -0.1364
vn 0.9966 0.0094 -0.0820
vn 0.9964 0.0092 -0.0840
vn 0.9935 0.0123 -0.1136
vn 0.9933 0.0125 -0.1153
vn 0.9859 0.0106 -0.1668
vn 0.9840 0.0106 -0.1781
vn 0.9831 0.0113 -0.1828
vn 0.9848 0.0094 -0.1734
vn 0.9892 0.0023 -0.1468
vn 0.9893 0.0006 -0.1459
vn 0.9911 -0.0005 -0.1330
vn 0.9911 -0.0006 -0.1330
vn 0.9907 -0.0028 -0.1357
vn 0.9835 -0.0022 -0.1807
vn 0.9906 -0.0029 -0.1369
vn 0.9922 -0.0008 -0.1246
vn 0.9925 -0.0010 -0.1221
vn 0.9902 -0.0002 -0.1394
vn 0.9900 0.0013 -0.1408
vn 0.9882 0.0108 -0.1530
vn 0.9880 0.0088 -0.1539
vn 0.9880 0.0320 -0.1511
vn 0.9876 0.0072 -0.1566
vn 0.9876 0.0615 -0.1442
vn -0.2862 0.5948 -0.7512
vn -0.8227 -0.5029 -0.2651
vn 0.3415 -0.6670 -0.6622
vn 0.6703 0.3980 -0.6263
vn -0.2489 0.7001 0.6693
vn -0.6726 -0.4297 0.6025
vn 0.3979 -0.5725 0.7169
vn 0.8347 0.4613 0.3007
vn 0.9899 0.0011 -0.1416
vn 0.9899 0.0010 -0.1415
vn 0.9900 0.0011 -0.1413
vn 0.9899 0.0010 -0.1416
vn 0.9899 0.0013 -0.1418
vn 0.9899 0.0010 -0.1417
vn 0.9899 0.0007 -0.1414
vn 0.9900 -0.0015 -0.1408
vn 0.9901 -0.0018 -0.1404
vn 0.9901 -0.0016 -0.1404
vn 0.9900 -0.0017 -0.1407
vn 0.9900 -0.0013 -0.1409
vn 0.9901 -0.0015 -0.1405
vn 0.9900 -0.0011 -0.1409
vn 0.9901 -0.0013 -0.1406
vn 0.9900 -0.0013 -0.1412
vn 0.9900 -0.0012 -0.1410
vn 0.9900 -0.0011 -0.1411
vn 0.9900 -0.0013 -0.1411
vn 0.9900 -0.0012 -0.1409
vn 0.9901 -0.0011 -0.1407
vn 0.9900 -0.0013 -0.1413
vn 0.9899 -0.0014 -0.1415
vn 0.9900 -0.0006 -0.1413
vn 0.9900 -0.0009 -0.1412
vn 0.9900 -0.0003 -0.1414
vn 0.9899 -0.0003 -0.1414
vn 0.9899 -0.0000 -0.1415
vn 0.9900 -0.0009 -0.1408
vn 0.9901 -0.0007 -0.1404
vn 0.9901 -0.0005 -0.1406
vn 0.9901 -0.0010 -0.1406
vn 0.9901 -0.0008 -0.1403
vn 0.9902 -0.0006 -0.1399
vn 0.9900 -0.0008 -0.1409
vn 0.9900 -0.0010 -0.1413
vn -0.9981 0.0569 -0.0253
vn -0.9974 0.0704 -0.0152
vn -0.9978 0.0591 -0.0289
vn -0.9930 -0.0169 -0.1170
vn -0.9967 -0.0007 -0.0811
vn -0.9822 -0.0477 -0.1814
vn -0.9845 -0.0437 -0.1700
vn -0.9696 -0.0472 -0.2400
vn -0.9702 -0.0418 -0.2386
vn -0.9650 -0.0216 -0.2614
vn -0.9656 -0.0209 -0.2592
vn -0.9794 -0.0446 -0.1967
vn -0.9823 -0.0498 -0.1804
vn -0.9959 -0.0694 -0.0578
vn -0.9957 -0.0760 -0.0526
vn -0.9912 0.0206 0.1309
vn -0.9941 -0.0533 0.0949
vn -0.8919 0.3270 0.3125
vn -0.8483 0.3919 0.3561
vn -0.5538 0.5995 0.5778
vn -0.5702 0.5693 0.5922
vn -0.4394 0.5320 0.7238
vn -0.4337 0.7656 0.4751
vn -0.4664 0.3814 0.7981
vn -0.4910 0.5569 0.6699
vn 0.9978 0.0591 -0.0289
vn 0.9974 0.0704 -0.0152
vn 0.9981 0.0569 -0.0250
vn 0.9930 -0.0169 -0.1170
vn 0.9967 -0.0007 -0.0811
vn 0.9823 -0.0477 -0.1814
vn 0.9845 -0.0437 -0.1700
vn 0.9696 -0.0472 -0.2400
vn 0.9702 -0.0418 -0.2386
vn 0.9650 -0.0216 -0.2614
vn 0.9656 -0.0209 -0.2592
vn 0.9794 -0.0447 -0.1968
vn 0.9823 -0.0498 -0.1804
vn 0.9959 -0.0695 -0.0579
vn 0.9957 -0.0760 -0.0525
vn 0.9912 0.0206 0.1309
vn 0.9941 -0.0533 0.0949
vn 0.8919 0.3270 0.3125
vn 0.8483 0.3919 0.3561
vn 0.5538 0.5995 0.5778
vn 0.5702 0.5693 0.5922
vn 0.4394 0.5320 0.7238
vn 0.4337 0.7656 0.4751
vn 0.4664 0.3814 0.7981
vn 0.4910 0.5569 0.6699
vn 0.0701 0.3275 0.9422
vn 0.2315 0.8815 0.4115
vn 0.1883 0.7305 0.6565
vn 0.4622 0.7621 0.4533
vn 0.4352 0.6294 0.6438
vn 0.0372 0.4787 0.8772
vn 0.2427 0.5683 0.7862
vn 0.6192 -0.7749 0.1268
vn 0.6549 -0.5071 0.5603
vn 0.6259 -0.7654 0.1501
vn 0.6750 -0.5629 0.4769
vn 0.4492 -0.8926 -0.0374
vn 0.4645 -0.8854 -0.0181
vn 0.2618 -0.9492 -0.1744
vn 0.2729 -0.9473 -0.1679
vn 0.2010 -0.9551 -0.2176
vn 0.2015 -0.9549 -0.2183
vn 0.5754 -0.1765 0.7986
vn 0.6577 -0.2662 0.7047
vn 0.2908 0.0797 0.9534
vn 0.4262 -0.0158 0.9045
vn -0.0431 0.6679 0.7430
vn -0.0016 0.6768 0.7361
vn 0.0318 0.7975 0.6025
vn 0.0346 0.7990 0.6003
vn 0.6905 -0.3549 0.6303
vn 0.5930 -0.1355 0.7937
vn 0.6377 -0.2836 0.7162
vn 0.5898 -0.1159 0.7992
vn 0.7840 -0.4733 0.4016
vn 0.7561 -0.4069 0.5125
vn 0.7426 -0.6055 0.2861
vn 0.7333 -0.6193 0.2806
vn 0.4584 -0.6946 -0.5544
vn 0.4372 -0.7117 -0.5499
vn 0.4631 -0.6907 -0.5554
vn 0.4324 -0.7154 -0.5488
vn -0.0701 0.3275 0.9422
vn -0.2315 0.8815 0.4116
vn -0.1883 0.7305 0.6565
vn -0.4622 0.7621 0.4533
vn -0.4352 0.6294 0.6438
vn -0.0372 0.4787 0.8772
vn -0.2427 0.5683 0.7862
vn -0.6192 -0.7749 0.1268
vn -0.6549 -0.5071 0.5603
vn -0.6750 -0.5629 0.4769
vn -0.6259 -0.7653 0.1500
vn -0.4492 -0.8926 -0.0374
vn -0.4645 -0.8854 -0.0181
vn -0.2618 -0.9492 -0.1744
vn -0.2729 -0.9473 -0.1679
vn -0.2010 -0.9551 -0.2176
vn -0.2015 -0.9549 -0.2183
vn -0.5754 -0.1765 0.7986
vn -0.6577 -0.2661 0.7047
vn -0.2908 0.0797 0.9535
vn -0.4261 -0.0158 0.9045
vn 0.0431 0.6679 0.7430
vn 0.0015 0.6768 0.7362
vn -0.0318 0.7975 0.6025
vn -0.0346 0.7990 0.6003
vn -0.6905 -0.3549 0.6304
vn -0.5930 -0.1355 0.7937
vn -0.5898 -0.1159 0.7992
vn -0.6377 -0.2836 0.7162
vn -0.7840 -0.4734 0.4016
vn -0.7561 -0.4070 0.5125
vn -0.7426 -0.6055 0.2861
vn -0.7333 -0.6193 0.2806
vn -0.4584 -0.6946 -0.5544
vn -0.4372 -0.7117 -0.5499
vn -0.4324 -0.7154 -0.5488
vn -0.4631 -0.6907 -0.5554
vn -0.5711 -0.8039 0.1664
vn -0.5755 -0.8014 0.1631
vn -0.5706 -0.8040 0.1673
vn -0.6032 -0.7822 0.1562
vn -0.5692 -0.8110 0.1349
vn -0.5761 -0.8104 0.1066
vn -0.5208 -0.8496 0.0836
vn -0.5227 -0.8469 0.0983
vn -0.4937 -0.8669 0.0689
vn -0.6287 -0.7640 0.1450
vn -0.6588 -0.7314 0.1758
vn -0.6658 -0.7229 0.1847
vn -0.6775 -0.7103 0.1909
vn -0.6289 -0.7706 0.1035
vn -0.6430 -0.7536 0.1367
vn -0.6533 -0.7471 0.1223
vn -0.6513 -0.7468 0.1345
vn -0.5853 -0.8062 0.0869
vn -0.5576 -0.8261 0.0816
vn -0.5769 -0.8135 0.0731
vn -0.4900 -0.8455 0.2121
vn -0.4980 -0.8428 0.2040
vn -0.4888 -0.8446 0.2187
vn -0.5351 -0.8229 0.1910
vn -0.4787 -0.8641 0.1556
vn -0.4929 -0.8606 0.1279
vn -0.3854 -0.9166 0.1064
vn -0.3870 -0.9152 0.1122
vn -0.3342 -0.9383 0.0885
vn -0.5745 -0.7997 0.1744
vn -0.6059 -0.7709 0.1965
vn -0.6265 -0.7515 0.2069
vn -0.6336 -0.7454 0.2071
vn -0.5723 -0.8124 0.1113
vn -0.6030 -0.7802 0.1664
vn -0.6125 -0.7779 0.1406
vn -0.6156 -0.7706 0.1650
vn -0.5221 -0.8477 0.0935
vn -0.4874 -0.8675 0.0998
vn -0.5145 -0.8543 0.0744
vn -0.2113 -0.9476 0.2396
vn -0.2086 -0.9504 0.2308
vn -0.2273 -0.9493 0.2172
vn -0.2330 -0.9534 0.1918
vn -0.1771 -0.9602 0.2160
vn -0.1695 -0.9721 0.1620
vn -0.1225 -0.9766 0.1768
vn -0.1310 -0.9707 0.2015
vn -0.1127 -0.9757 0.1878
vn -0.2407 -0.9594 0.1467
vn -0.3151 -0.9306 0.1864
vn -0.3036 -0.9362 0.1770
vn -0.3363 -0.9225 0.1897
vn -0.2102 -0.9692 0.1286
vn -0.2353 -0.9656 0.1104
vn -0.2394 -0.9651 0.1061
vn -0.2413 -0.9658 0.0953
vn -0.1379 -0.9818 0.1309
vn -0.1007 -0.9871 0.1243
vn -0.1152 -0.9860 0.1209
vn 0.7500 -0.6167 0.2393
vn 0.7237 -0.6548 0.2180
vn 0.7459 -0.6178 0.2488
vn 0.7233 -0.6556 0.2169
vn 0.7556 -0.6004 0.2617
vn 0.7632 -0.5907 0.2619
vn 0.7736 -0.5875 0.2376
vn 0.7693 -0.5794 0.2691
vn 0.7516 -0.6042 0.2647
vn 0.7487 -0.6045 0.2719
vn 0.7106 -0.6735 0.2037
vn 0.7464 -0.6060 0.2751
vn 0.5706 -0.8040 0.1673
vn 0.5755 -0.8014 0.1631
vn 0.5710 -0.8039 0.1664
vn 0.6032 -0.7822 0.1562
vn 0.5692 -0.8111 0.1349
vn 0.5761 -0.8104 0.1066
vn 0.5208 -0.8496 0.0836
vn 0.5227 -0.8469 0.0983
vn 0.4937 -0.8669 0.0689
vn 0.6287 -0.7640 0.1450
vn 0.6588 -0.7314 0.1758
vn 0.6658 -0.7229 0.1847
vn 0.6775 -0.7103 0.1909
vn 0.6289 -0.7706 0.1035
vn 0.6430 -0.7536 0.1367
vn 0.6533 -0.7471 0.1223
vn 0.6513 -0.7468 0.1345
vn 0.5853 -0.8062 0.0869
vn 0.5576 -0.8261 0.0816
vn 0.5769 -0.8135 0.0731
vn 0.4888 -0.8446 0.2187
vn 0.4980 -0.8428 0.2040
vn 0.4900 -0.8455 0.2121
vn 0.5351 -0.8229 0.1910
vn 0.4787 -0.8641 0.1556
vn 0.4929 -0.8606 0.1279
vn 0.3854 -0.9166 0.1064
vn 0.3870 -0.9152 0.1122
vn 0.3342 -0.9383 0.0885
vn 0.5745 -0.7997 0.1744
vn 0.6059 -0.7709 0.1965
vn 0.6265 -0.7515 0.2069
vn 0.6336 -0.7454 0.2071
vn 0.5723 -0.8124 0.1113
vn 0.6030 -0.7802 0.1664
vn 0.6125 -0.7779 0.1406
vn 0.6156 -0.7706 0.1650
vn 0.5221 -0.8477 0.0935
vn 0.4874 -0.8675 0.0998
vn 0.5145 -0.8543 0.0744
vn 0.2273 -0.9493 0.2172
vn 0.2086 -0.9504 0.2308
vn 0.2113 -0.9476 0.2396
vn 0.2330 -0.9534 0.1918
vn 0.1771 -0.9602 0.2160
vn 0.1695 -0.9721 0.1620
vn 0.1225 -0.9766 0.1768
vn 0.1310 -0.9707 0.2015
vn 0.1127 -0.9757 0.1878
vn 0.2407 -0.9594 0.1467
vn 0.3151 -0.9306 0.1864
vn 0.3036 -0.9362 0.1770
vn 0.3363 -0.9225 0.1897
vn 0.2102 -0.9692 0.1286
vn 0.2353 -0.9656 0.1104
vn 0.2394 -0.9651 0.1061
vn 0.2413 -0.9658 0.0953
vn 0.1379 -0.9818 0.1309
vn 0.1007 -0.9871 0.1243
vn 0.1152 -0.9860 0.1209
vn -0.9734 0.2064 -0.0995
vn -0.9599 0.2063 -0.1896
vn -0.9649 0.2032 -0.1664
vn -0.9741 0.1612 -0.1584
vn -0.9508 0.2548 -0.1764
vn -0.9986 0.0324 0.0427
vn -0.8699 0.4180 -0.2618
vn -0.9950 0.0876 0.0489
vn -0.9978 0.0348 0.0572
vn -0.9792 0.1559 0.1300
vn -0.9653 0.2538 -0.0614
vn -0.8669 0.4113 -0.2817
vn -0.9345 -0.2421 0.2610
vn -0.8184 -0.4592 0.3456
vn -0.9060 0.3427 -0.2484
vn -0.9311 0.2727 -0.2421
vn -0.9830 0.1389 -0.1198
vn -0.9522 -0.0016 0.3053
vn -0.9925 0.1226 -0.0015
vn -0.7341 -0.5215 0.4349
vn -0.9921 0.1127 -0.0554
vn -0.9969 -0.0137 0.0774
vn -0.5991 0.7117 -0.3667
vn -0.9408 0.1284 -0.3138
vn -0.8459 0.2423 -0.4751
vn -0.8696 0.4145 -0.2684
vn -0.8789 0.3924 -0.2711
vn -0.7982 0.4375 -0.4141
vn -0.9379 0.2754 -0.2111
vn -0.9357 0.3521 -0.0196
vn -0.7179 0.5904 -0.3689
vn -0.9768 0.2139 0.0062
vn -0.4440 -0.7731 0.4530
vn -0.9781 0.2005 0.0559
vn -0.8496 0.1514 0.5052
vn -0.8458 0.5245 -0.0974
vn -0.8664 0.4926 -0.0814
vn -0.9235 0.3836 -0.0095
vn -0.9691 0.2379 -0.0658
vn -0.9231 -0.0174 0.3841
vn -0.8731 0.3602 0.3287
vn -0.9134 0.3572 0.1951
vn -0.7015 -0.6943 0.1609
vn -0.9769 0.1312 0.1686
vn -0.8331 0.5430 -0.1053
vn 0.9734 0.2064 -0.0995
vn 0.9599 0.2063 -0.1896
vn 0.9741 0.1611 -0.1584
vn 0.9649 0.2032 -0.1663
vn 0.9508 0.2548 -0.1764
vn 0.9987 0.0313 0.0403
vn 0.8699 0.4180 -0.2618
vn 0.9953 0.0846 0.0465
vn 0.9978 0.0348 0.0572
vn 0.9792 0.1559 0.1300
vn 0.9653 0.2538 -0.0614
vn 0.8669 0.4113 -0.2817
vn 0.9345 -0.2421 0.2610
vn 0.8183 -0.4592 0.3456
vn 0.9060 0.3427 -0.2484
vn 0.9311 0.2727 -0.2421
vn 0.9757 0.1736 -0.1338
vn 0.9522 -0.0016 0.3053
vn 0.9919 0.1272 -0.0042
vn 0.7341 -0.5215 0.4349
vn 0.9917 0.1067 -0.0724
vn 0.9969 -0.0138 0.0774
vn 0.5991 0.7117 -0.3667
vn 0.9408 0.1284 -0.3138
vn 0.8459 0.2423 -0.4751
vn 0.8696 0.4145 -0.2684
vn 0.8789 0.3925 -0.2711
vn 0.7982 0.4375 -0.4141
vn 0.9127 0.3389 -0.2284
vn 0.9357 0.3521 -0.0196
vn 0.7179 0.5904 -0.3689
vn 0.9458 0.3105 0.0949
vn 0.4439 -0.7731 0.4530
vn 0.9781 0.2005 0.0559
vn 0.8496 0.1514 0.5052
vn 0.8458 0.5245 -0.0974
vn 0.8664 0.4926 -0.0814
vn 0.9235 0.3836 -0.0095
vn 0.9618 0.2699 -0.0453
vn 0.9231 -0.0174 0.3841
vn 0.8731 0.3602 0.3287
vn 0.9242 0.3437 0.1663
vn 0.7015 -0.6943 0.1609
vn 0.9769 0.1312 0.1686
vn 0.8331 0.5430 -0.1053
vn -0.7500 -0.6167 0.2393
vn -0.7237 -0.6548 0.2180
vn -0.7233 -0.6556 0.2169
vn -0.7459 -0.6178 0.2488
vn -0.7556 -0.6004 0.2617
vn -0.7632 -0.5907 0.2619
vn -0.7736 -0.5875 0.2376
vn -0.7693 -0.5794 0.2691
vn -0.7516 -0.6042 0.2647
vn -0.7487 -0.6045 0.2719
vn -0.7106 -0.6735 0.2037
vn -0.7464 -0.6060 0.2751
vn -0.9542 0.2960 0.0424
vn -0.9542 0.2962 0.0425
vn -0.9539 0.2962 0.0480
vn -0.9552 0.2913 0.0521
vn -0.9539 0.2941 0.0606
vn -0.9551 0.2894 0.0638
vn -0.9540 0.2920 0.0686
vn -0.9547 0.2888 0.0711
vn -0.9558 0.2851 0.0725
vn -0.9554 0.2859 0.0742
vn -0.9565 0.2826 0.0725
vn -0.9531 0.2949 0.0678
vn -0.9536 0.2932 0.0688
vn -0.9525 0.2968 0.0686
vn -0.9521 0.2977 0.0694
vn -0.9566 0.2863 0.0534
vn -0.9563 0.2889 0.0456
vn -0.9565 0.2882 0.0452
vn -0.9568 0.2846 0.0599
vn -0.9561 0.2860 0.0632
vn -0.9569 0.2839 0.0612
vn -0.9570 0.2871 0.0412
vn -0.9530 0.2986 0.0516
vn -0.9536 0.2969 0.0493
vn -0.9524 0.2980 -0.0647
vn -0.9565 0.2851 -0.0625
vn -0.9497 0.3080 -0.0574
vn -0.9579 0.2794 -0.0667
vn -0.9476 0.3161 -0.0451
vn -0.9485 0.3094 -0.0686
vn -0.9448 0.3215 -0.0634
vn -0.9437 0.3215 -0.0775
vn -0.9441 0.3254 -0.0525
vn -0.9447 0.3233 -0.0560
vn -0.9498 0.3014 -0.0837
vn -0.9590 0.2755 -0.0672
vn -0.9498 0.3103 -0.0392
vn -0.9476 0.3182 -0.0293
vn -0.9461 0.3226 -0.0290
vn -0.9487 0.3035 -0.0884
vn -0.9425 0.3246 -0.0799
vn 0.9539 0.2962 0.0480
vn 0.9542 0.2962 0.0425
vn 0.9542 0.2960 0.0424
vn 0.9552 0.2913 0.0521
vn 0.9539 0.2941 0.0606
vn 0.9551 0.2894 0.0638
vn 0.9540 0.2920 0.0686
vn 0.9548 0.2888 0.0711
vn 0.9558 0.2851 0.0725
vn 0.9554 0.2859 0.0742
vn 0.9565 0.2826 0.0725
vn 0.9531 0.2949 0.0678
vn 0.9536 0.2932 0.0688
vn 0.9525 0.2968 0.0686
vn 0.9521 0.2977 0.0694
vn 0.9566 0.2863 0.0534
vn 0.9563 0.2889 0.0456
vn 0.9565 0.2882 0.0452
vn 0.9568 0.2846 0.0599
vn 0.9561 0.2860 0.0632
vn 0.9569 0.2839 0.0612
vn 0.9570 0.2871 0.0412
vn 0.9530 0.2986 0.0516
vn 0.9536 0.2969 0.0493
vn 0.9524 0.2980 -0.0647
vn 0.9565 0.2851 -0.0625
vn 0.9579 0.2794 -0.0667
vn 0.9497 0.3080 -0.0574
vn 0.9476 0.3161 -0.0451
vn 0.9485 0.3094 -0.0686
vn 0.9448 0.3215 -0.0634
vn 0.9437 0.3215 -0.0775
vn 0.9441 0.3254 -0.0525
vn 0.9446 0.3233 -0.0560
vn 0.9498 0.3014 -0.0837
vn 0.9590 0.2755 -0.0672
vn 0.9498 0.3103 -0.0392
vn 0.9476 0.3182 -0.0293
vn 0.9461 0.3226 -0.0290
vn 0.9487 0.3035 -0.0884
vn 0.9425 0.3246 -0.0799
vn -0.9956 -0.0935 -0.0087
vn -0.9960 -0.0899 0.0023
vn -0.9957 -0.0930 0.0013
vn -0.9956 -0.0929 -0.0090
vn -0.9955 -0.0891 0.0320
vn -0.9953 -0.0901 0.0359
vn -0.9956 -0.0932 -0.0115
vn -0.9961 -0.0882 -0.0030
vn -0.9959 -0.0903 -0.0050
vn -0.9964 -0.0841 0.0121
vn -0.9961 -0.0817 0.0329
vn -0.9958 -0.0815 0.0406
vn -0.9955 -0.0819 0.0471
vn -0.9954 -0.0828 0.0475
vn -0.9958 -0.0793 0.0458
vn -0.9847 0.0526 -0.1660
vn -0.9840 0.0499 -0.1710
vn -0.9839 0.0532 -0.1707
vn -0.9866 0.0482 -0.1558
vn -0.9839 0.0459 -0.1728
vn -0.9838 0.0420 -0.1743
vn -0.9834 0.0401 -0.1768
vn -0.9834 0.0361 -0.1780
vn -0.9842 0.0397 -0.1724
vn -0.9833 0.0333 -0.1791
vn -0.9833 0.0333 -0.1792
vn -0.9826 0.0280 -0.1834
vn -0.9824 0.0271 -0.1846
vn -0.9824 0.0255 -0.1849
vn -0.9830 0.0316 -0.1810
vn -0.9833 0.0319 -0.1792
vn 0.9956 -0.0935 -0.0087
vn 0.9960 -0.0899 0.0023
vn 0.9956 -0.0929 -0.0090
vn 0.9957 -0.0930 0.0013
vn 0.9955 -0.0891 0.0315
vn 0.9953 -0.0902 0.0358
vn 0.9956 -0.0932 -0.0115
vn 0.9961 -0.0882 -0.0030
vn 0.9959 -0.0903 -0.0050
vn 0.9964 -0.0841 0.0121
vn 0.9961 -0.0817 0.0329
vn 0.9958 -0.0816 0.0406
vn 0.9955 -0.0819 0.0471
vn 0.9954 -0.0828 0.0475
vn 0.9958 -0.0793 0.0458
vn 0.9847 0.0526 -0.1660
vn 0.9840 0.0499 -0.1710
vn 0.9866 0.0482 -0.1558
vn 0.9839 0.0532 -0.1707
vn 0.9839 0.0459 -0.1728
vn 0.9838 0.0420 -0.1743
vn 0.9834 0.0401 -0.1768
vn 0.9834 0.0361 -0.1780
vn 0.9842 0.0397 -0.1724
vn 0.9833 0.0333 -0.1791
vn 0.9833 0.0333 -0.1792
vn 0.9826 0.0280 -0.1834
vn 0.9830 0.0316 -0.1810
vn 0.9833 0.0319 -0.1793
vn 0.9824 0.0271 -0.1846
vn 0.9824 0.0255 -0.1849
vn -1.0000 0.0001 -0.0008
vn -1.0000 0.0001 -0.0007
vn -1.0000 -0.0002 -0.0010
vn -1.0000 -0.0003 -0.0011
vn -1.0000 0.0007 -0.0008
vn -1.0000 -0.0000 -0.0010
vn -1.0000 -0.0002 -0.0011
vn -1.0000 -0.0001 -0.0010
vn -1.0000 -0.0004 -0.0007
vn -1.0000 -0.0006 -0.0007
vn -1.0000 -0.0004 -0.0002
vn -1.0000 -0.0002 -0.0000
vn -1.0000 -0.0000 -0.0000
vn -1.0000 -0.0001 0.0001
vn -1.0000 -0.0002 0.0003
vn -1.0000 -0.0002 0.0004
vn -1.0000 -0.0001 0.0004
vn -1.0000 -0.0002 0.0005
vn -1.0000 -0.0004 0.0006
vn -1.0000 -0.0002 0.0006
vn -1.0000 -0.0003 0.0006
vn -1.0000 -0.0002 -0.0005
vn -1.0000 -0.0003 -0.0005
vn -1.0000 -0.0001 -0.0005
vn -1.0000 -0.0001 -0.0004
vn -1.0000 -0.0000 -0.0001
vn -1.0000 -0.0000 -0.0002
vn -1.0000 -0.0014 0.0007
vn -1.0000 -0.0016 0.0007
vn -1.0000 -0.0004 0.0004
vn -1.0000 -0.0004 0.0005
vn -1.0000 -0.0007 0.0006
vn -1.0000 -0.0003 0.0002
vn -1.0000 -0.0003 0.0001
vn -1.0000 -0.0004 0.0001
vn -1.0000 -0.0008 -0.0005
vn -1.0000 -0.0010 -0.0006
vn -1.0000 -0.0006 -0.0003
vn -1.0000 -0.0006 -0.0002
vn -1.0000 -0.0005 -0.0004
vn -1.0000 -0.0007 -0.0002
vn -1.0000 -0.0003 -0.0004
vn -1.0000 -0.0001 -0.0000
vn -0.9891 -0.1176 -0.0887
vn -0.9834 -0.1418 -0.1131
vn -0.9842 -0.1387 -0.1101
vn -0.9821 -0.1575 -0.1033
vn -0.8502 -0.4150 -0.3240
vn -0.6771 -0.5658 -0.4706
vn -0.9719 -0.2196 -0.0852
vn -0.9879 -0.1443 -0.0560
vn -0.9854 -0.1554 -0.0702
vn -0.9881 -0.1423 -0.0579
vn -0.9878 -0.1405 -0.0670
vn -0.9930 -0.1116 -0.0391
vn -0.9901 -0.1332 -0.0441
vn -0.9885 -0.1510 -0.0023
vn -0.9902 -0.1393 -0.0081
vn -0.9904 -0.1379 -0.0060
vn -0.9908 -0.1348 -0.0108
vn -0.9905 -0.1370 -0.0063
vn -0.9912 -0.1312 0.0192
vn -0.9882 -0.1527 0.0136
vn -0.9889 -0.1451 0.0311
vn -0.9914 -0.1289 0.0218
vn -0.9902 -0.1327 0.0444
vn -0.9899 -0.1318 0.0531
vn -0.9920 -0.1143 0.0535
vn -0.9594 -0.2530 0.1248
vn -0.9859 -0.1496 0.0747
vn -0.9856 -0.1492 0.0799
vn -0.9725 -0.1807 0.1467
vn -0.9917 -0.1285 -0.0098
vn -0.9826 -0.1539 0.1035
vn -0.9809 -0.1601 0.1104
vn -0.9821 -0.1560 0.1056
vn -0.9720 -0.1863 0.1430
vn -0.9713 -0.1891 0.1446
vn -0.9710 -0.1890 0.1467
vn -0.9743 -0.1760 0.1403
vn -0.9748 -0.1743 0.1394
vn -0.9823 -0.1499 -0.1122
vn -0.9884 -0.1241 -0.0876
vn -0.9795 -0.1581 -0.1247
vn -0.9774 -0.1662 -0.1305
vn -0.9759 -0.1750 -0.1300
vn -0.9773 -0.1696 -0.1269
vn -0.9729 -0.1819 -0.1429
vn -0.9661 -0.2099 -0.1501
vn -0.9813 -0.1583 -0.1092
vn -0.9835 -0.1506 -0.1006
vn -0.9889 -0.1308 -0.0707
vn -0.9945 -0.0967 -0.0393
vn -0.9878 -0.1339 -0.0796
vn -0.9847 -0.1476 -0.0926
vn -0.9833 -0.1619 -0.0830
vn -0.9849 -0.1466 -0.0918
vn -0.9822 -0.1743 -0.0701
vn -0.9795 -0.1950 -0.0500
vn -0.9840 -0.1763 -0.0266
vn -0.9861 -0.1649 -0.0222
vn -0.9916 -0.1201 0.0477
vn -0.9943 -0.0957 0.0480
vn -0.9912 -0.1275 0.0363
vn -0.9899 -0.1386 0.0305
vn -0.9823 -0.1698 0.0789
vn -0.9909 -0.1332 0.0176
vn -0.9831 -0.1663 0.0767
vn -0.9733 -0.1979 0.1161
vn -0.9783 -0.1676 0.1218
vn -0.9801 -0.1582 0.1198
vn -0.9880 -0.1207 0.0966
vn -0.9896 -0.1106 0.0923
vn -0.9875 -0.1276 0.0929
vn -0.9802 -0.1510 0.1285
vn -0.9766 -0.1638 0.1392
vn -0.9777 -0.1539 0.1426
vn -0.9715 -0.1769 0.1578
vn -0.9634 -0.1878 0.1912
vn -0.9772 -0.1383 0.1611
vn -0.9780 -0.1375 0.1570
vn -0.9775 -0.1615 0.1356
vn -0.9787 -0.1616 0.1263
vn -0.9819 -0.1470 0.1193
vn -0.9800 -0.1502 0.1308
vn -0.9674 -0.1839 0.1739
vn -0.9824 -0.1438 0.1190
vn -0.9722 -0.1699 0.1609
vn -0.9762 -0.1689 0.1363
vn -0.9813 -0.1480 0.1228
vn -0.9816 -0.1476 0.1212
vn -0.9838 -0.1769 0.0282
vn -0.9806 -0.1956 0.0128
vn -0.9886 -0.1476 0.0288
vn -0.9853 -0.1583 0.0639
vn -0.9817 -0.1816 0.0579
vn -0.9832 -0.1644 0.0792
vn -0.9841 -0.1724 0.0423
vn -0.9899 -0.1419 -0.0038
vn -0.9889 -0.1475 -0.0187
vn -0.9881 -0.1522 -0.0201
vn -0.9543 -0.2789 0.1076
vn -0.9457 -0.3071 0.1062
vn -0.9785 -0.1877 0.0858
vn -0.9750 -0.1941 0.1076
vn -0.9698 -0.2192 0.1072
vn -0.9740 -0.1957 0.1141
vn -0.9765 -0.1963 0.0886
vn -0.9876 -0.1545 0.0287
vn -0.9880 -0.1530 0.0189
vn -0.9875 -0.1563 0.0185
vn -0.9697 -0.2287 -0.0858
vn -0.9649 -0.2413 -0.1036
vn -0.9785 -0.1945 -0.0684
vn -0.9779 -0.2016 -0.0562
vn -0.9770 -0.2011 -0.0707
vn -0.9766 -0.2096 -0.0478
vn -0.9812 -0.1759 -0.0798
vn -0.9836 -0.1543 -0.0937
vn -0.9823 -0.1575 -0.1013
vn -0.9815 -0.1607 -0.1039
vn -0.9844 -0.1545 -0.0839
vn -0.9851 -0.1494 -0.0854
vn -0.9857 -0.1484 -0.0797
vn -0.9851 -0.1548 -0.0744
vn -0.9848 -0.1535 -0.0810
vn -0.9843 -0.1635 -0.0670
vn -0.9877 -0.1351 -0.0789
vn -0.9907 -0.1106 -0.0797
vn -0.9849 -0.1364 -0.1062
vn -0.9842 -0.1393 -0.1090
vn -0.9814 -0.1469 -0.1237
vn -0.9876 -0.1191 -0.1023
vn -0.9840 -0.1316 -0.1201
vn -0.9826 -0.1375 -0.1247
vn -0.9798 -0.1568 -0.1243
vn -0.9829 -0.1390 -0.1207
vn -0.9847 -0.1381 -0.1064
vn -0.9870 -0.1257 -0.1001
vn -0.9800 -0.1545 -0.1253
vn -0.9792 -0.1572 -0.1281
vn -0.9919 -0.1098 -0.0633
vn -0.9939 -0.1014 -0.0435
vn -0.9882 -0.1337 -0.0746
vn -0.9859 -0.1448 -0.0835
vn -0.9852 -0.1508 -0.0812
vn -0.9848 -0.1559 -0.0771
vn -0.9807 -0.1888 -0.0512
vn -0.9817 -0.1902 0.0007
vn -0.9888 -0.1485 0.0131
vn -0.9897 -0.1425 0.0137
vn -0.9906 -0.1219 0.0626
vn -0.9907 -0.1198 0.0652
vn -0.9900 -0.1260 0.0641
vn -0.9888 -0.1316 0.0706
vn -0.9860 -0.1427 0.0860
vn -0.9888 -0.1306 0.0716
vn -0.9787 -0.1765 0.1048
vn -0.9826 -0.1564 0.1005
vn -0.9897 -0.1224 0.0736
vn -0.9903 -0.1213 0.0681
vn -0.9881 -0.1383 0.0668
vn -0.9877 -0.1402 0.0694
vn -0.9871 -0.1476 0.0623
vn -0.9896 -0.1268 0.0686
vn -0.9916 -0.1152 0.0588
vn 0.9842 -0.1387 -0.1101
vn 0.9834 -0.1418 -0.1131
vn 0.9891 -0.1176 -0.0887
vn 0.9821 -0.1575 -0.1033
vn 0.8502 -0.4150 -0.3240
vn 0.6771 -0.5658 -0.4706
vn 0.9719 -0.2197 -0.0851
vn 0.9879 -0.1443 -0.0560
vn 0.9901 -0.1332 -0.0441
vn 0.9885 -0.1510 -0.0023
vn 0.9854 -0.1554 -0.0702
vn 0.9881 -0.1423 -0.0579
vn 0.9878 -0.1405 -0.0670
vn 0.9930 -0.1116 -0.0391
vn 0.9902 -0.1393 -0.0081
vn 0.9904 -0.1379 -0.0060
vn 0.9909 -0.1343 -0.0109
vn 0.9905 -0.1370 -0.0063
vn 0.9912 -0.1312 0.0192
vn 0.9882 -0.1526 0.0135
vn 0.9889 -0.1451 0.0311
vn 0.9914 -0.1289 0.0217
vn 0.9902 -0.1326 0.0444
vn 0.9899 -0.1318 0.0531
vn 0.9920 -0.1143 0.0535
vn 0.9594 -0.2530 0.1248
vn 0.9859 -0.1496 0.0747
vn 0.9856 -0.1492 0.0799
vn 0.9725 -0.1807 0.1467
vn 0.9917 -0.1285 -0.0098
vn 0.9826 -0.1539 0.1036
vn 0.9809 -0.1601 0.1104
vn 0.9821 -0.1560 0.1056
vn 0.9720 -0.1863 0.1430
vn 0.9713 -0.1891 0.1446
vn 0.9710 -0.1890 0.1467
vn 0.9743 -0.1760 0.1403
vn 0.9748 -0.1743 0.1394
vn 0.9795 -0.1581 -0.1247
vn 0.9884 -0.1241 -0.0876
vn 0.9823 -0.1499 -0.1122
vn 0.9774 -0.1662 -0.1305
vn 0.9759 -0.1750 -0.1300
vn 0.9773 -0.1696 -0.1269
vn 0.9729 -0.1819 -0.1429
vn 0.9661 -0.2099 -0.1501
vn 0.9813 -0.1583 -0.1092
vn 0.9835 -0.1506 -0.1006
vn 0.9878 -0.1340 -0.0794
vn 0.9945 -0.0967 -0.0393
vn 0.9889 -0.1308 -0.0707
vn 0.9847 -0.1477 -0.0926
vn 0.9833 -0.1619 -0.0830
vn 0.9849 -0.1466 -0.0918
vn 0.9822 -0.1743 -0.0701
vn 0.9795 -0.1950 -0.0500
vn 0.9840 -0.1763 -0.0266
vn 0.9861 -0.1649 -0.0222
vn 0.9912 -0.1275 0.0362
vn 0.9943 -0.0957 0.0480
vn 0.9916 -0.1201 0.0477
vn 0.9899 -0.1386 0.0305
vn 0.9823 -0.1698 0.0789
vn 0.9909 -0.1332 0.0176
vn 0.9831 -0.1663 0.0767
vn 0.9733 -0.1979 0.1161
vn 0.9783 -0.1676 0.1218
vn 0.9801 -0.1582 0.1198
vn 0.9875 -0.1276 0.0929
vn 0.9896 -0.1106 0.0923
vn 0.9880 -0.1206 0.0966
vn 0.9802 -0.1510 0.1285
vn 0.9766 -0.1638 0.1392
vn 0.9777 -0.1539 0.1426
vn 0.9715 -0.1769 0.1578
vn 0.9634 -0.1878 0.1912
vn 0.9772 -0.1383 0.1611
vn 0.9780 -0.1375 0.1570
vn 0.9819 -0.1470 0.1193
vn 0.9787 -0.1616 0.1263
vn 0.9775 -0.1615 0.1356
vn 0.9800 -0.1502 0.1308
vn 0.9674 -0.1839 0.1739
vn 0.9824 -0.1438 0.1190
vn 0.9722 -0.1699 0.1609
vn 0.9762 -0.1689 0.1363
vn 0.9813 -0.1481 0.1228
vn 0.9816 -0.1476 0.1212
vn 0.9886 -0.1476 0.0288
vn 0.9806 -0.1956 0.0128
vn 0.9838 -0.1769 0.0282
vn 0.9853 -0.1583 0.0639
vn 0.9817 -0.1816 0.0579
vn 0.9832 -0.1644 0.0792
vn 0.9841 -0.1724 0.0423
vn 0.9899 -0.1419 -0.0038
vn 0.9889 -0.1474 -0.0187
vn 0.9881 -0.1522 -0.0201
vn 0.9785 -0.1877 0.0858
vn 0.9457 -0.3071 0.1062
vn 0.9543 -0.2789 0.1076
vn 0.9750 -0.1941 0.1076
vn 0.9698 -0.2192 0.1072
vn 0.9740 -0.1957 0.1141
vn 0.9765 -0.1963 0.0886
vn 0.9876 -0.1545 0.0287
vn 0.9880 -0.1530 0.0189
vn 0.9875 -0.1563 0.0185
vn 0.9785 -0.1945 -0.0684
vn 0.9649 -0.2413 -0.1036
vn 0.9697 -0.2287 -0.0858
vn 0.9779 -0.2016 -0.0562
vn 0.9770 -0.2011 -0.0707
vn 0.9766 -0.2096 -0.0478
vn 0.9812 -0.1760 -0.0797
vn 0.9836 -0.1542 -0.0937
vn 0.9823 -0.1575 -0.1013
vn 0.9815 -0.1607 -0.1039
vn 0.9857 -0.1484 -0.0797
vn 0.9851 -0.1494 -0.0854
vn 0.9844 -0.1545 -0.0839
vn 0.9851 -0.1548 -0.0744
vn 0.9848 -0.1535 -0.0810
vn 0.9843 -0.1635 -0.0670
vn 0.9877 -0.1351 -0.0789
vn 0.9907 -0.1105 -0.0797
vn 0.9849 -0.1364 -0.1062
vn 0.9842 -0.1393 -0.1090
vn 0.9840 -0.1316 -0.1201
vn 0.9876 -0.1191 -0.1023
vn 0.9814 -0.1469 -0.1237
vn 0.9826 -0.1375 -0.1247
vn 0.9798 -0.1568 -0.1243
vn 0.9829 -0.1390 -0.1207
vn 0.9847 -0.1381 -0.1064
vn 0.9870 -0.1257 -0.1001
vn 0.9800 -0.1545 -0.1253
vn 0.9792 -0.1572 -0.1281
vn 0.9882 -0.1337 -0.0746
vn 0.9939 -0.1014 -0.0435
vn 0.9919 -0.1098 -0.0633
vn 0.9859 -0.1448 -0.0835
vn 0.9852 -0.1508 -0.0812
vn 0.9848 -0.1559 -0.0771
vn 0.9807 -0.1888 -0.0512
vn 0.9817 -0.1902 0.0007
vn 0.9888 -0.1485 0.0131
vn 0.9897 -0.1425 0.0137
vn 0.9900 -0.1260 0.0642
vn 0.9907 -0.1198 0.0652
vn 0.9906 -0.1219 0.0625
vn 0.9888 -0.1316 0.0706
vn 0.9860 -0.1427 0.0860
vn 0.9888 -0.1306 0.0716
vn 0.9787 -0.1765 0.1048
vn 0.9826 -0.1564 0.1006
vn 0.9897 -0.1224 0.0736
vn 0.9903 -0.1213 0.0681
vn 0.9882 -0.1378 0.0670
vn 0.9877 -0.1402 0.0694
vn 0.9871 -0.1476 0.0623
vn 0.9896 -0.1268 0.0686
vn 0.9916 -0.1152 0.0588
vn -0.9821 0.1877 -0.0136
vn -0.9736 0.2233 0.0471
vn -0.9810 0.1922 -0.0244
vn -0.9134 0.4028 0.0580
vn -0.8603 0.4305 0.2730
vn -0.9399 0.3126 -0.1375
vn -0.9183 0.3109 -0.2451
vn -0.8977 0.3600 -0.2539
vn -0.8989 0.3668 -0.2397
vn -0.9035 0.3964 -0.1627
vn -0.9047 0.4006 -0.1447
vn -0.9044 0.4029 -0.1406
vn -0.8816 0.4092 -0.2352
vn -0.9848 0.1272 0.1185
vn -0.9625 0.0880 0.2566
vn -0.9530 0.0868 0.2903
vn -0.9436 0.1928 -0.2691
vn -0.9830 -0.0170 -0.1829
vn -0.9081 -0.0080 -0.4187
vn -0.8602 0.4037 -0.3115
vn -0.8565 0.4522 -0.2489
vn -0.8996 0.3332 -0.2823
vn -0.9129 0.3118 -0.2635
vn -0.9479 0.2919 -0.1274
vn -0.9520 0.2808 -0.1214
vn -0.9650 0.2588 -0.0427
vn -0.9666 0.2523 -0.0443
vn -0.9714 0.2353 0.0317
vn -0.9697 0.2444 0.0009
vn -0.9666 0.2556 0.0191
vn -0.9609 0.2704 -0.0603
vn -0.9570 0.2830 -0.0645
vn -0.9661 0.0039 -0.2581
vn -0.9867 0.1144 -0.1154
vn -0.9174 0.3900 -0.0795
vn -0.9511 0.3030 -0.0593
vn -0.8804 0.4684 -0.0739
vn -0.8653 0.4929 -0.0914
vn -0.8562 0.4869 -0.1730
vn -0.8431 0.5137 -0.1588
vn -0.8756 0.4272 -0.2254
vn -0.8881 0.3810 -0.2572
vn -0.8595 0.4241 -0.2854
vn -0.8484 0.4372 -0.2986
vn -0.9321 0.3037 -0.1972
vn -0.9541 0.2852 -0.0916
vn -0.9384 0.2768 -0.2066
vn 0.8218 0.5449 0.1669
vn 0.3475 0.9297 0.1222
vn -0.8144 0.5757 0.0734
vn -0.9029 0.4267 0.0514
vn 0.8155 0.5409 0.2059
vn -0.5598 0.8228 -0.0983
vn -0.6191 0.7783 -0.1048
vn -0.7209 0.6334 -0.2813
vn -0.7473 0.6166 -0.2475
vn -0.7737 0.5390 -0.3329
vn -0.7934 0.5342 -0.2917
vn -0.7733 0.5292 -0.3492
vn 0.8411 0.5324 -0.0950
vn -0.9186 0.3624 -0.1573
vn -0.9148 0.3829 -0.1288
vn -0.8983 0.4282 -0.0981
vn -0.9260 0.3399 -0.1642
vn -0.8371 0.5287 -0.1404
vn -0.8176 0.5645 -0.1137
vn -0.7482 0.6155 -0.2479
vn -0.7395 0.6285 -0.2411
vn -0.9327 0.3403 -0.1195
vn -0.6715 0.6399 -0.3736
vn -0.6659 0.6530 -0.3608
vn -0.6050 0.6408 -0.4726
vn -0.6124 0.6426 -0.4604
vn -0.7008 0.5205 -0.4879
vn -0.7413 0.5316 -0.4097
vn -0.6876 0.4997 -0.5268
vn -0.8575 0.5125 -0.0447
vn -0.7530 0.6483 -0.1126
vn -0.8933 0.4469 -0.0491
vn -0.7474 0.6483 -0.1451
vn -0.8934 0.4468 -0.0468
vn -0.7358 0.6314 -0.2446
vn -0.7265 0.6425 -0.2437
vn -0.7306 0.6131 -0.3006
vn -0.7024 0.5969 -0.3877
vn -0.6699 0.5839 -0.4586
vn -0.9423 0.2995 0.1492
vn -0.9703 0.2317 0.0693
vn -0.9505 0.3045 0.0611
vn -0.9601 0.2723 -0.0638
vn -0.9897 0.1428 0.0140
vn -0.9439 0.3217 -0.0749
vn -0.9457 0.3186 -0.0638
vn -0.9471 0.2962 -0.1233
vn -0.9514 0.2922 -0.0977
vn -0.9415 0.2883 -0.1745
vn -0.9295 0.2954 -0.2207
vn -0.9037 0.3378 -0.2629
vn -0.8927 0.3510 -0.2826
vn -0.8767 0.3744 -0.3019
vn -0.8692 0.3743 -0.3230
vn -0.7711 0.4512 -0.4492
vn -0.4476 0.3528 -0.8217
vn -0.2871 0.2828 -0.9152
vn 0.9810 0.1922 -0.0244
vn 0.9736 0.2233 0.0471
vn 0.9821 0.1878 -0.0137
vn 0.9134 0.4028 0.0580
vn 0.8603 0.4305 0.2730
vn 0.9399 0.3126 -0.1375
vn 0.9183 0.3109 -0.2451
vn 0.8977 0.3600 -0.2539
vn 0.8989 0.3668 -0.2397
vn 0.9035 0.3964 -0.1627
vn 0.9047 0.4006 -0.1447
vn 0.9044 0.4029 -0.1406
vn 0.8816 0.4092 -0.2352
vn 0.9848 0.1272 0.1185
vn 0.9625 0.0880 0.2566
vn 0.9530 0.0868 0.2903
vn 0.9081 -0.0080 -0.4187
vn 0.9830 -0.0170 -0.1829
vn 0.9436 0.1928 -0.2691
vn 0.8602 0.4037 -0.3115
vn 0.8565 0.4522 -0.2489
vn 0.8996 0.3332 -0.2823
vn 0.9129 0.3118 -0.2635
vn 0.9479 0.2919 -0.1274
vn 0.9520 0.2808 -0.1214
vn 0.9650 0.2588 -0.0426
vn 0.9667 0.2522 -0.0443
vn 0.9714 0.2353 0.0317
vn 0.9697 0.2444 0.0009
vn 0.9666 0.2556 0.0191
vn 0.9609 0.2704 -0.0603
vn 0.9570 0.2830 -0.0645
vn 1.0000 -0.0000 -0.0000
vn 0.9867 0.1144 -0.1154
vn 0.9661 0.0039 -0.2581
vn 0.9174 0.3900 -0.0795
vn 0.9511 0.3030 -0.0593
vn 0.8804 0.4684 -0.0739
vn 0.8653 0.4929 -0.0914
vn 0.8562 0.4869 -0.1730
vn 0.8431 0.5138 -0.1587
vn 0.8756 0.4272 -0.2254
vn 0.8888 0.3799 -0.2564
vn 0.8719 0.4077 -0.2713
vn 0.8680 0.4169 -0.2697
vn 0.9351 0.2990 -0.1904
vn 0.9541 0.2852 -0.0916
vn 0.9384 0.2768 -0.2066
vn -0.8218 0.5449 0.1669
vn 0.8144 0.5757 0.0734
vn -0.3475 0.9297 0.1222
vn 0.9029 0.4267 0.0514
vn -0.8155 0.5409 0.2059
vn 0.5598 0.8228 -0.0983
vn 0.6191 0.7783 -0.1048
vn 0.7209 0.6333 -0.2813
vn -0.8411 0.5324 -0.0950
vn 0.7473 0.6166 -0.2475
vn 0.7737 0.5390 -0.3328
vn 0.7934 0.5342 -0.2917
vn 0.7733 0.5292 -0.3492
vn 0.9186 0.3624 -0.1573
vn 0.9148 0.3829 -0.1288
vn 0.9260 0.3399 -0.1642
vn 0.8983 0.4282 -0.0981
vn 0.8371 0.5287 -0.1404
vn 0.8176 0.5645 -0.1137
vn 0.7482 0.6155 -0.2478
vn 0.7395 0.6285 -0.2410
vn 0.9327 0.3403 -0.1195
vn 0.6715 0.6399 -0.3736
vn 0.6659 0.6530 -0.3608
vn 0.6050 0.6408 -0.4726
vn 0.6125 0.6426 -0.4604
vn 0.7008 0.5204 -0.4879
vn 0.7413 0.5316 -0.4098
vn 0.6877 0.4997 -0.5267
vn 0.8575 0.5125 -0.0447
vn 0.7530 0.6483 -0.1126
vn 0.7474 0.6483 -0.1451
vn 0.8933 0.4469 -0.0490
vn 0.8934 0.4468 -0.0468
vn 0.7359 0.6314 -0.2446
vn 0.7265 0.6425 -0.2437
vn 0.7306 0.6131 -0.3006
vn 0.7024 0.5969 -0.3877
vn 0.6699 0.5839 -0.4585
vn 0.9506 0.3045 0.0611
vn 0.9703 0.2317 0.0693
vn 0.9423 0.2995 0.1492
vn 0.9601 0.2723 -0.0638
vn 0.9897 0.1428 0.0140
vn 0.9439 0.3217 -0.0749
vn 0.9457 0.3186 -0.0638
vn 0.9471 0.2962 -0.1233
vn 0.9514 0.2922 -0.0976
vn 0.9415 0.2882 -0.1744
vn 0.9295 0.2954 -0.2207
vn 0.9038 0.3378 -0.2629
vn 0.8927 0.3512 -0.2825
vn 0.8838 0.3718 -0.2840
vn 0.8687 0.3771 -0.3212
vn 0.4505 0.3442 -0.8237
vn 0.7323 0.4571 -0.5048
vn 0.2871 0.2828 -0.9152
vn -1.0000 0.0066 -0.0016
vn -1.0000 0.0077 -0.0042
vn -0.9913 0.0482 -0.1223
vn -0.9941 0.0448 -0.0983
vn -0.9824 0.0917 -0.1624
vn -0.9834 0.0955 -0.1545
vn -0.9789 0.1069 -0.1739
vn -0.9858 0.0860 -0.1446
vn -0.9772 0.1449 -0.1554
vn -0.9838 0.1442 -0.1065
vn -0.9873 0.1340 -0.0854
vn -0.9957 0.0754 -0.0537
vn -0.9956 0.0750 -0.0564
vn -0.9918 0.0854 -0.0949
vn -0.9907 0.0864 -0.1049
vn -0.9865 0.1027 -0.1277
vn -0.9821 0.0526 -0.1811
vn -0.9855 0.0637 -0.1574
vn -0.9794 0.0983 -0.1763
vn -0.9813 0.1124 -0.1564
vn -0.9859 0.0820 -0.1460
vn -0.9862 0.0771 -0.1466
vn -0.9794 0.0936 -0.1790
vn -0.9788 0.0912 -0.1833
vn -0.9853 0.0807 -0.1508
vn 1.0000 0.0077 -0.0042
vn 1.0000 0.0066 -0.0016
vn 0.9913 0.0482 -0.1223
vn 0.9941 0.0448 -0.0983
vn 0.9824 0.0917 -0.1625
vn 0.9834 0.0955 -0.1546
vn 0.9789 0.1070 -0.1740
vn 0.9772 0.1449 -0.1554
vn 0.9858 0.0860 -0.1446
vn 0.9838 0.1442 -0.1065
vn 0.9873 0.1341 -0.0854
vn 0.9957 0.0754 -0.0537
vn 0.9956 0.0750 -0.0564
vn 0.9918 0.0854 -0.0948
vn 0.9907 0.0864 -0.1049
vn 0.9865 0.1027 -0.1277
vn 0.9855 0.0637 -0.1574
vn 0.9821 0.0526 -0.1811
vn 0.9794 0.0983 -0.1763
vn 0.9813 0.1124 -0.1564
vn 0.9859 0.0820 -0.1460
vn 0.9862 0.0771 -0.1467
vn 0.9794 0.0936 -0.1790
vn 0.9788 0.0912 -0.1833
vn 0.9853 0.0807 -0.1508
vn -0.9753 -0.0856 0.2037
vn -0.9760 -0.1639 0.1433
vn -0.8780 -0.2722 0.3936
vn -0.9939 -0.1076 0.0246
vn -0.9797 -0.0756 0.1855
vn -0.9882 -0.1012 -0.1147
vn -0.6871 0.6454 0.3337
vn -0.9193 -0.1406 -0.3677
vn -0.1262 0.8424 0.5239
vn -0.0236 0.8723 0.4884
vn 0.0671 0.9494 0.3069
vn -0.9963 0.0051 0.0861
vn -0.9175 -0.2461 0.3125
vn -0.7446 -0.6191 0.2493
vn -0.9310 -0.2112 0.2976
vn -0.6454 -0.5642 0.5149
vn -0.8575 -0.2985 0.4190
vn -0.4373 -0.4804 0.7602
vn -0.2910 -0.9013 0.3208
vn -0.2572 -0.8046 0.5352
vn -0.3481 -0.9006 -0.2603
vn -0.4408 -0.8936 -0.0849
vn -0.4158 -0.9024 -0.1129
vn -0.4696 -0.8657 -0.1730
vn -0.5925 -0.7741 0.2232
vn -0.5177 -0.7652 0.3826
vn -0.5629 -0.6552 -0.5038
vn -0.2903 -0.8370 -0.4638
vn -0.7010 -0.6978 0.1469
vn -0.7624 -0.6471 0.0044
vn -0.7358 -0.6316 -0.2444
vn -0.7381 -0.6304 -0.2405
vn 0.1852 -0.9780 -0.0962
vn 0.9753 -0.0856 0.2037
vn 0.9760 -0.1639 0.1433
vn 0.9939 -0.1075 0.0246
vn 0.8780 -0.2722 0.3936
vn 0.9797 -0.0756 0.1855
vn 0.9882 -0.1012 -0.1147
vn 0.6871 0.6454 0.3337
vn 0.9193 -0.1406 -0.3677
vn 0.1262 0.8424 0.5239
vn 0.0236 0.8723 0.4884
vn -0.0671 0.9494 0.3069
vn 0.9963 0.0052 0.0861
vn 0.9175 -0.2461 0.3125
vn 0.7446 -0.6191 0.2493
vn 0.6454 -0.5642 0.5149
vn 0.9310 -0.2112 0.2976
vn 0.8575 -0.2985 0.4190
vn 0.4373 -0.4804 0.7602
vn 0.2910 -0.9013 0.3208
vn 0.2572 -0.8046 0.5352
vn 0.3481 -0.9006 -0.2603
vn 0.4408 -0.8936 -0.0849
vn 0.4697 -0.8657 -0.1729
vn 0.4158 -0.9024 -0.1129
vn 0.5925 -0.7741 0.2232
vn 0.5177 -0.7652 0.3826
vn 0.5629 -0.6552 -0.5038
vn 0.2903 -0.8370 -0.4638
vn 0.7010 -0.6978 0.1469
vn 0.7624 -0.6471 0.0044
vn 0.7355 -0.6317 -0.2448
vn 0.7381 -0.6304 -0.2405
vn -0.1852 -0.9780 -0.0962
vn 0.9716 -0.1167 -0.2061
vn 0.9600 -0.1707 -0.2221
vn 0.9533 -0.1879 -0.2366
vn 0.9773 -0.0962 -0.1888
vn 0.9770 -0.0607 -0.2043
vn -0.4583 0.2123 0.8630
vn -0.4474 0.2444 0.8603
vn -0.4277 0.2509 0.8684
vn -0.4650 0.2170 0.8583
vn -0.4358 0.3277 0.8382
vn -0.4697 -0.3383 -0.8154
vn -0.4647 -0.5029 -0.7287
vn -0.4708 -0.5090 -0.7206
vn -0.4620 -0.3354 -0.8210
vn -0.4080 -0.7257 -0.5540
vn -0.6019 -0.0038 0.7986
vn -0.5961 0.0449 0.8017
vn -0.5896 0.0405 0.8067
vn -0.6074 -0.0002 0.7944
vn -0.5923 0.0915 0.8005
vn 0.9899 0.1367 -0.0368
vn 0.9482 0.3121 -0.0596
vn 0.9919 0.1268 -0.0117
vn 0.9378 0.3352 -0.0900
vn 0.9973 -0.0722 -0.0116
vn -0.7320 0.1432 -0.6661
vn -0.7165 -0.0861 -0.6923
vn -0.7118 -0.0795 -0.6978
vn -0.7354 0.1381 -0.6634
vn -0.7072 0.3609 -0.6080
vn -0.9716 -0.1167 -0.2061
vn -0.9600 -0.1707 -0.2221
vn -0.9773 -0.0963 -0.1887
vn -0.9533 -0.1879 -0.2366
vn -0.9770 -0.0607 -0.2043
vn 0.4583 0.2123 0.8630
vn 0.4474 0.2444 0.8603
vn 0.4650 0.2170 0.8583
vn 0.4277 0.2508 0.8684
vn 0.4358 0.3277 0.8383
vn 0.4697 -0.3383 -0.8154
vn 0.4647 -0.5029 -0.7287
vn 0.4620 -0.3354 -0.8210
vn 0.4708 -0.5090 -0.7206
vn 0.4080 -0.7257 -0.5540
vn 0.6018 -0.0038 0.7986
vn 0.5961 0.0449 0.8017
vn 0.6074 -0.0002 0.7944
vn 0.5896 0.0405 0.8067
vn 0.5923 0.0915 0.8005
vn -0.9899 0.1367 -0.0368
vn -0.9482 0.3121 -0.0596
vn -0.9378 0.3352 -0.0900
vn -0.9919 0.1268 -0.0117
vn -0.9973 -0.0722 -0.0116
vn 0.7320 0.1432 -0.6661
vn 0.7165 -0.0862 -0.6922
vn 0.7354 0.1381 -0.6634
vn 0.7118 -0.0795 -0.6978
vn 0.7072 0.3609 -0.6080
vn -0.5532 0.6648 -0.5021
vn -0.6195 0.5446 -0.5654
vn -0.6045 0.4849 -0.6321
vn -0.5338 0.6814 -0.5007
vn -0.5512 0.3902 -0.7375
vn -0.5706 0.3775 -0.7293
vn -0.7155 0.2882 -0.6364
vn -0.7426 0.2887 -0.6043
vn -0.7496 0.3068 -0.5865
vn 0.5532 0.6648 -0.5021
vn 0.6195 0.5446 -0.5654
vn 0.5338 0.6814 -0.5007
vn 0.6045 0.4849 -0.6321
vn 0.5512 0.3901 -0.7375
vn 0.5706 0.3775 -0.7293
vn 0.7155 0.2882 -0.6364
vn 0.7426 0.2887 -0.6043
vn 0.7496 0.3068 -0.5865
vn -0.8272 0.1101 -0.5509
vn -0.7782 0.4296 -0.4581
vn -0.7824 0.0236 -0.6223
vn -0.7362 0.4779 -0.4793
vn -0.6228 -0.4361 -0.6496
vn -0.6437 -0.4350 -0.6296
vn -0.6457 -0.2886 -0.7070
vn -0.6995 -0.1380 -0.7012
vn -0.7224 0.3250 -0.6104
vn -0.7161 0.4145 -0.5616
vn -0.6980 0.5867 -0.4107
vn -0.7042 0.5704 -0.4228
vn -0.7354 0.5554 -0.3882
vn -0.7385 0.5574 -0.3792
vn -0.7725 0.4679 -0.4295
vn -0.7831 0.4636 -0.4145
vn -0.7594 0.2169 -0.6135
vn -0.7510 0.2189 -0.6230
vn -0.6958 -0.1855 -0.6938
vn -0.6736 -0.1990 -0.7118
vn -0.6404 -0.4466 -0.6248
vn -0.6205 -0.4490 -0.6429
vn -0.6619 -0.4419 -0.6055
vn 0.8272 0.1101 -0.5509
vn 0.7782 0.4296 -0.4581
vn 0.7362 0.4779 -0.4793
vn 0.7824 0.0236 -0.6223
vn 0.6228 -0.4361 -0.6496
vn 0.6437 -0.4350 -0.6296
vn 0.6457 -0.2886 -0.7070
vn 0.6995 -0.1380 -0.7012
vn 0.7224 0.3250 -0.6104
vn 0.7161 0.4145 -0.5616
vn 0.6979 0.5867 -0.4107
vn 0.7042 0.5704 -0.4228
vn 0.7354 0.5554 -0.3882
vn 0.7385 0.5574 -0.3792
vn 0.7725 0.4679 -0.4295
vn 0.7831 0.4636 -0.4145
vn 0.7594 0.2169 -0.6135
vn 0.7510 0.2189 -0.6230
vn 0.6958 -0.1855 -0.6938
vn 0.6736 -0.1990 -0.7118
vn 0.6404 -0.4466 -0.6248
vn 0.6205 -0.4490 -0.6429
vn 0.6619 -0.4419 -0.6055
vn -0.8586 -0.5112 -0.0380
vn -0.7929 -0.4249 0.4367
vn -0.8418 -0.5387 -0.0344
vn -0.8005 -0.4053 0.4414
vn -0.4600 -0.3811 0.8020
vn -0.4614 -0.3770 0.8031
vn -0.2409 -0.3659 0.8989
vn -0.6732 -0.5904 -0.4453
vn -0.6704 -0.6125 -0.4187
vn -0.3595 -0.6437 -0.6755
vn -0.3774 -0.6586 -0.6510
vn -0.1903 -0.6524 -0.7336
vn -0.1903 -0.6579 -0.7286
vn 0.8586 -0.5113 -0.0379
vn 0.7929 -0.4249 0.4367
vn 0.8005 -0.4053 0.4414
vn 0.8418 -0.5387 -0.0343
vn 0.4600 -0.3811 0.8020
vn 0.4613 -0.3770 0.8032
vn 0.2409 -0.3659 0.8990
vn 0.2409 -0.3659 0.8989
vn 0.6732 -0.5904 -0.4453
vn 0.6704 -0.6125 -0.4187
vn 0.3595 -0.6437 -0.6755
vn 0.3774 -0.6586 -0.6510
vn 0.1903 -0.6524 -0.7336
vn 0.1903 -0.6579 -0.7286
vn 0.5667 0.3668 -0.7378
vn 0.6263 0.5065 -0.5926
vn 0.5637 0.4152 -0.7141
vn 0.6456 0.4818 -0.5926
vn 0.6378 0.5170 -0.5709
vn 0.6273 0.5453 -0.5561
vn 0.6230 0.6055 -0.4951
vn 0.4911 0.1752 -0.8533
vn 0.4850 0.1726 -0.8573
vn 0.1458 0.5675 -0.8104
vn 0.1486 0.6350 -0.7581
vn 0.1985 0.6495 -0.7340
vn 0.0181 0.6319 -0.7749
vn 0.1533 0.6379 -0.7547
vn 0.1049 0.6335 -0.7666
vn 0.1049 0.6400 -0.7612
vn 0.2555 0.4387 -0.8616
vn 0.3844 0.2196 -0.8967
vn 0.6927 0.3386 -0.6368
vn 0.6510 0.4874 -0.5819
vn 0.7421 0.3249 -0.5862
vn 0.6155 0.5323 -0.5812
vn 0.6212 0.5723 -0.5353
vn 0.6879 0.2423 -0.6842
vn 0.6328 0.1886 -0.7510
vn 0.6349 0.5593 -0.5330
vn 0.6320 0.5353 -0.5604
vn 0.5977 0.6114 -0.5185
vn 0.3019 0.4303 -0.8507
vn 0.2207 0.5720 -0.7900
vn 0.1944 0.5501 -0.8121
vn 0.2908 0.5182 -0.8043
vn 0.1699 0.5212 -0.8364
vn 0.1437 0.5057 -0.8507
vn 0.1651 0.3724 -0.9133
vn 0.3535 0.2820 -0.8919
vn 0.4021 0.2259 -0.8873
vn -0.0304 -0.4934 0.8693
vn 0.1505 -0.4023 0.9031
vn 0.2026 -0.4091 0.8897
vn -0.0067 -0.4437 0.8961
vn 0.1576 -0.3068 0.9386
vn 0.0897 -0.2645 0.9602
vn 0.0979 -0.1977 0.9754
vn -0.2287 -0.5961 0.7697
vn -0.3242 -0.6136 0.7200
vn -0.7144 -0.2388 0.6577
vn -0.7591 -0.1861 0.6238
vn -0.7307 -0.1542 0.6650
vn -0.7705 -0.1896 0.6086
vn -0.7905 -0.1689 0.5887
vn -0.8319 -0.1712 0.5279
vn -0.8340 -0.1934 0.5168
vn -0.6535 -0.3023 0.6940
vn -0.5804 -0.4697 0.6652
vn -0.4285 -0.3859 0.8170
vn -0.3957 -0.2158 0.8927
vn -0.3467 -0.2414 0.9064
vn -0.3965 -0.3400 0.8528
vn -0.2903 -0.1666 0.9423
vn -0.4668 -0.5113 0.7216
vn -0.5270 -0.5759 0.6249
vn -0.2235 -0.1620 0.9611
vn -0.2090 -0.1367 0.9683
vn -0.2393 -0.0073 0.9709
vn -0.7763 -0.3380 0.5320
vn -0.8172 -0.1966 0.5418
vn -0.7679 -0.2402 0.5938
vn -0.8357 -0.2174 0.5044
vn -0.8301 -0.2437 0.5016
vn -0.8247 -0.2417 0.5112
vn -0.8186 -0.3269 0.4724
vn -0.7311 -0.4864 0.4785
vn -0.6978 -0.5286 0.4833
vn 0.6959 0.0164 -0.7179
vn 0.7862 0.1108 -0.6079
vn 0.7285 0.0659 -0.6818
vn 0.8031 0.0856 -0.5896
vn 0.8604 0.1221 -0.4949
vn 0.9115 0.0468 -0.4087
vn 0.9155 0.0859 -0.3930
vn 0.6074 -0.0563 -0.7924
vn 0.5299 -0.0901 -0.8432
vn 0.2448 0.2427 -0.9387
vn 0.2053 0.4022 -0.8922
vn 0.1706 0.4029 -0.8992
vn 0.2433 0.3093 -0.9193
vn 0.1133 0.4968 -0.8604
vn -0.0113 0.5097 -0.8603
vn 0.0033 0.5435 -0.8394
vn 0.2750 0.1105 -0.9551
vn 0.3121 0.0192 -0.9499
vn -0.0408 -0.6383 0.7687
vn 0.0776 -0.5377 0.8396
vn 0.1073 -0.5521 0.8268
vn -0.0040 -0.5925 0.8056
vn 0.2050 -0.4917 0.8463
vn 0.3164 -0.5173 0.7951
vn 0.3219 -0.4807 0.8156
vn -0.1376 -0.7033 0.6974
vn -0.2186 -0.7298 0.6478
vn -0.5497 -0.4345 0.7135
vn -0.5777 -0.2753 0.7684
vn -0.5512 -0.3733 0.7462
vn -0.6062 -0.2664 0.7494
vn -0.6374 -0.1543 0.7549
vn -0.7242 -0.1006 0.6822
vn -0.7068 -0.0687 0.7040
vn -0.5126 -0.5531 0.6567
vn -0.4643 -0.6314 0.6211
vn -0.5667 0.3668 -0.7378
vn -0.6263 0.5065 -0.5926
vn -0.6456 0.4818 -0.5925
vn -0.5637 0.4152 -0.7141
vn -0.6378 0.5170 -0.5709
vn -0.6273 0.5453 -0.5561
vn -0.6230 0.6055 -0.4951
vn -0.4911 0.1752 -0.8533
vn -0.4850 0.1726 -0.8573
vn -0.1458 0.5675 -0.8104
vn -0.1486 0.6349 -0.7582
vn -0.0181 0.6319 -0.7749
vn -0.1985 0.6495 -0.7340
vn -0.1533 0.6379 -0.7547
vn -0.1049 0.6335 -0.7666
vn -0.1049 0.6400 -0.7612
vn -0.2554 0.4387 -0.8616
vn -0.3844 0.2196 -0.8967
vn -0.6927 0.3386 -0.6368
vn -0.6510 0.4874 -0.5819
vn -0.6155 0.5323 -0.5812
vn -0.7421 0.3249 -0.5862
vn -0.6212 0.5723 -0.5353
vn -0.6879 0.2423 -0.6842
vn -0.6328 0.1886 -0.7510
vn -0.6349 0.5593 -0.5330
vn -0.6320 0.5353 -0.5604
vn -0.5977 0.6114 -0.5185
vn -0.3019 0.4303 -0.8507
vn -0.2207 0.5720 -0.7900
vn -0.2908 0.5182 -0.8043
vn -0.1944 0.5501 -0.8121
vn -0.1699 0.5212 -0.8364
vn -0.1437 0.5057 -0.8507
vn -0.1651 0.3724 -0.9133
vn -0.3535 0.2820 -0.8919
vn -0.4021 0.2260 -0.8873
vn 0.0304 -0.4934 0.8693
vn -0.1505 -0.4023 0.9030
vn 0.0067 -0.4437 0.8961
vn -0.2026 -0.4091 0.8897
vn -0.1576 -0.3068 0.9386
vn -0.0897 -0.2645 0.9602
vn -0.0979 -0.1977 0.9754
vn 0.2287 -0.5961 0.7697
vn 0.3242 -0.6136 0.7200
vn 0.7144 -0.2388 0.6577
vn 0.7592 -0.1860 0.6237
vn 0.7705 -0.1896 0.6086
vn 0.7307 -0.1542 0.6650
vn 0.7905 -0.1689 0.5887
vn 0.8319 -0.1712 0.5279
vn 0.8340 -0.1934 0.5168
vn 0.6535 -0.3023 0.6940
vn 0.5804 -0.4697 0.6652
vn 0.4285 -0.3859 0.8170
vn 0.3957 -0.2158 0.8927
vn 0.3965 -0.3400 0.8528
vn 0.3468 -0.2414 0.9064
vn 0.2903 -0.1666 0.9423
vn 0.4668 -0.5113 0.7216
vn 0.5270 -0.5759 0.6249
vn 0.2235 -0.1620 0.9611
vn 0.2090 -0.1367 0.9683
vn 0.2393 -0.0073 0.9709
vn 0.7763 -0.3380 0.5320
vn 0.8172 -0.1966 0.5418
vn 0.8357 -0.2174 0.5044
vn 0.7679 -0.2402 0.5938
vn 0.8301 -0.2437 0.5016
vn 0.8247 -0.2417 0.5112
vn 0.8186 -0.3269 0.4724
vn 0.7310 -0.4865 0.4785
vn 0.6978 -0.5286 0.4833
vn -0.6959 0.0164 -0.7179
vn -0.7862 0.1108 -0.6079
vn -0.8031 0.0856 -0.5896
vn -0.7285 0.0659 -0.6818
vn -0.8604 0.1221 -0.4949
vn -0.9115 0.0469 -0.4087
vn -0.9155 0.0859 -0.3930
vn -0.6074 -0.0563 -0.7924
vn -0.5299 -0.0901 -0.8432
vn -0.2448 0.2427 -0.9387
vn -0.2053 0.4022 -0.8922
vn -0.2433 0.3093 -0.9193
vn -0.1706 0.4029 -0.8992
vn -0.1133 0.4968 -0.8604
vn 0.0113 0.5097 -0.8603
vn -0.0033 0.5435 -0.8394
vn -0.2750 0.1104 -0.9551
vn -0.3121 0.0192 -0.9499
vn 0.0408 -0.6383 0.7687
vn -0.0776 -0.5377 0.8396
vn 0.0040 -0.5925 0.8056
vn -0.1073 -0.5521 0.8268
vn -0.2050 -0.4917 0.8463
vn -0.3164 -0.5173 0.7951
vn -0.3219 -0.4807 0.8156
vn 0.1376 -0.7033 0.6975
vn 0.2186 -0.7298 0.6478
vn 0.5497 -0.4345 0.7135
vn 0.5777 -0.2753 0.7684
vn 0.6062 -0.2664 0.7494
vn 0.5512 -0.3733 0.7462
vn 0.6375 -0.1543 0.7549
vn 0.7242 -0.1006 0.6822
vn 0.7068 -0.0687 0.7040
vn 0.5126 -0.5531 0.6567
vn 0.4643 -0.6314 0.6211
vn 0.9369 0.3076 -0.1659
vn 0.9517 0.2055 -0.2281
vn 0.9356 0.3137 -0.1620
vn 0.8006 0.5975 0.0447
vn 0.9011 -0.0367 0.4320
vn 0.8967 0.0477 0.4401
vn 0.8868 0.1257 0.4447
vn 0.8446 0.2977 0.4449
vn -0.7617 -0.1341 -0.6338
vn -0.1958 0.5476 -0.8135
vn -0.1814 0.6536 -0.7348
vn -0.4070 0.1665 -0.8981
vn 0.1448 0.7693 -0.6222
vn 0.3057 0.8036 -0.5107
vn -0.3125 0.5546 -0.7712
vn 0.2911 0.8480 -0.4428
vn -0.1384 0.6323 -0.7623
vn 0.0497 0.4852 -0.8730
vn -0.0234 0.5734 -0.8189
vn -0.2231 0.5769 -0.7858
vn -0.0973 0.5815 -0.8077
vn -0.3447 0.4906 -0.8003
vn -0.1601 0.4869 -0.8587
vn -0.2709 0.4133 -0.8694
vn -0.0750 0.4285 -0.9004
vn -0.2773 0.3710 -0.8862
vn -0.4888 0.1702 -0.8556
vn -0.4885 0.4531 -0.7457
vn -0.2563 0.4236 -0.8689
vn -0.3811 0.4216 -0.8228
vn -0.4062 0.4565 -0.7916
vn -0.2884 0.4449 -0.8478
vn -0.4034 0.5680 -0.7174
vn -0.2707 0.5829 -0.7661
vn -0.2344 0.6848 -0.6900
vn -0.4449 0.6141 -0.6519
vn -0.1391 0.7857 -0.6028
vn -0.3979 0.6373 -0.6599
vn -0.6594 0.4836 -0.5756
vn -0.6681 0.3207 -0.6714
vn -0.3921 0.5474 -0.7393
vn -0.3815 0.0947 -0.9195
vn -0.5124 0.4520 -0.7301
vn -0.5084 0.3979 -0.7637
vn -0.5425 0.5565 -0.6292
vn -0.4586 0.3146 -0.8311
vn -0.5191 0.1363 -0.8438
vn 0.2206 0.1510 -0.9636
vn -0.4766 0.0094 -0.8791
vn -0.6506 0.1695 -0.7403
vn -0.4609 0.3154 -0.8295
vn -0.4210 0.4115 -0.8084
vn -0.2948 0.8126 -0.5028
vn -0.3731 0.5239 -0.7657
vn -0.2646 0.5418 -0.7978
vn -0.3492 0.6590 -0.6662
vn 0.0255 0.9996 0.0144
vn -0.3444 0.8121 -0.4711
vn -0.6422 0.0183 -0.7663
vn -0.8265 -0.1381 -0.5458
vn -0.1205 0.5211 -0.8449
vn 0.2213 0.8221 -0.5246
vn 0.0377 -0.7951 0.6053
vn -0.2831 -0.8263 0.4869
vn 0.0929 -0.6254 0.7747
vn -0.1742 -0.9400 0.2933
vn 0.4035 -0.4265 0.8095
vn 0.6416 -0.1572 0.7508
vn -0.0469 -0.7053 0.7073
vn 0.4247 -0.4314 0.7959
vn 0.2338 -0.5583 0.7960
vn 0.0154 -0.4728 0.8810
vn 0.4276 -0.5624 0.7077
vn 0.4196 -0.3720 0.8280
vn 0.2736 -0.4215 0.8646
vn 0.4169 -0.2424 0.8761
vn 0.2107 -0.4655 0.8596
vn 0.4288 -0.2820 0.8582
vn 0.3681 -0.3889 0.8445
vn 0.1004 -0.4233 0.9004
vn 0.1224 -0.5981 0.7920
vn 0.4293 -0.3504 0.8324
vn 0.5743 -0.2439 0.7814
vn 0.4996 -0.3291 0.8013
vn 0.3749 -0.3547 0.8565
vn 0.4049 -0.4320 0.8059
vn 0.5217 -0.4260 0.7392
vn 0.4429 -0.5284 0.7243
vn 0.5514 -0.4894 0.6756
vn 0.5758 -0.5026 0.6448
vn 0.4969 -0.5515 0.6701
vn 0.6229 -0.3281 0.7102
vn 0.4132 -0.5020 0.7597
vn 0.3545 -0.6262 0.6944
vn 0.0655 -0.7094 0.7018
vn 0.2777 -0.4886 0.8271
vn 0.2611 -0.3875 0.8841
vn 0.2800 -0.4319 0.8573
vn 0.2175 -0.4040 0.8885
vn 0.2869 -0.5408 0.7907
vn 0.0850 -0.4687 0.8793
vn 0.3219 -0.5489 0.7714
vn 0.1513 -0.6265 0.7646
vn 0.7384 -0.3557 0.5729
vn 0.2602 -0.7150 0.6489
vn -0.0151 -0.7563 0.6541
vn 0.0852 -0.6500 0.7552
vn 0.1612 -0.5323 0.8311
vn 0.2646 -0.5418 0.7978
vn -0.0660 -0.8054 0.5890
vn 0.2859 0.1342 0.9488
vn -0.2134 -0.7831 0.5841
vn 0.8151 0.1654 0.5553
vn -0.9356 0.3137 -0.1620
vn -0.9517 0.2055 -0.2281
vn -0.9369 0.3076 -0.1659
vn -0.8006 0.5975 0.0447
vn -0.8868 0.1257 0.4447
vn -0.8967 0.0477 0.4401
vn -0.9011 -0.0367 0.4320
vn -0.8446 0.2977 0.4449
vn 0.7618 -0.1341 -0.6338
vn 0.1958 0.5476 -0.8135
vn 0.4070 0.1665 -0.8981
vn 0.1814 0.6536 -0.7348
vn -0.1448 0.7693 -0.6222
vn -0.3057 0.8036 -0.5107
vn 0.3125 0.5546 -0.7712
vn -0.2911 0.8480 -0.4428
vn 0.1384 0.6323 -0.7623
vn -0.0497 0.4852 -0.8730
vn 0.0234 0.5734 -0.8189
vn 0.2231 0.5769 -0.7858
vn 0.0973 0.5815 -0.8077
vn 0.3447 0.4907 -0.8003
vn 0.1601 0.4869 -0.8587
vn 0.2709 0.4133 -0.8694
vn 0.0751 0.4283 -0.9005
vn 0.2773 0.3710 -0.8862
vn 0.4888 0.1702 -0.8556
vn 0.4885 0.4531 -0.7457
vn 0.2562 0.4236 -0.8689
vn 0.3811 0.4216 -0.8228
vn 0.4062 0.4565 -0.7916
vn 0.2884 0.4449 -0.8478
vn 0.4034 0.5680 -0.7174
vn 0.2707 0.5829 -0.7661
vn 0.2344 0.6848 -0.6900
vn 0.4449 0.6141 -0.6519
vn 0.1391 0.7857 -0.6028
vn 0.3979 0.6373 -0.6599
vn 0.6594 0.4836 -0.5756
vn 0.6681 0.3207 -0.6714
vn 0.3921 0.5474 -0.7393
vn 0.3815 0.0947 -0.9195
vn 0.4586 0.3146 -0.8311
vn 0.5191 0.1363 -0.8438
vn -0.2206 0.1510 -0.9636
vn 0.4765 0.0094 -0.8791
vn 0.5425 0.5565 -0.6292
vn 0.6506 0.1695 -0.7402
vn 0.5084 0.3979 -0.7637
vn 0.5124 0.4520 -0.7301
vn 0.4210 0.4115 -0.8084
vn 0.4609 0.3154 -0.8295
vn 0.2948 0.8126 -0.5028
vn 0.3731 0.5239 -0.7657
vn 0.2646 0.5417 -0.7978
vn 0.3492 0.6590 -0.6662
vn -0.0255 0.9996 0.0144
vn 0.3444 0.8121 -0.4711
vn 0.6422 0.0183 -0.7663
vn 0.1205 0.5211 -0.8449
vn 0.8265 -0.1381 -0.5458
vn -0.2213 0.8221 -0.5246
vn -0.0377 -0.7951 0.6053
vn 0.2830 -0.8263 0.4869
vn 0.1742 -0.9400 0.2933
vn -0.0929 -0.6254 0.7747
vn -0.4035 -0.4265 0.8095
vn -0.6416 -0.1572 0.7508
vn 0.0469 -0.7053 0.7073
vn -0.4247 -0.4314 0.7959
vn -0.2338 -0.5583 0.7960
vn -0.0154 -0.4728 0.8810
vn -0.4276 -0.5624 0.7077
vn -0.4196 -0.3720 0.8280
vn -0.2736 -0.4215 0.8646
vn -0.4169 -0.2424 0.8761
vn -0.2107 -0.4655 0.8596
vn -0.4289 -0.2820 0.8582
vn -0.3681 -0.3889 0.8445
vn -0.1003 -0.4233 0.9004
vn -0.1224 -0.5981 0.7920
vn -0.4293 -0.3504 0.8324
vn -0.5743 -0.2439 0.7815
vn -0.4996 -0.3291 0.8013
vn -0.3749 -0.3547 0.8565
vn -0.4049 -0.4320 0.8059
vn -0.5217 -0.4260 0.7392
vn -0.4429 -0.5284 0.7243
vn -0.5514 -0.4894 0.6756
vn -0.5758 -0.5026 0.6448
vn -0.4969 -0.5515 0.6701
vn -0.6229 -0.3281 0.7102
vn -0.4132 -0.5020 0.7597
vn -0.3545 -0.6262 0.6944
vn -0.0655 -0.7094 0.7018
vn -0.2777 -0.4886 0.8271
vn -0.2611 -0.3875 0.8841
vn -0.2800 -0.4319 0.8573
vn -0.2175 -0.4040 0.8885
vn -0.2869 -0.5408 0.7907
vn -0.0849 -0.4687 0.8793
vn -0.3219 -0.5489 0.7714
vn -0.1513 -0.6265 0.7646
vn -0.7384 -0.3557 0.5729
vn -0.2602 -0.7150 0.6489
vn -0.0852 -0.6500 0.7552
vn 0.0151 -0.7563 0.6541
vn -0.1612 -0.5323 0.8311
vn -0.2646 -0.5418 0.7978
vn 0.0660 -0.8054 0.5890
vn 0.2134 -0.7831 0.5841
vn -0.2859 0.1342 0.9488
vn -0.8151 0.1654 0.5553
vn -0.3696 0.4488 -0.8136
vn -0.3604 0.4473 -0.8186
vn -0.3575 0.4384 -0.8246
vn -0.3606 0.3994 -0.8429
vn -0.3121 0.4053 -0.8593
vn -0.3406 0.3488 -0.8731
vn -0.3843 0.3729 -0.8446
vn -0.3713 0.3385 -0.8646
vn -0.3237 0.3011 -0.8970
vn -0.3001 0.2803 -0.9118
vn -0.2840 0.3627 -0.8876
vn -0.2870 0.2519 -0.9242
vn -0.3378 0.2555 -0.9059
vn -0.2649 0.2537 -0.9303
vn -0.2464 0.2345 -0.9404
vn -0.2344 0.2518 -0.9390
vn -0.1866 0.2242 -0.9565
vn -0.1836 0.2216 -0.9577
vn -0.1801 0.2212 -0.9584
vn -0.2285 0.2056 -0.9516
vn -0.1926 0.3000 -0.9343
vn -0.3092 0.1934 -0.9311
vn -0.3154 0.1806 -0.9316
vn -0.1903 0.3052 -0.9331
vn -0.1684 0.2471 -0.9542
vn -0.1872 0.2700 -0.9445
vn -0.1590 0.2742 -0.9485
vn -0.1617 0.2459 -0.9557
vn -0.1374 0.2903 -0.9470
vn -0.1567 0.2475 -0.9561
vn -0.1320 0.2880 -0.9485
vn -0.1307 0.3059 -0.9431
vn -0.1183 0.3401 -0.9329
vn -0.1218 0.3269 -0.9372
vn -0.1332 0.3177 -0.9388
vn -0.1048 0.3643 -0.9254
vn -0.0885 0.4265 -0.9001
vn -0.0820 0.4248 -0.9016
vn -0.1624 0.4863 -0.8586
vn -0.0773 0.4788 -0.8745
vn -0.0634 0.4945 -0.8668
vn -0.0382 0.5914 -0.8055
vn -0.0311 0.6081 -0.7932
vn -0.0209 0.6414 -0.7669
vn -0.0133 0.6527 -0.7575
vn -0.0553 0.4927 -0.8685
vn -0.0672 0.4609 -0.8849
vn -0.0780 0.4414 -0.8939
vn -0.0874 0.4089 -0.9084
vn -0.0944 0.4056 -0.9092
vn -0.1112 0.3733 -0.9210
vn -0.1339 0.3663 -0.9208
vn -0.1302 0.3518 -0.9270
vn -0.1371 0.3597 -0.9229
vn -0.0925 0.4133 -0.9059
vn -0.1103 0.4081 -0.9063
vn -0.0993 0.4146 -0.9046
vn -0.1106 0.4138 -0.9036
vn -0.0869 0.4378 -0.8949
vn -0.0845 0.4246 -0.9014
vn -0.0818 0.4520 -0.8883
vn -0.0086 0.7081 -0.7060
vn -0.0059 0.7068 -0.7074
vn -0.0071 0.7070 -0.7071
vn -0.0131 0.7088 -0.7053
vn -0.0118 0.7073 -0.7068
vn -0.0141 0.6857 -0.7277
vn -0.0110 0.6939 -0.7200
vn -0.0104 0.7073 -0.7068
vn 0.0197 0.6779 -0.7349
vn 0.0360 0.6382 -0.7690
vn 0.0126 0.5989 -0.8007
vn -0.0004 0.6041 -0.7969
vn -0.0309 0.6560 -0.7542
vn 0.3981 0.5084 -0.7636
vn -0.0537 0.6735 -0.7373
vn -0.0433 0.6647 -0.7458
vn -0.8520 -0.2342 -0.4683
vn -0.8239 -0.2154 -0.5242
vn -0.8151 -0.1717 -0.5532
vn -0.8866 -0.2461 -0.3916
vn -0.7949 -0.1346 -0.5917
vn -0.7606 -0.0470 -0.6475
vn -0.7830 -0.0676 -0.6184
vn -0.7219 0.0406 -0.6908
vn -0.7083 -0.0153 -0.7058
vn -0.6760 0.0525 -0.7350
vn -0.6832 0.0941 -0.7242
vn -0.7190 0.1667 -0.6747
vn -0.7289 0.1707 -0.6629
vn -0.7049 0.2939 -0.6456
vn -0.6183 0.2976 -0.7274
vn -0.6253 0.4008 -0.6696
vn -0.6413 0.3657 -0.6745
vn -0.6185 0.4899 -0.6143
vn -0.5515 0.5304 -0.6439
vn -0.5157 0.5075 -0.6903
vn -0.4595 0.4263 -0.7792
vn -0.4327 0.4307 -0.7920
vn -0.4016 0.3936 -0.8269
vn -0.4254 0.3898 -0.8168
vn -0.3909 0.3451 -0.8533
vn -0.4030 0.2930 -0.8670
vn -0.7597 0.3800 -0.5276
vn -0.7966 0.4033 -0.4503
vn -0.8745 0.2811 -0.3953
vn -0.8861 0.2945 -0.3578
vn -0.2738 0.3971 -0.8760
vn -0.2840 0.3923 -0.8749
vn -0.2644 0.3824 -0.8854
vn -0.2937 0.4073 -0.8648
vn -0.2625 0.3784 -0.8876
vn -0.2728 0.3768 -0.8852
vn -0.7295 -0.0456 -0.6824
vn -0.6979 -0.0726 -0.7125
vn -0.6856 -0.0945 -0.7218
vn -0.6359 0.0240 -0.7714
vn -0.5861 0.0364 -0.8094
vn -0.5593 0.0284 -0.8285
vn -0.5467 0.0717 -0.8342
vn 0.3575 0.4384 -0.8246
vn 0.3606 0.4474 -0.8185
vn 0.3696 0.4488 -0.8136
vn 0.3606 0.3994 -0.8429
vn 0.3120 0.4053 -0.8593
vn 0.3406 0.3488 -0.8731
vn 0.3843 0.3729 -0.8446
vn 0.3713 0.3385 -0.8646
vn 0.3237 0.3011 -0.8970
vn 0.3001 0.2803 -0.9118
vn 0.2840 0.3627 -0.8876
vn 0.2870 0.2519 -0.9242
vn 0.3378 0.2555 -0.9059
vn 0.2649 0.2537 -0.9303
vn 0.2464 0.2345 -0.9404
vn 0.2343 0.2518 -0.9390
vn 0.1866 0.2242 -0.9565
vn 0.1836 0.2216 -0.9577
vn 0.1801 0.2212 -0.9584
vn 0.2285 0.2056 -0.9516
vn 0.1926 0.2998 -0.9343
vn 0.3093 0.1932 -0.9311
vn 0.3154 0.1806 -0.9316
vn 0.1903 0.3052 -0.9331
vn 0.1684 0.2471 -0.9542
vn 0.1873 0.2700 -0.9445
vn 0.1590 0.2742 -0.9485
vn 0.1617 0.2459 -0.9557
vn 0.1374 0.2903 -0.9470
vn 0.1320 0.2880 -0.9485
vn 0.1307 0.3058 -0.9431
vn 0.1183 0.3401 -0.9329
vn 0.1218 0.3269 -0.9372
vn 0.1332 0.3177 -0.9388
vn 0.1048 0.3644 -0.9253
vn 0.0885 0.4265 -0.9001
vn 0.0820 0.4248 -0.9016
vn 0.1624 0.4863 -0.8586
vn 0.0773 0.4788 -0.8745
vn 0.0634 0.4945 -0.8668
vn 0.0382 0.5914 -0.8055
vn 0.0311 0.6081 -0.7932
vn 0.0209 0.6414 -0.7669
vn 0.0133 0.6527 -0.7575
vn 0.0553 0.4927 -0.8684
vn 0.0673 0.4609 -0.8849
vn 0.0780 0.4414 -0.8939
vn 0.0874 0.4089 -0.9084
vn 0.0944 0.4056 -0.9092
vn 0.1112 0.3733 -0.9210
vn 0.1339 0.3663 -0.9208
vn 0.1302 0.3518 -0.9270
vn 0.1371 0.3597 -0.9229
vn 0.0925 0.4133 -0.9059
vn 0.1103 0.4080 -0.9063
vn 0.0993 0.4146 -0.9046
vn 0.1106 0.4138 -0.9036
vn 0.0869 0.4378 -0.8949
vn 0.0845 0.4246 -0.9014
vn 0.0818 0.4520 -0.8883
vn 0.0074 0.7071 -0.7071
vn 0.0059 0.7068 -0.7074
vn 0.0086 0.7082 -0.7060
vn 0.0131 0.7088 -0.7053
vn 0.0118 0.7073 -0.7068
vn 0.0141 0.6857 -0.7277
vn 0.0110 0.6939 -0.7200
vn 0.0104 0.7073 -0.7068
vn -0.0197 0.6779 -0.7349
vn -0.0360 0.6383 -0.7690
vn -0.0126 0.5989 -0.8007
vn 0.0004 0.6041 -0.7969
vn 0.0309 0.6560 -0.7542
vn -0.3981 0.5084 -0.7636
vn 0.0537 0.6735 -0.7373
vn 0.0433 0.6647 -0.7458
vn 0.8520 -0.2342 -0.4683
vn 0.8239 -0.2154 -0.5242
vn 0.8866 -0.2461 -0.3916
vn 0.8151 -0.1717 -0.5532
vn 0.7949 -0.1346 -0.5917
vn 0.7606 -0.0470 -0.6475
vn 0.7830 -0.0676 -0.6184
vn 0.7219 0.0406 -0.6908
vn 0.7083 -0.0153 -0.7057
vn 0.6760 0.0525 -0.7350
vn 0.6831 0.0941 -0.7242
vn 0.7190 0.1668 -0.6747
vn 0.7290 0.1707 -0.6629
vn 0.7049 0.2939 -0.6456
vn 0.6183 0.2976 -0.7274
vn 0.6253 0.4008 -0.6696
vn 0.6413 0.3657 -0.6745
vn 0.6185 0.4899 -0.6143
vn 0.5515 0.5304 -0.6439
vn 0.5157 0.5075 -0.6903
vn 0.4595 0.4263 -0.7792
vn 0.4327 0.4307 -0.7920
vn 0.4016 0.3936 -0.8269
vn 0.4253 0.3897 -0.8168
vn 0.3909 0.3451 -0.8533
vn 0.4030 0.2930 -0.8670
vn 0.7597 0.3800 -0.5276
vn 0.7966 0.4033 -0.4503
vn 0.8745 0.2811 -0.3953
vn 0.8861 0.2945 -0.3578
vn 0.2738 0.3970 -0.8760
vn 0.2840 0.3923 -0.8749
vn 0.2937 0.4073 -0.8648
vn 0.2644 0.3824 -0.8854
vn 0.2624 0.3784 -0.8877
vn 0.2728 0.3768 -0.8852
vn 0.7295 -0.0456 -0.6824
vn 0.6979 -0.0726 -0.7125
vn 0.6856 -0.0945 -0.7218
vn 0.6359 0.0239 -0.7714
vn 0.5861 0.0364 -0.8094
vn 0.5592 0.0287 -0.8285
vn 0.5467 0.0717 -0.8342
vn 0.1566 0.2475 -0.9561
vn 0.7917 0.4296 -0.4343
vn 0.8558 0.5158 0.0397
vn 0.8389 0.5430 0.0365
vn 0.7994 0.4096 -0.4396
vn 0.4605 0.3817 -0.8014
vn 0.4621 0.3771 -0.8026
vn 0.2409 0.3659 -0.8989
vn 0.6701 0.5942 0.4449
vn 0.6672 0.6160 0.4187
vn 0.3574 0.6480 0.6726
vn 0.3743 0.6631 0.6482
vn 0.1882 0.6584 0.7288
vn 0.1881 0.6639 0.7237
vn -0.7917 0.4296 -0.4343
vn -0.8558 0.5158 0.0397
vn -0.7994 0.4096 -0.4396
vn -0.8389 0.5430 0.0365
vn -0.4605 0.3817 -0.8014
vn -0.4621 0.3771 -0.8027
vn -0.2409 0.3659 -0.8990
vn -0.6701 0.5942 0.4449
vn -0.6672 0.6160 0.4187
vn -0.3574 0.6480 0.6726
vn -0.3743 0.6631 0.6482
vn -0.1882 0.6584 0.7288
vn -0.1881 0.6639 0.7237
vn 1.0000 0.0001 -0.0007
vn 1.0000 0.0002 -0.0006
vn 1.0000 -0.0002 -0.0009
vn 1.0000 -0.0003 -0.0010
vn 1.0000 0.0009 -0.0007
vn 1.0000 -0.0000 -0.0009
vn 1.0000 -0.0002 -0.0010
vn 1.0000 -0.0001 -0.0009
vn 1.0000 -0.0003 -0.0007
vn 1.0000 -0.0004 -0.0006
vn 1.0000 -0.0004 -0.0002
vn 1.0000 -0.0001 -0.0000
vn 1.0000 -0.0001 0.0001
vn 1.0000 -0.0002 0.0003
vn 1.0000 -0.0001 0.0003
vn 1.0000 -0.0001 0.0004
vn 1.0000 -0.0002 0.0004
vn 1.0000 -0.0002 0.0005
vn 1.0000 -0.0003 0.0006
vn 1.0000 -0.0004 0.0006
vn 1.0000 -0.0001 0.0005
vn 1.0000 -0.0003 0.0005
vn 1.0000 -0.0002 -0.0005
vn 1.0000 -0.0001 -0.0004
vn 1.0000 -0.0000 -0.0001
vn 1.0000 0.0001 -0.0002
vn 1.0000 -0.0015 0.0006
vn 1.0000 -0.0013 0.0006
vn 1.0000 -0.0004 0.0004
vn 1.0000 -0.0003 0.0004
vn 1.0000 -0.0006 0.0006
vn 1.0000 -0.0002 0.0002
vn 1.0000 -0.0003 0.0001
vn 1.0000 -0.0009 -0.0005
vn 1.0000 -0.0008 -0.0005
vn 1.0000 -0.0005 -0.0003
vn 1.0000 -0.0005 -0.0002
vn 1.0000 -0.0004 -0.0003
vn 1.0000 -0.0006 -0.0002
vn 1.0000 -0.0003 -0.0004
vn 1.0000 -0.0002 -0.0004
vn 1.0000 0.0001 -0.0000
vn 0.9975 -0.0696 0.0152
vn 0.9981 -0.0562 0.0253
vn 0.9979 -0.0584 0.0288
vn 0.9932 0.0162 0.1157
vn 0.9968 0.0001 0.0800
vn 0.9824 0.0496 0.1800
vn 0.9847 0.0452 0.1684
vn 0.9705 0.0477 0.2365
vn 0.9710 0.0423 0.2352
vn 0.9660 0.0217 0.2576
vn 0.9666 0.0210 0.2553
vn 0.9801 0.0445 0.1934
vn 0.9830 0.0496 0.1770
vn 0.9960 0.0691 0.0565
vn 0.9958 0.0760 0.0511
vn 0.9913 -0.0244 -0.1295
vn 0.9946 0.0491 -0.0918
vn 0.8943 -0.3242 -0.3083
vn 0.8493 -0.3916 -0.3539
vn 0.5586 -0.5970 -0.5758
vn 0.5744 -0.5660 -0.5914
vn 0.4437 -0.5315 -0.7215
vn 0.4376 -0.7640 -0.4741
vn 0.4721 -0.3800 -0.7954
vn 0.4960 -0.5551 -0.6677
vn -0.9975 -0.0696 0.0152
vn -0.9979 -0.0584 0.0288
vn -0.9981 -0.0562 0.0253
vn -0.9932 0.0162 0.1157
vn -0.9968 0.0001 0.0800
vn -0.9824 0.0496 0.1800
vn -0.9847 0.0452 0.1684
vn -0.9704 0.0478 0.2366
vn -0.9710 0.0423 0.2352
vn -0.9660 0.0217 0.2576
vn -0.9666 0.0210 0.2553
vn -0.9801 0.0445 0.1933
vn -0.9830 0.0496 0.1770
vn -0.9960 0.0691 0.0565
vn -0.9958 0.0760 0.0511
vn -0.9913 -0.0244 -0.1295
vn -0.9946 0.0491 -0.0918
vn -0.8943 -0.3242 -0.3083
vn -0.8493 -0.3916 -0.3539
vn -0.5586 -0.5970 -0.5758
vn -0.5744 -0.5660 -0.5914
vn -0.4437 -0.5315 -0.7215
vn -0.4376 -0.7640 -0.4741
vn -0.4721 -0.3800 -0.7955
vn -0.4961 -0.5551 -0.6677
vn -0.9899 -0.0011 0.1417
vn -0.9899 -0.0010 0.1417
vn -0.9899 -0.0010 0.1418
vn -0.9899 -0.0010 0.1416
vn -0.9899 -0.0013 0.1418
vn -0.9899 -0.0009 0.1416
vn -0.9900 -0.0011 0.1414
vn -0.9899 -0.0007 0.1415
vn -0.9900 0.0015 0.1409
vn -0.9901 0.0019 0.1405
vn -0.9900 0.0017 0.1408
vn -0.9901 0.0017 0.1405
vn -0.9900 0.0014 0.1409
vn -0.9901 0.0015 0.1406
vn -0.9900 0.0012 0.1410
vn -0.9901 0.0013 0.1406
vn -0.9900 0.0013 0.1413
vn -0.9900 0.0014 0.1411
vn -0.9900 0.0011 0.1412
vn -0.9900 0.0011 0.1408
vn -0.9900 0.0013 0.1414
vn -0.9899 0.0014 0.1416
vn -0.9900 0.0006 0.1414
vn -0.9900 0.0009 0.1413
vn -0.9899 0.0003 0.1415
vn -0.9899 -0.0000 0.1416
vn -0.9900 0.0009 0.1409
vn -0.9901 0.0007 0.1405
vn -0.9901 0.0011 0.1407
vn -0.9900 0.0005 0.1407
vn -0.9901 0.0008 0.1404
vn -0.9901 0.0006 0.1400
vn -0.9900 0.0008 0.1410
vn -0.9900 0.0010 0.1414
vn 0.9899 -0.0010 0.1417
vn 0.9899 -0.0011 0.1417
vn 0.9899 -0.0010 0.1418
vn 0.9899 -0.0013 0.1418
vn 0.9899 -0.0009 0.1416
vn 0.9900 -0.0011 0.1414
vn 0.9899 -0.0007 0.1415
vn 0.9901 0.0019 0.1405
vn 0.9900 0.0015 0.1409
vn 0.9900 0.0017 0.1408
vn 0.9901 0.0017 0.1405
vn 0.9900 0.0014 0.1410
vn 0.9901 0.0015 0.1406
vn 0.9900 0.0012 0.1410
vn 0.9901 0.0013 0.1406
vn 0.9900 0.0013 0.1413
vn 0.9900 0.0014 0.1411
vn 0.9900 0.0011 0.1412
vn 0.9900 0.0011 0.1408
vn 0.9900 0.0013 0.1414
vn 0.9899 0.0014 0.1416
vn 0.9900 0.0009 0.1413
vn 0.9900 0.0006 0.1414
vn 0.9899 0.0003 0.1415
vn 0.9899 -0.0000 0.1416
vn 0.9901 0.0007 0.1405
vn 0.9900 0.0009 0.1409
vn 0.9901 0.0011 0.1407
vn 0.9900 0.0005 0.1407
vn 0.9901 0.0008 0.1404
vn 0.9901 0.0006 0.1400
vn 0.9900 0.0008 0.1410
vn 0.9900 0.0010 0.1414
vn -0.9409 -0.1146 0.3186
vn -0.9493 -0.1140 0.2928
vn -0.9464 -0.1100 0.3036
vn -0.9557 -0.0690 0.2861
vn -0.9509 -0.0691 0.3017
vn -0.9614 -0.0345 0.2730
vn -0.9634 -0.0353 0.2656
vn -0.9723 -0.0028 0.2336
vn -0.9706 0.0001 0.2407
vn -0.9913 -0.0025 0.1314
vn -0.9906 -0.0033 0.1364
vn -0.9966 -0.0091 0.0819
vn -0.9964 -0.0090 0.0838
vn -0.9935 -0.0123 0.1135
vn -0.9933 -0.0125 0.1153
vn -0.9860 -0.0113 0.1663
vn -0.9840 -0.0111 0.1777
vn -0.9830 -0.0105 0.1831
vn -0.9848 -0.0086 0.1737
vn -0.9891 -0.0017 0.1470
vn -0.9893 -0.0001 0.1461
vn -0.9911 0.0005 0.1330
vn -0.9911 0.0006 0.1330
vn -0.9835 0.0022 0.1807
vn -0.9908 0.0016 0.1357
vn -0.9906 0.0014 0.1368
vn -0.9922 0.0007 0.1246
vn -0.9925 0.0009 0.1221
vn -0.9902 0.0002 0.1394
vn -0.9900 -0.0013 0.1408
vn -0.9882 -0.0107 0.1530
vn -0.9880 -0.0088 0.1544
vn -0.9880 -0.0321 0.1511
vn -0.9876 -0.0072 0.1566
vn -0.9876 -0.0615 0.1442
vn 0.8974 0.4401 0.0309
vn 0.8599 0.4757 0.1852
vn 0.8695 0.4837 0.0997
vn 0.8498 0.4803 0.2172
vn 0.6934 0.4402 0.5704
vn 0.6264 0.2866 0.7249
vn 0.6638 0.5400 0.5175
vn 0.7335 0.6712 0.1069
vn 0.7295 0.5971 -0.3335
vn 0.7409 0.5888 -0.3229
vn 0.7682 0.5939 -0.2391
vn 0.7677 0.6022 -0.2191
vn 0.7759 0.6303 -0.0266
vn 0.7833 0.6210 0.0279
vn 0.7829 0.4994 0.3711
vn 0.7846 0.4901 0.3798
vn 0.7223 0.4448 0.5296
vn 0.7127 0.4606 0.5290
vn 0.6862 0.3455 0.6402
vn -0.8599 0.4757 0.1852
vn -0.8974 0.4401 0.0309
vn -0.8695 0.4837 0.0996
vn -0.8498 0.4803 0.2172
vn -0.6934 0.4402 0.5704
vn -0.6264 0.2866 0.7249
vn -0.6638 0.5400 0.5175
vn -0.7335 0.6712 0.1069
vn -0.7294 0.5972 -0.3336
vn -0.7410 0.5889 -0.3228
vn -0.7682 0.5939 -0.2391
vn -0.7677 0.6022 -0.2191
vn -0.7759 0.6303 -0.0266
vn -0.7833 0.6210 0.0279
vn -0.7829 0.4994 0.3711
vn -0.7846 0.4901 0.3798
vn -0.7223 0.4448 0.5296
vn -0.7127 0.4607 0.5290
vn -0.6862 0.3455 0.6402
vn -0.8539 0.4413 -0.2760
vn -0.8171 0.5650 -0.1146
vn -0.9377 0.2806 -0.2048
vn -0.7569 0.6216 -0.2016
vn -0.9925 0.1209 -0.0189
vn -0.7311 0.5662 -0.3807
vn -0.5543 0.8211 -0.1360
vn -0.7471 0.4381 -0.5000
vn -0.8420 0.3542 -0.4069
vn -0.8754 0.0506 -0.4807
vn -0.8258 -0.2536 -0.5038
vn -0.3647 0.8077 -0.4633
vn -0.3473 0.9299 -0.1213
vn -0.9839 0.0133 -0.1783
vn -0.9928 -0.0569 -0.1059
vn -0.9821 -0.0640 -0.1772
vn -0.9290 -0.1824 -0.3219
vn -0.9187 -0.0104 -0.3949
vn -0.9269 -0.1065 -0.3598
vn -0.9204 -0.1653 -0.3544
vn -0.9029 0.0279 -0.4289
vn -0.8775 0.1732 -0.4471
vn -0.9272 -0.1582 -0.3396
vn -0.9355 -0.0124 -0.3532
vn -0.9677 -0.0762 -0.2401
vn -0.9631 0.1548 -0.2202
vn -0.9544 0.2733 -0.1202
vn -0.9913 -0.0209 -0.1298
vn -0.9576 0.1556 -0.2425
vn -0.9912 0.0777 -0.1070
vn -0.9666 0.0191 -0.2554
vn -0.9754 -0.1520 -0.1597
vn -0.6966 -0.3129 -0.6457
vn -0.6066 -0.4003 -0.6869
vn -0.2542 -0.1561 -0.9545
vn -0.2333 -0.4544 -0.8597
vn -0.8186 0.1225 -0.5612
vn -0.6682 0.1226 -0.7338
vn -0.6900 0.3851 -0.6129
vn -0.7249 0.3841 -0.5718
vn -0.6939 0.2524 -0.6744
vn -0.6093 0.4500 -0.6529
vn -0.6723 0.0714 -0.7368
vn -0.7238 0.3592 -0.5891
vn -0.8663 0.4203 -0.2699
vn -0.5987 0.2475 -0.7618
vn -0.6276 0.1391 -0.7660
vn -0.7127 0.5417 -0.4457
vn -0.7498 0.5515 -0.3656
vn -0.7801 0.4510 -0.4336
vn -0.8230 0.5074 -0.2555
vn -0.8542 0.5133 0.0833
vn -0.8982 0.4355 0.0601
vn -0.9472 0.3156 -0.0564
vn -0.8969 0.4114 -0.1624
vn -0.8693 0.4248 -0.2528
vn -0.8910 0.3922 -0.2287
vn -0.9381 0.3189 -0.1352
vn -0.9397 0.3287 -0.0943
vn -0.9529 0.2944 -0.0723
vn -0.9721 -0.0562 -0.2276
vn -0.9607 -0.1121 -0.2539
vn -0.9507 -0.1807 -0.2521
vn -0.8181 0.5750 -0.0014
vn -0.9306 0.2705 -0.2466
vn -0.8147 0.1125 -0.5689
vn -0.8634 -0.0555 -0.5014
vn -0.6933 0.4379 0.5724
vn -0.6257 0.2834 0.7268
vn -0.6626 0.5383 0.5208
vn -0.7334 0.6709 0.1096
vn -0.7292 0.5973 -0.3339
vn -0.6129 0.7272 -0.3091
vn 0.7730 0.6157 0.1531
vn 0.9414 0.3372 -0.0054
vn 0.3341 0.2040 -0.9202
vn 0.3866 -0.6220 -0.6809
vn 0.3494 -0.4698 0.8107
vn 0.2152 -0.4098 0.8864
vn -0.7224 0.4449 0.5293
vn -0.7128 0.4607 0.5288
vn -0.6864 0.3457 0.6398
vn -0.4626 -0.1144 -0.8792
vn -0.6575 -0.2026 -0.7257
vn -0.7941 -0.4817 -0.3707
vn -0.6762 0.4015 -0.6178
vn -0.3774 0.2947 -0.8779
vn -0.3472 0.1021 -0.9322
vn -0.3120 0.3456 -0.8850
vn -0.3835 0.5335 -0.7539
vn -0.7861 0.3863 -0.4825
vn -0.4427 0.6385 -0.6296
vn -0.3034 0.5064 -0.8071
vn -0.1960 0.8031 -0.5627
vn -0.2443 0.7162 -0.6538
vn 0.0818 0.8479 -0.5239
vn 0.1174 0.7140 -0.6902
vn -0.2575 0.6047 -0.7537
vn -0.7889 0.2022 -0.5803
vn -0.8896 0.2096 -0.4058
vn -0.9396 -0.0893 -0.3306
vn -0.9570 -0.1735 -0.2324
vn -0.9154 -0.3239 -0.2390
vn -0.8878 -0.2666 -0.3752
vn -0.9461 -0.1050 -0.3064
vn -0.9455 0.0196 -0.3250
vn -0.8601 -0.0162 -0.5099
vn -0.8436 -0.1395 -0.5185
vn -0.8695 0.0833 -0.4868
vn -0.8846 0.2538 -0.3911
vn -0.8383 0.3285 -0.4351
vn -0.7616 0.3690 -0.5327
vn -0.9241 -0.1923 -0.3302
vn -0.8165 0.0103 -0.5773
vn -0.9741 -0.0028 -0.2261
vn -0.9057 0.0357 -0.4224
vn -0.8788 0.1462 -0.4543
vn -0.8234 0.5492 0.1432
vn 0.9620 0.1598 0.2213
vn -0.5399 0.7603 -0.3612
vn 0.7943 0.4176 0.4412
vn -0.9109 -0.0352 -0.4110
vn -0.8538 -0.3813 0.3545
vn -0.9893 -0.0750 0.1250
vn -0.9658 -0.1624 -0.2022
vn -0.7691 0.1310 -0.6255
vn -0.7450 0.6598 -0.0979
vn -0.7671 0.5828 -0.2681
vn -0.4306 0.7645 -0.4797
vn -0.5865 0.7103 -0.3892
vn -0.5630 0.7427 -0.3624
vn -0.5796 0.7773 -0.2446
vn -0.6038 0.7730 -0.1946
vn -0.1210 0.7646 -0.6330
vn -0.0366 0.7292 -0.6833
vn -0.6003 0.4922 -0.6304
vn -0.9967 0.0804 -0.0149
vn -0.9731 0.1105 -0.2023
vn -0.9561 -0.1024 -0.2745
vn -0.9550 0.0281 -0.2951
vn -0.9587 0.1942 -0.2079
vn -0.9726 0.0950 -0.2120
vn -0.9607 0.0845 -0.2646
vn -0.9687 0.0714 -0.2376
vn -0.9763 0.0384 -0.2128
vn -0.9806 0.0454 -0.1908
vn -0.9327 -0.0046 -0.3605
vn -0.9154 -0.0357 -0.4011
vn -0.8416 -0.0265 -0.5395
vn -0.9705 0.0543 -0.2349
vn -0.9610 0.0105 -0.2762
vn -0.9538 0.1587 -0.2550
vn -0.9737 -0.0295 -0.2258
vn -0.9374 0.2889 -0.1946
vn -0.9520 0.2404 -0.1894
vn -0.9796 0.0050 -0.2009
vn -0.8924 -0.3766 -0.2485
vn -0.7172 -0.6413 -0.2727
vn -0.9436 -0.2999 -0.1405
vn -0.9650 -0.1181 -0.2343
vn -0.7013 -0.6272 -0.3388
vn -0.9748 -0.0696 -0.2119
vn -0.9894 0.0895 -0.1146
vn -0.9487 0.1967 -0.2476
vn -0.8416 -0.4234 -0.3353
vn -0.9777 -0.0801 -0.1940
vn -0.8787 -0.2605 -0.3999
vn -0.9651 0.2301 -0.1249
vn -0.9702 0.2162 -0.1094
vn -0.9807 0.1356 -0.1407
vn -0.8663 0.4913 0.0906
vn -0.8386 0.5357 0.0987
vn -0.9698 0.2167 -0.1122
vn -0.9712 0.0803 -0.2245
vn -0.9704 0.0414 -0.2378
vn -0.9270 0.3731 -0.0376
vn -0.9329 0.3575 -0.0442
vn -0.9305 0.3623 -0.0531
vn -0.9775 0.1007 -0.1855
vn -0.9780 0.1041 -0.1808
vn -0.9748 0.0985 -0.2004
vn -0.9742 0.0969 -0.2037
vn -0.7899 -0.5374 -0.2955
vn -0.8853 -0.1042 -0.4532
vn -0.8684 0.2215 -0.4437
vn -0.8438 0.4109 -0.3451
vn -0.5477 -0.6382 -0.5410
vn -0.8785 0.0183 -0.4774
vn -0.8354 0.0426 -0.5480
vn -0.7905 -0.2572 -0.5558
vn -0.8640 0.1979 -0.4629
vn -0.8920 0.1001 -0.4409
vn -0.9347 0.1769 -0.3084
vn -0.9129 0.1031 -0.3949
vn -0.3706 -0.4224 -0.8272
vn -0.3133 -0.8285 -0.4642
vn -0.4393 -0.5524 -0.7084
vn -0.3906 -0.7181 -0.5761
vn -0.4684 -0.4833 -0.7396
vn -0.3267 -0.4292 -0.8421
vn -0.9636 -0.1610 -0.2136
vn -0.8697 -0.4054 -0.2816
vn -0.8709 0.4905 0.0303
vn -0.8914 0.4153 -0.1817
vn -0.6693 -0.0721 -0.7395
vn -0.6074 0.7485 -0.2661
vn -0.6919 -0.1403 -0.7083
vn -0.3488 -0.6260 -0.6974
vn -0.7224 0.3390 -0.6028
vn -0.5139 0.8561 -0.0552
vn -0.4023 0.9118 -0.0824
vn -0.4673 0.8648 -0.1836
vn -0.9938 -0.0358 -0.1049
vn -0.4867 0.7723 -0.4083
vn -0.3603 -0.2210 -0.9063
vn -0.2272 -0.5435 -0.8081
vn -0.4871 -0.5158 -0.7048
vn -0.1118 -0.6915 -0.7137
vn 0.3092 0.9381 -0.1559
vn 0.2615 0.9357 -0.2371
vn 0.3049 0.9310 -0.2007
vn 0.2574 0.9472 -0.1912
vn 0.3342 0.9327 -0.1358
vn 0.3445 0.9308 -0.1221
vn 0.2035 0.9784 -0.0375
vn 0.1571 0.9809 -0.1149
vn 0.1040 0.9945 -0.0148
vn -0.1805 0.9361 -0.3020
vn 0.3516 0.9184 -0.1811
vn 0.3532 0.9174 -0.1832
vn 0.1829 -0.9799 0.0798
vn 0.1958 -0.7562 -0.6243
vn 0.1184 -0.9287 -0.3515
vn 0.2978 -0.6711 -0.6789
vn 0.1767 -0.9386 0.2964
vn 0.1973 -0.9217 0.3340
vn 0.2570 -0.8920 0.3718
vn 0.2509 -0.9077 0.3363
vn 0.1877 -0.9484 0.2555
vn 0.1642 -0.9530 0.2546
vn 0.1373 -0.9770 0.1630
vn 0.1729 -0.9528 0.2497
vn 0.1651 -0.6992 0.6956
vn 0.2335 -0.7699 0.5939
vn 0.3575 -0.1984 -0.9126
vn -0.6340 -0.3267 -0.7009
vn -0.9139 0.3714 -0.1640
vn -0.9512 -0.0591 -0.3027
vn -0.8848 0.4637 -0.0468
vn -0.8915 0.4475 -0.0702
vn -0.9204 0.3898 0.0286
vn -0.8821 0.4628 0.0873
vn -0.9160 0.3961 0.0641
vn -0.8810 0.4622 0.1007
vn -0.8116 0.5733 0.1122
vn -0.9416 0.3251 -0.0878
vn -0.9640 0.1970 -0.1785
vn -0.9615 0.1979 -0.1905
vn -0.9646 0.1921 -0.1806
vn -0.9606 0.1567 -0.2293
vn -0.9727 0.1313 -0.1915
vn -0.9688 0.1218 -0.2158
vn -0.9688 0.1473 -0.1992
vn -0.9517 0.2483 -0.1805
vn -0.7792 0.5965 -0.1926
vn -0.9318 0.2506 -0.2627
vn -0.8693 0.3359 -0.3626
vn -0.8348 0.0211 -0.5502
vn -0.9533 0.2146 -0.2127
vn -0.9492 0.2143 -0.2304
vn -0.9180 0.3077 -0.2502
vn -0.8339 0.4434 -0.3287
vn -0.7234 0.5321 -0.4400
vn -0.6882 0.5560 -0.4661
vn -0.9563 0.1601 -0.2447
vn -0.9583 0.1605 -0.2366
vn -0.9553 0.0885 -0.2820
vn -0.9489 0.0835 -0.3043
vn -0.9335 0.0787 -0.3497
vn -0.6790 0.5272 -0.5108
vn -0.6569 0.5567 -0.5085
vn -0.5172 0.7204 -0.4621
vn -0.5418 0.7302 -0.4163
vn -0.3117 0.6986 -0.6441
vn -0.2992 0.7176 -0.6289
vn -0.3827 0.6410 -0.6653
vn -0.7901 0.1718 -0.5884
vn -0.9141 -0.2373 -0.3288
vn -0.9109 -0.2715 -0.3107
vn -0.9010 -0.2566 -0.3498
vn -0.8732 -0.2648 -0.4090
vn -0.4093 0.6941 -0.5922
vn -0.5154 0.7414 -0.4298
vn -0.4376 0.6983 -0.5664
vn -0.3591 0.6824 -0.6367
vn -0.3497 0.5906 -0.7273
vn -0.3585 0.5785 -0.7326
vn -0.3313 0.5097 -0.7940
vn -0.3287 0.5097 -0.7951
vn -0.3256 0.4777 -0.8160
vn -0.2955 0.5964 -0.7463
vn -0.8633 -0.1980 -0.4643
vn -0.9241 -0.1366 -0.3568
vn -0.9611 -0.1067 -0.2546
vn -0.9317 -0.1732 -0.3194
vn -0.8604 -0.3453 -0.3748
vn -0.8470 -0.3705 -0.3812
vn -0.6506 -0.5560 -0.5173
vn -0.4267 0.8263 -0.3675
vn -0.2488 0.6283 -0.7371
vn -0.1272 0.6750 -0.7268
vn -0.1345 0.6167 -0.7756
vn -0.9541 0.2263 -0.1960
vn -0.9522 0.2294 -0.2016
vn -0.9578 0.2297 -0.1727
vn -0.9513 -0.2108 -0.2248
vn 0.8539 0.4413 -0.2760
vn 0.8171 0.5650 -0.1146
vn 0.7569 0.6216 -0.2016
vn 0.9377 0.2806 -0.2048
vn 0.9925 0.1209 -0.0189
vn 0.7311 0.5662 -0.3807
vn 0.5543 0.8211 -0.1360
vn 0.7471 0.4381 -0.5000
vn 0.8420 0.3542 -0.4069
vn 0.8754 0.0506 -0.4807
vn 0.8258 -0.2536 -0.5038
vn 0.3647 0.8077 -0.4633
vn 0.3473 0.9299 -0.1213
vn 0.9839 0.0133 -0.1783
vn 0.9928 -0.0569 -0.1059
vn 0.9821 -0.0640 -0.1772
vn 0.9290 -0.1824 -0.3219
vn 0.9187 -0.0104 -0.3949
vn 0.9269 -0.1065 -0.3598
vn 0.9204 -0.1653 -0.3544
vn 0.9029 0.0279 -0.4289
vn 0.8775 0.1732 -0.4471
vn 0.9272 -0.1582 -0.3396
vn 0.9355 -0.0124 -0.3532
vn 0.9677 -0.0762 -0.2401
vn 0.9631 0.1548 -0.2202
vn 0.9544 0.2733 -0.1202
vn 0.9913 -0.0209 -0.1298
vn 0.9576 0.1556 -0.2425
vn 0.9912 0.0777 -0.1070
vn 0.9666 0.0191 -0.2554
vn 0.9754 -0.1520 -0.1597
vn 0.6966 -0.3129 -0.6457
vn 0.6066 -0.4003 -0.6869
vn 0.2542 -0.1561 -0.9545
vn 0.2333 -0.4544 -0.8597
vn 0.8186 0.1225 -0.5612
vn 0.6682 0.1226 -0.7339
vn 0.6900 0.3851 -0.6129
vn 0.7249 0.3841 -0.5718
vn 0.6939 0.2524 -0.6744
vn 0.6093 0.4500 -0.6529
vn 0.6723 0.0714 -0.7368
vn 0.7238 0.3592 -0.5891
vn 0.8663 0.4203 -0.2699
vn 0.5987 0.2475 -0.7618
vn 0.6276 0.1390 -0.7660
vn 0.7127 0.5417 -0.4457
vn 0.7498 0.5514 -0.3657
vn 0.7801 0.4510 -0.4336
vn 0.8230 0.5074 -0.2555
vn 0.8542 0.5133 0.0833
vn 0.8982 0.4355 0.0601
vn 0.9472 0.3156 -0.0564
vn 0.8969 0.4114 -0.1624
vn 0.8693 0.4248 -0.2527
vn 0.8910 0.3922 -0.2287
vn 0.9381 0.3189 -0.1352
vn 0.9397 0.3287 -0.0943
vn 0.9529 0.2944 -0.0723
vn 0.9721 -0.0562 -0.2276
vn 0.9607 -0.1121 -0.2539
vn 0.9507 -0.1807 -0.2521
vn 0.8181 0.5750 -0.0014
vn 0.9306 0.2705 -0.2466
vn 0.8147 0.1125 -0.5689
vn 0.8634 -0.0555 -0.5014
vn 0.6933 0.4379 0.5724
vn 0.6257 0.2835 0.7268
vn 0.6626 0.5383 0.5208
vn 0.7334 0.6709 0.1096
vn 0.6129 0.7272 -0.3091
vn -0.7730 0.6157 0.1531
vn -0.9414 0.3373 -0.0053
vn -0.3341 0.2040 -0.9202
vn -0.3866 -0.6220 -0.6809
vn -0.3494 -0.4698 0.8107
vn -0.2152 -0.4098 0.8864
vn 0.7224 0.4449 0.5293
vn 0.7129 0.4608 0.5287
vn 0.6864 0.3456 0.6398
vn 0.6575 -0.2026 -0.7257
vn 0.4626 -0.1144 -0.8792
vn 0.7941 -0.4816 -0.3707
vn 0.6761 0.4015 -0.6178
vn 0.3774 0.2948 -0.8779
vn 0.3472 0.1021 -0.9322
vn 0.3120 0.3456 -0.8850
vn 0.3835 0.5335 -0.7539
vn 0.7861 0.3863 -0.4825
vn 0.4428 0.6384 -0.6295
vn 0.3034 0.5064 -0.8071
vn 0.1960 0.8031 -0.5627
vn 0.2443 0.7162 -0.6538
vn -0.0818 0.8479 -0.5239
vn -0.1174 0.7140 -0.6902
vn 0.2575 0.6047 -0.7537
vn 0.7889 0.2022 -0.5803
vn 0.8896 0.2096 -0.4058
vn 0.9396 -0.0893 -0.3306
vn 0.9570 -0.1735 -0.2324
vn 0.9154 -0.3239 -0.2390
vn 0.8878 -0.2666 -0.3751
vn 0.9461 -0.1050 -0.3064
vn 0.9455 0.0196 -0.3250
vn 0.8601 -0.0162 -0.5099
vn 0.8436 -0.1395 -0.5185
vn 0.8695 0.0833 -0.4868
vn 0.8846 0.2538 -0.3911
vn 0.8383 0.3285 -0.4351
vn 0.7616 0.3690 -0.5327
vn 0.9241 -0.1923 -0.3302
vn 0.8165 0.0103 -0.5773
vn 0.9741 -0.0028 -0.2261
vn 0.9057 0.0357 -0.4224
vn 0.8788 0.1463 -0.4543
vn 0.8234 0.5492 0.1432
vn -0.9621 0.1597 0.2212
vn 0.5399 0.7603 -0.3613
vn -0.7943 0.4176 0.4412
vn 0.9109 -0.0351 -0.4110
vn 0.8538 -0.3813 0.3545
vn 0.9893 -0.0750 0.1250
vn 0.9658 -0.1624 -0.2022
vn 0.7691 0.1310 -0.6255
vn 0.7450 0.6598 -0.0979
vn 0.7671 0.5828 -0.2681
vn 0.4306 0.7645 -0.4797
vn 0.5865 0.7103 -0.3892
vn 0.5630 0.7427 -0.3624
vn 0.5796 0.7773 -0.2446
vn 0.6038 0.7730 -0.1946
vn 0.1210 0.7646 -0.6330
vn 0.0366 0.7292 -0.6833
vn 0.6003 0.4922 -0.6304
vn 0.9967 0.0804 -0.0149
vn 0.9731 0.1105 -0.2023
vn 0.9561 -0.1024 -0.2745
vn 0.9550 0.0281 -0.2951
vn 0.9587 0.1942 -0.2079
vn 0.9726 0.0950 -0.2120
vn 0.9607 0.0845 -0.2646
vn 0.9687 0.0714 -0.2376
vn 0.9763 0.0385 -0.2129
vn 0.9806 0.0454 -0.1908
vn 0.9327 -0.0046 -0.3605
vn 0.9154 -0.0357 -0.4011
vn 0.8416 -0.0265 -0.5395
vn 0.9705 0.0543 -0.2349
vn 0.9610 0.0105 -0.2762
vn 0.9538 0.1587 -0.2550
vn 0.9737 -0.0295 -0.2258
vn 0.9374 0.2889 -0.1946
vn 0.9520 0.2404 -0.1894
vn 0.9796 0.0050 -0.2009
vn 0.8924 -0.3766 -0.2485
vn 0.7172 -0.6413 -0.2727
vn 0.9436 -0.2999 -0.1405
vn 0.9650 -0.1181 -0.2343
vn 0.7013 -0.6272 -0.3388
vn 0.9748 -0.0696 -0.2119
vn 0.9894 0.0895 -0.1146
vn 0.9487 0.1967 -0.2476
vn 0.8416 -0.4234 -0.3353
vn 0.9777 -0.0801 -0.1940
vn 0.8787 -0.2605 -0.3999
vn 0.9651 0.2301 -0.1249
vn 0.9702 0.2162 -0.1094
vn 0.9807 0.1355 -0.1407
vn 0.8663 0.4912 0.0906
vn 0.8386 0.5357 0.0987
vn 0.9698 0.2167 -0.1122
vn 0.9712 0.0804 -0.2245
vn 0.9704 0.0414 -0.2378
vn 0.9270 0.3731 -0.0376
vn 0.9328 0.3576 -0.0443
vn 0.9305 0.3623 -0.0531
vn 0.9775 0.1007 -0.1855
vn 0.9780 0.1041 -0.1808
vn 0.9748 0.0985 -0.2004
vn 0.9742 0.0969 -0.2037
vn 0.7899 -0.5374 -0.2955
vn 0.8853 -0.1042 -0.4532
vn 0.8684 0.2215 -0.4437
vn 0.8438 0.4109 -0.3451
vn 0.5477 -0.6382 -0.5410
vn 0.8785 0.0183 -0.4775
vn 0.8354 0.0426 -0.5481
vn 0.7905 -0.2572 -0.5558
vn 0.8640 0.1979 -0.4629
vn 0.8920 0.1001 -0.4409
vn 0.9347 0.1769 -0.3084
vn 0.9129 0.1031 -0.3949
vn 0.3706 -0.4224 -0.8272
vn 0.3133 -0.8285 -0.4642
vn 0.3906 -0.7180 -0.5761
vn 0.4393 -0.5524 -0.7084
vn 0.4684 -0.4833 -0.7396
vn 0.3267 -0.4292 -0.8421
vn 0.9636 -0.1610 -0.2136
vn 0.8697 -0.4054 -0.2816
vn 0.8709 0.4905 0.0303
vn 0.8914 0.4153 -0.1818
vn 0.6693 -0.0721 -0.7395
vn 0.6074 0.7485 -0.2661
vn 0.6919 -0.1403 -0.7083
vn 0.3490 -0.6263 -0.6971
vn 0.7223 0.3390 -0.6028
vn 0.5139 0.8561 -0.0552
vn 0.4023 0.9118 -0.0824
vn 0.4673 0.8648 -0.1836
vn 0.9938 -0.0358 -0.1049
vn 0.4866 0.7724 -0.4082
vn 0.3603 -0.2210 -0.9063
vn 0.2272 -0.5435 -0.8081
vn 0.4871 -0.5158 -0.7048
vn 0.1118 -0.6915 -0.7137
vn -0.3092 0.9381 -0.1559
vn -0.2615 0.9356 -0.2371
vn -0.2574 0.9472 -0.1912
vn -0.3049 0.9310 -0.2007
vn -0.3342 0.9327 -0.1358
vn -0.3445 0.9308 -0.1221
vn -0.2035 0.9784 -0.0375
vn -0.1571 0.9809 -0.1149
vn -0.1040 0.9945 -0.0148
vn 0.1805 0.9361 -0.3020
vn -0.3516 0.9184 -0.1811
vn -0.3532 0.9174 -0.1832
vn -0.1829 -0.9799 0.0798
vn -0.1958 -0.7562 -0.6243
vn -0.2978 -0.6711 -0.6789
vn -0.1184 -0.9287 -0.3514
vn -0.1767 -0.9386 0.2964
vn -0.1973 -0.9217 0.3340
vn -0.2569 -0.8921 0.3717
vn -0.2509 -0.9077 0.3364
vn -0.1877 -0.9484 0.2555
vn -0.1642 -0.9530 0.2546
vn -0.1373 -0.9770 0.1630
vn -0.1729 -0.9528 0.2497
vn -0.1651 -0.6992 0.6956
vn -0.2335 -0.7699 0.5939
vn -0.3575 -0.1984 -0.9126
vn 0.6340 -0.3267 -0.7009
vn 0.9139 0.3714 -0.1640
vn 0.9512 -0.0591 -0.3027
vn 0.8848 0.4637 -0.0468
vn 0.8915 0.4475 -0.0702
vn 0.9204 0.3898 0.0286
vn 0.8821 0.4628 0.0873
vn 0.9160 0.3961 0.0641
vn 0.8810 0.4622 0.1007
vn 0.8116 0.5733 0.1122
vn 0.9416 0.3251 -0.0878
vn 0.9646 0.1920 -0.1806
vn 0.9615 0.1979 -0.1905
vn 0.9640 0.1970 -0.1785
vn 0.9606 0.1567 -0.2293
vn 0.9727 0.1313 -0.1915
vn 0.9688 0.1218 -0.2158
vn 0.9688 0.1473 -0.1992
vn 0.9517 0.2483 -0.1805
vn 0.7792 0.5965 -0.1925
vn 0.9318 0.2507 -0.2626
vn 0.8693 0.3348 -0.3637
vn 0.8348 0.0211 -0.5502
vn 0.9533 0.2147 -0.2126
vn 0.9492 0.2143 -0.2304
vn 0.9180 0.3077 -0.2502
vn 0.8339 0.4434 -0.3287
vn 0.7234 0.5321 -0.4400
vn 0.6882 0.5561 -0.4660
vn 0.9563 0.1601 -0.2447
vn 0.9583 0.1605 -0.2366
vn 0.9553 0.0885 -0.2820
vn 0.9489 0.0834 -0.3043
vn 0.9335 0.0787 -0.3497
vn 0.6790 0.5272 -0.5108
vn 0.6571 0.5548 -0.5103
vn 0.5172 0.7204 -0.4621
vn 0.5418 0.7302 -0.4163
vn 0.3117 0.6986 -0.6441
vn 0.2992 0.7176 -0.6289
vn 0.3827 0.6410 -0.6653
vn 0.7901 0.1718 -0.5884
vn 0.9141 -0.2373 -0.3288
vn 0.9109 -0.2714 -0.3107
vn 0.9010 -0.2566 -0.3498
vn 0.8732 -0.2648 -0.4090
vn 0.4093 0.6941 -0.5922
vn 0.5154 0.7414 -0.4298
vn 0.4376 0.6983 -0.5664
vn 0.3591 0.6824 -0.6367
vn 0.3496 0.5906 -0.7273
vn 0.3585 0.5785 -0.7326
vn 0.3313 0.5097 -0.7940
vn 0.3287 0.5097 -0.7951
vn 0.3256 0.4777 -0.8160
vn 0.2955 0.5964 -0.7463
vn 0.8633 -0.1980 -0.4643
vn 0.9241 -0.1366 -0.3568
vn 0.9611 -0.1067 -0.2546
vn 0.9317 -0.1732 -0.3194
vn 0.8604 -0.3453 -0.3748
vn 0.8470 -0.3705 -0.3812
vn 0.6506 -0.5560 -0.5173
vn 0.4267 0.8263 -0.3675
vn 0.2488 0.6283 -0.7371
vn 0.1272 0.6750 -0.7268
vn 0.1345 0.6167 -0.7756
vn 0.9541 0.2263 -0.1960
vn 0.9522 0.2294 -0.2016
vn 0.9578 0.2297 -0.1727
vn 0.9513 -0.2108 -0.2248
vn 0.4814 -0.5221 0.7041
vn 0.5080 -0.6570 0.5571
vn 0.5433 -0.5027 0.6724
vn 0.4549 -0.4725 0.7548
vn 0.5383 -0.6430 0.5448
vn 0.5800 -0.7779 0.2417
vn 0.6041 -0.7734 0.1922
vn 0.5992 -0.4939 0.6301
vn 0.7795 -0.5966 0.1907
vn 0.9967 -0.0798 0.0140
vn 0.9979 0.0063 -0.0641
vn 0.9736 -0.1112 0.1995
vn 0.9780 0.1749 0.1139
vn 0.9665 0.0630 0.2488
vn 0.9561 -0.0284 0.2916
vn 0.9593 -0.1942 0.2052
vn 0.9732 -0.0954 0.2092
vn 0.9616 -0.0841 0.2612
vn 0.9694 -0.0715 0.2347
vn 0.9770 -0.0393 0.2097
vn 0.9813 -0.0456 0.1870
vn 0.9341 0.0039 0.3570
vn 0.9182 0.0326 0.3947
vn 0.8450 0.0264 0.5342
vn 0.9711 -0.0541 0.2323
vn 0.9621 -0.0116 0.2723
vn 0.9571 -0.1592 0.2423
vn 0.9744 0.0294 0.2229
vn 0.9421 -0.2097 0.2618
vn 0.9801 -0.0037 0.1982
vn 0.8931 0.3769 0.2454
vn 0.7178 0.6421 0.2693
vn 0.9439 0.2996 0.1386
vn 0.9657 0.1182 0.2313
vn 0.7023 0.6282 0.3348
vn 0.9708 0.0768 0.2273
vn 0.9925 -0.0719 0.0988
vn 0.9653 -0.2302 0.1232
vn 0.9703 -0.2163 0.1080
vn 0.9810 -0.1355 0.1388
vn 0.8663 -0.4915 -0.0893
vn 0.8387 -0.5358 -0.0977
vn 0.9699 -0.2168 0.1107
vn 0.9718 -0.0804 0.2217
vn 0.9712 -0.0413 0.2347
vn 0.9266 -0.3740 0.0387
vn 0.9326 -0.3581 0.0446
vn 0.9298 -0.3640 0.0554
vn 0.9779 -0.1006 0.1830
vn 0.9784 -0.1043 0.1787
vn 0.9753 -0.0986 0.1978
vn 0.9748 -0.0969 0.2011
vn 0.9613 -0.1983 0.1914
vn 0.9637 -0.1972 0.1797
vn 0.9643 -0.1926 0.1818
vn 0.9610 -0.1572 0.2275
vn 0.9730 -0.1323 0.1893
vn 0.9694 -0.1224 0.2127
vn 0.9694 -0.1476 0.1962
vn 0.9522 -0.2484 0.1777
vn 0.9325 -0.2504 0.2604
vn 0.8703 -0.3354 0.3607
vn 0.8379 -0.0199 0.5455
vn 0.9536 -0.2147 0.2109
vn 0.9494 -0.2144 0.2297
vn 0.9181 -0.3082 0.2492
vn 0.8344 -0.4432 0.3275
vn 0.7224 -0.5310 0.4430
vn 0.6875 -0.5548 0.4685
vn 0.9560 -0.1622 0.2445
vn 0.9578 -0.1628 0.2370
vn 0.9552 -0.0947 0.2805
vn 0.9492 -0.0895 0.3017
vn 0.9348 -0.0823 0.3455
vn 0.6786 -0.5262 0.5124
vn 0.6580 -0.5573 0.5065
vn 0.5179 -0.7218 0.4591
vn 0.5402 -0.7314 0.4162
vn 0.3131 -0.7001 0.6417
vn 0.3004 -0.7186 0.6272
vn 0.3833 -0.6438 0.6622
vn 0.7932 -0.1735 0.5837
vn 0.9158 0.2431 0.3196
vn 0.9121 0.2780 0.3015
vn 0.9007 0.2674 0.3424
vn 0.8738 0.2759 0.4005
vn 0.4096 -0.6961 0.5897
vn 0.5135 -0.7444 0.4268
vn 0.4334 -0.7023 0.5647
vn 0.3564 -0.6876 0.6326
vn 0.3518 -0.5956 0.7222
vn 0.3601 -0.5846 0.7270
vn 0.3328 -0.5172 0.7885
vn 0.3300 -0.5179 0.7892
vn 0.3270 -0.4855 0.8108
vn 0.2953 -0.6044 0.7399
vn 0.8660 0.2059 0.4556
vn 0.9250 0.1441 0.3516
vn 0.9619 0.1077 0.2514
vn 0.9333 0.1729 0.3147
vn 0.8619 0.3461 0.3707
vn 0.8491 0.3707 0.3764
vn 0.6529 0.5581 0.5121
vn 0.4261 -0.8284 0.3637
vn 0.2501 -0.6331 0.7326
vn 0.1281 -0.6800 0.7220
vn 0.1356 -0.6218 0.7713
vn 0.9543 -0.2261 0.1954
vn 0.9524 -0.2294 0.2008
vn 0.9573 -0.2307 0.1744
vn -0.5080 -0.6570 0.5571
vn -0.4814 -0.5221 0.7041
vn -0.5433 -0.5027 0.6724
vn -0.4549 -0.4725 0.7548
vn -0.5383 -0.6430 0.5448
vn -0.5800 -0.7780 0.2417
vn -0.6041 -0.7734 0.1922
vn -0.5992 -0.4939 0.6301
vn -0.7795 -0.5966 0.1907
vn -0.9967 -0.0798 0.0140
vn -0.9979 0.0063 -0.0641
vn -0.9736 -0.1112 0.1995
vn -0.9780 0.1749 0.1139
vn -0.9665 0.0630 0.2488
vn -0.9561 -0.0284 0.2916
vn -0.9593 -0.1942 0.2052
vn -0.9732 -0.0954 0.2092
vn -0.9616 -0.0841 0.2612
vn -0.9694 -0.0715 0.2347
vn -0.9770 -0.0393 0.2097
vn -0.9813 -0.0456 0.1870
vn -0.9341 0.0039 0.3570
vn -0.9182 0.0326 0.3947
vn -0.8450 0.0264 0.5342
vn -0.9711 -0.0542 0.2323
vn -0.9621 -0.0116 0.2723
vn -0.9569 -0.1592 0.2428
vn -0.9744 0.0294 0.2229
vn -0.9421 -0.2097 0.2618
vn -0.9801 -0.0037 0.1982
vn -0.8931 0.3769 0.2454
vn -0.7178 0.6421 0.2693
vn -0.7637 0.6321 0.1314
vn -0.9657 0.1182 0.2313
vn -0.7023 0.6282 0.3348
vn -0.9609 0.0110 0.2766
vn -0.9653 -0.2302 0.1232
vn -0.9619 -0.2478 0.1157
vn -0.9664 -0.2334 0.1081
vn -0.9703 -0.2163 0.1080
vn -0.9810 -0.1355 0.1388
vn -0.8663 -0.4915 -0.0893
vn -0.8387 -0.5358 -0.0976
vn -0.9699 -0.2168 0.1107
vn -0.9718 -0.0804 0.2217
vn -0.9712 -0.0413 0.2347
vn -0.9266 -0.3740 0.0387
vn -0.9325 -0.3584 0.0450
vn -0.9298 -0.3640 0.0554
vn -0.9779 -0.1007 0.1830
vn -0.9784 -0.1042 0.1786
vn -0.9753 -0.0987 0.1975
vn -0.9748 -0.0969 0.2011
vn -0.9613 -0.1983 0.1914
vn -0.9643 -0.1925 0.1818
vn -0.9638 -0.1973 0.1796
vn -0.9610 -0.1572 0.2275
vn -0.9730 -0.1323 0.1893
vn -0.9694 -0.1224 0.2127
vn -0.9694 -0.1476 0.1962
vn -0.9522 -0.2484 0.1777
vn -0.9325 -0.2504 0.2605
vn -0.8703 -0.3366 0.3596
vn -0.8379 -0.0199 0.5455
vn -0.9536 -0.2147 0.2109
vn -0.9494 -0.2144 0.2297
vn -0.9181 -0.3082 0.2492
vn -0.8344 -0.4432 0.3275
vn -0.7224 -0.5310 0.4430
vn -0.6875 -0.5547 0.4686
vn -0.9560 -0.1622 0.2445
vn -0.9578 -0.1628 0.2370
vn -0.9552 -0.0947 0.2805
vn -0.9492 -0.0895 0.3017
vn -0.9348 -0.0823 0.3455
vn -0.6786 -0.5262 0.5124
vn -0.6578 -0.5592 0.5045
vn -0.5179 -0.7218 0.4591
vn -0.5402 -0.7314 0.4162
vn -0.3131 -0.7001 0.6417
vn -0.3004 -0.7186 0.6272
vn -0.3833 -0.6438 0.6622
vn -0.7932 -0.1735 0.5837
vn -0.9158 0.2431 0.3196
vn -0.9121 0.2780 0.3015
vn -0.9007 0.2674 0.3424
vn -0.8738 0.2759 0.4005
vn -0.4096 -0.6961 0.5897
vn -0.5135 -0.7444 0.4268
vn -0.4334 -0.7023 0.5647
vn -0.3564 -0.6876 0.6326
vn -0.3518 -0.5956 0.7222
vn -0.3601 -0.5846 0.7270
vn -0.3328 -0.5172 0.7885
vn -0.3300 -0.5179 0.7893
vn -0.3270 -0.4855 0.8108
vn -0.2953 -0.6044 0.7399
vn -0.8660 0.2059 0.4556
vn -0.9250 0.1441 0.3516
vn -0.9619 0.1077 0.2514
vn -0.9333 0.1729 0.3147
vn -0.8619 0.3461 0.3707
vn -0.8491 0.3707 0.3764
vn -0.6529 0.5581 0.5121
vn -0.4261 -0.8284 0.3637
vn -0.2501 -0.6331 0.7326
vn -0.1281 -0.6800 0.7220
vn -0.1356 -0.6218 0.7713
vn -0.9543 -0.2261 0.1954
vn -0.9524 -0.2294 0.2008
vn -0.9573 -0.2307 0.1744
vn 0.9495 -0.1138 0.2924
vn 0.9409 -0.1146 0.3186
vn 0.9465 -0.1099 0.3033
vn 0.9557 -0.0690 0.2861
vn 0.9509 -0.0691 0.3016
vn 0.9614 -0.0345 0.2730
vn 0.9634 -0.0353 0.2656
vn 0.9723 -0.0028 0.2336
vn 0.9706 0.0001 0.2407
vn 0.9913 -0.0025 0.1314
vn 0.9906 -0.0033 0.1364
vn 0.9966 -0.0091 0.0819
vn 0.9964 -0.0090 0.0838
vn 0.9935 -0.0123 0.1135
vn 0.9933 -0.0125 0.1153
vn 0.9860 -0.0113 0.1663
vn 0.9840 -0.0111 0.1777
vn 0.9830 -0.0105 0.1831
vn 0.9848 -0.0086 0.1737
vn 0.9891 -0.0017 0.1470
vn 0.9893 -0.0001 0.1461
vn 0.9911 0.0005 0.1330
vn 0.9911 0.0006 0.1330
vn 0.9908 0.0016 0.1357
vn 0.9835 0.0022 0.1807
vn 0.9906 0.0014 0.1368
vn 0.9922 0.0007 0.1246
vn 0.9925 0.0009 0.1221
vn 0.9912 0.0002 0.1323
vn 0.9912 -0.0000 0.1324
vn 0.9899 -0.0017 0.1416
vn 0.9899 -0.0001 0.1420
vn 0.9890 -0.0166 0.1472
vn 0.9885 -0.0011 0.1513
vn 0.9892 -0.0372 0.1419
vn -0.8599 -0.4757 -0.1852
vn -0.8700 -0.4700 -0.1493
vn -0.8994 -0.4369 0.0106
vn -0.8498 -0.4803 -0.2172
vn -0.6477 -0.6042 -0.4641
vn -0.8292 -0.5206 -0.2036
vn -0.9018 -0.4319 -0.0141
vn -0.6136 -0.6113 -0.4998
vn -0.6694 -0.6968 -0.2578
vn -0.6183 -0.7165 -0.3230
vn -0.5890 -0.7250 -0.3570
vn -0.6860 -0.6888 -0.2347
vn -0.7295 -0.5971 0.3335
vn -0.6793 -0.6423 0.3551
vn -0.6654 -0.6578 0.3529
vn -0.7410 -0.5889 0.3228
vn -0.7682 -0.5939 0.2391
vn -0.7677 -0.6022 0.2191
vn -0.7760 -0.6302 0.0266
vn -0.7834 -0.6209 -0.0279
vn -0.7824 -0.4999 -0.3715
vn -0.7841 -0.4906 -0.3802
vn -0.7210 -0.4455 -0.5308
vn -0.7097 -0.4621 -0.5317
vn -0.6858 -0.3449 -0.6409
vn -0.7348 0.2711 0.6218
vn -0.8262 -0.1425 0.5451
vn -0.9660 0.2327 0.1126
vn -0.9352 -0.1969 0.2944
vn -0.6975 -0.1421 0.7024
vn -0.2762 -0.1282 0.9525
vn -0.7007 -0.4087 0.5848
vn -0.7249 -0.3840 0.5718
vn -0.6939 -0.2524 0.6744
vn -0.6093 -0.4500 0.6529
vn -0.6723 -0.0714 0.7368
vn -0.7238 -0.3592 0.5891
vn -0.8663 -0.4203 0.2699
vn -0.9002 -0.4227 0.1047
vn -0.8230 -0.5074 0.2555
vn -0.8542 -0.5133 -0.0833
vn -0.8982 -0.4354 -0.0601
vn -0.9425 -0.2842 0.1757
vn -0.9458 -0.3196 0.0575
vn -0.8949 -0.4153 0.1634
vn -0.5986 -0.2475 0.7618
vn -0.6276 -0.1390 0.7660
vn -0.8693 -0.4248 0.2528
vn -0.8910 -0.3922 0.2287
vn -0.9381 -0.3189 0.1352
vn -0.9397 -0.3288 0.0943
vn -0.9529 -0.2944 0.0723
vn -0.9724 0.0474 0.2287
vn -0.9612 0.1076 0.2540
vn -0.9507 0.1807 0.2521
vn -0.8181 -0.5750 0.0014
vn -0.9306 -0.2705 0.2466
vn -0.9041 -0.2283 0.3612
vn -0.8147 -0.1125 0.5689
vn -0.8715 0.0450 0.4882
vn -0.8978 -0.4389 -0.0365
vn -0.6497 -0.4763 -0.5925
vn -0.5891 -0.3488 -0.7289
vn -0.6701 -0.5568 -0.4908
vn -0.7329 -0.6718 -0.1074
vn -0.7294 -0.5972 0.3336
vn -0.7409 -0.5888 0.3229
vn -0.7834 -0.6209 -0.0278
vn -0.7824 -0.4999 -0.3714
vn -0.7841 -0.4906 -0.3801
vn -0.7211 -0.4456 -0.5305
vn -0.7099 -0.4622 -0.5314
vn -0.6860 -0.3451 -0.6406
vn -0.7498 -0.5515 0.3656
vn -0.7801 -0.4510 0.4336
vn -0.7127 -0.5417 0.4457
vn -0.6340 0.3267 0.7009
vn -0.9139 -0.3714 0.1640
vn -0.9600 -0.0035 0.2799
vn -0.8848 -0.4636 0.0468
vn -0.8915 -0.4475 0.0702
vn -0.9204 -0.3898 -0.0286
vn -0.8821 -0.4628 -0.0873
vn -0.9160 -0.3961 -0.0641
vn -0.8810 -0.4622 -0.1007
vn -0.8116 -0.5734 -0.1122
vn -0.9416 -0.3251 0.0878
vn 0.8978 -0.4389 -0.0365
vn 0.8599 -0.4757 -0.1852
vn 0.8591 -0.4949 -0.1304
vn 0.8498 -0.4803 -0.2172
vn 0.6498 -0.4787 -0.5905
vn 0.5898 -0.3526 -0.7265
vn 0.6713 -0.5587 -0.4870
vn 0.7330 -0.6721 -0.1043
vn 0.7295 -0.5971 0.3335
vn 0.7409 -0.5888 0.3229
vn 0.7682 -0.5939 0.2391
vn 0.7677 -0.6022 0.2191
vn 0.7760 -0.6302 0.0266
vn 0.7834 -0.6209 -0.0278
vn 0.7824 -0.4999 -0.3715
vn 0.7841 -0.4906 -0.3801
vn 0.7210 -0.4455 -0.5308
vn 0.7097 -0.4621 -0.5317
vn 0.6858 -0.3449 -0.6409
vn 0.8262 -0.1425 0.5451
vn 0.7348 0.2711 0.6218
vn 0.9660 0.2327 0.1126
vn 0.9352 -0.1969 0.2944
vn 0.6975 -0.1421 0.7024
vn 0.2762 -0.1281 0.9525
vn 0.7007 -0.4087 0.5848
vn 0.7249 -0.3840 0.5718
vn 0.6939 -0.2524 0.6744
vn 0.6093 -0.4500 0.6529
vn 0.6723 -0.0714 0.7368
vn 0.7238 -0.3592 0.5891
vn 0.8663 -0.4203 0.2699
vn 0.9002 -0.4227 0.1047
vn 0.8230 -0.5074 0.2555
vn 0.8542 -0.5133 -0.0833
vn 0.8982 -0.4354 -0.0601
vn 0.9425 -0.2842 0.1757
vn 0.9458 -0.3196 0.0575
vn 0.8949 -0.4153 0.1634
vn 0.5987 -0.2475 0.7618
vn 0.6276 -0.1390 0.7660
vn 0.8693 -0.4248 0.2528
vn 0.8910 -0.3922 0.2287
vn 0.9381 -0.3189 0.1352
vn 0.9397 -0.3287 0.0943
vn 0.9529 -0.2944 0.0723
vn 0.9724 0.0474 0.2287
vn 0.9612 0.1076 0.2540
vn 0.9507 0.1807 0.2521
vn 0.8181 -0.5750 0.0014
vn 0.9306 -0.2705 0.2466
vn 0.9041 -0.2283 0.3612
vn 0.8147 -0.1125 0.5689
vn 0.8716 0.0450 0.4882
vn 0.6497 -0.4763 -0.5925
vn 0.5891 -0.3488 -0.7289
vn 0.6701 -0.5568 -0.4908
vn 0.7329 -0.6718 -0.1073
vn 0.7824 -0.4999 -0.3714
vn 0.7211 -0.4456 -0.5305
vn 0.7099 -0.4622 -0.5314
vn 0.6860 -0.3451 -0.6406
vn 0.7801 -0.4510 0.4336
vn 0.7498 -0.5514 0.3657
vn 0.7127 -0.5417 0.4457
vn 0.6340 0.3267 0.7009
vn 0.9139 -0.3714 0.1640
vn 0.9600 -0.0035 0.2799
vn 0.8848 -0.4637 0.0468
vn 0.8915 -0.4475 0.0702
vn 0.9204 -0.3899 -0.0287
vn 0.8821 -0.4628 -0.0873
vn 0.9160 -0.3961 -0.0641
vn 0.8810 -0.4622 -0.1007
vn 0.8116 -0.5733 -0.1122
vn 0.9416 -0.3251 0.0878
vn -0.7335 0.6773 0.0565
vn -0.9971 -0.0639 -0.0403
vn -0.7989 0.5816 0.1534
vn -0.9646 -0.2170 -0.1499
vn -0.5600 0.8267 -0.0546
vn -0.3844 0.9120 -0.1433
vn -0.7158 0.6840 -0.1407
vn -0.8530 0.5203 -0.0416
vn -0.9996 0.0189 -0.0199
vn -0.7820 -0.6210 -0.0534
vn -0.7709 -0.6358 -0.0390
vn -0.3684 -0.9295 -0.0191
vn -0.3901 -0.9193 -0.0513
vn -0.6907 0.6512 -0.3145
vn -0.8416 0.4915 -0.2238
vn -0.9983 0.0400 -0.0413
vn -0.9953 0.0425 -0.0869
vn -0.7980 -0.5677 -0.2022
vn -0.7332 -0.6799 -0.0076
vn -0.3475 -0.8953 -0.2788
vn -0.0754 -0.9729 0.2184
vn -0.7219 0.5610 -0.4050
vn -0.5403 0.7140 -0.4452
vn -0.9894 0.0962 -0.1092
vn -0.8819 -0.3990 0.2510
vn -0.0936 -0.9815 -0.1668
vn -0.0002 -0.9933 -0.1157
vn -0.9481 -0.1615 0.2739
vn -0.9766 0.1049 -0.1875
vn -0.9584 -0.1403 0.2484
vn -0.6260 -0.4982 0.5999
vn -0.8633 0.3418 -0.3714
vn -0.9166 -0.3843 0.1100
vn -0.6284 -0.5420 0.5580
vn -0.6084 -0.7118 0.3510
vn -0.9904 -0.0995 -0.0963
vn -0.4357 -0.6985 0.5677
vn -0.4017 -0.8839 0.2396
vn -0.0688 -0.9426 0.3268
vn -0.4363 -0.6952 0.5712
vn -0.3350 -0.7449 0.5770
vn -0.3734 -0.7695 0.5182
vn -0.4039 -0.7477 0.5271
vn -0.4606 -0.5846 0.6679
vn -0.4864 -0.7352 0.4722
vn -0.9880 0.0724 -0.1361
vn -0.9891 -0.1462 -0.0187
vn -0.7614 -0.6468 0.0431
vn -0.5877 -0.8091 -0.0027
vn -0.7914 -0.5712 -0.2177
vn -0.9629 -0.2648 -0.0521
vn -0.9982 -0.0102 -0.0591
vn -0.5619 -0.7713 -0.2988
vn -0.5736 -0.7545 -0.3189
vn -0.2553 -0.6057 0.7536
vn -0.5160 -0.7435 0.4253
vn -0.5649 -0.8124 0.1449
vn -0.5342 -0.8306 -0.1572
vn -0.5938 -0.7908 0.1487
vn -0.5794 -0.7913 0.1951
vn -0.4380 -0.8758 0.2029
vn -0.5311 -0.8470 0.0232
vn -0.6669 -0.7443 0.0358
vn -0.7106 -0.6548 -0.2574
vn -0.4983 -0.7409 -0.4503
vn -0.6442 -0.5850 -0.4926
vn -0.4562 -0.7894 -0.4109
vn -0.3752 -0.8045 -0.4604
vn -0.6083 -0.7070 -0.3607
vn -0.6589 -0.6048 -0.4473
vn -0.5914 -0.6274 -0.5066
vn -0.6629 -0.5467 -0.5115
vn -0.7796 -0.5267 -0.3387
vn -0.5153 -0.7889 -0.3347
vn -0.6004 -0.6892 -0.4056
vn -0.9935 -0.0590 -0.0976
vn -0.9977 0.0646 -0.0186
vn -0.5005 -0.8419 -0.2017
vn -0.5654 -0.7901 -0.2367
vn -0.9706 -0.2139 -0.1101
vn -0.7580 0.5581 0.3377
vn -0.7869 0.5804 0.2095
vn -0.5337 0.7145 0.4524
vn -0.5717 0.7589 0.3119
vn -0.8255 0.4761 0.3032
vn -0.9945 -0.0949 -0.0441
vn -0.8964 0.3641 0.2529
vn -0.8442 0.4816 0.2355
vn -0.4629 0.6652 0.5859
vn -0.4021 0.7275 0.5559
vn -0.9024 0.4196 0.0987
vn -0.9854 0.1558 -0.0688
vn -0.9267 0.3752 0.0202
vn -0.6920 0.6885 0.2172
vn -0.7089 0.7021 0.0668
vn -0.9474 0.3092 -0.0828
vn -0.9464 0.2561 -0.1968
vn -0.6418 0.6181 -0.4539
vn -0.6629 0.6650 -0.3439
vn -0.5353 0.7379 -0.4110
vn -0.4638 0.7185 -0.5183
vn -0.7041 0.6944 -0.1485
vn -0.6247 0.7767 0.0803
vn -0.6145 0.7694 -0.1743
vn -0.5583 0.7761 0.2931
vn -0.4849 0.8005 0.3522
vn -0.4016 0.7870 0.4683
vn -0.3826 0.8470 0.3691
vn -0.3456 0.8439 0.4103
vn -0.8229 0.5252 0.2169
vn 0.0131 -0.9999 0.0064
vn -0.0088 0.0194 0.9998
vn -0.8016 -0.5409 -0.2547
vn -0.5289 -0.7917 -0.3057
vn -0.1912 -0.7539 -0.6286
vn -0.2965 -0.6045 -0.7394
vn -0.3089 -0.7662 -0.5635
vn -0.7197 -0.5895 -0.3667
vn -0.5813 -0.6578 -0.4790
vn -0.6853 -0.6713 0.2825
vn -0.7249 -0.5216 0.4500
vn -0.6992 -0.4583 0.5487
vn -0.5746 -0.8144 0.0814
vn -0.4573 -0.8893 0.0056
vn -0.4444 -0.8694 0.2161
vn -0.4437 -0.8725 0.2047
vn -0.0970 -0.9940 0.0503
vn 0.0032 -1.0000 0.0057
vn 0.1315 -0.9910 0.0257
vn 0.1332 -0.9889 0.0659
vn 0.2691 -0.9615 0.0552
vn 0.3037 -0.9377 0.1688
vn 0.1791 -0.8799 0.4402
vn -0.1584 -0.7832 0.6013
vn -0.6049 -0.4519 0.6556
vn -0.9226 0.1382 0.3602
vn -0.9092 -0.1306 0.3954
vn -0.8796 0.4251 0.2136
vn -0.8694 0.4393 0.2263
vn -0.9142 0.3573 0.1914
vn -0.9114 0.3513 0.2145
vn -0.9872 0.1579 -0.0211
vn -0.9971 -0.0760 -0.0088
vn -0.9913 -0.1296 -0.0213
vn -0.6798 0.4417 0.5855
vn -0.8167 0.3994 0.4165
vn -0.4029 0.5659 0.7193
vn -0.3957 0.5422 0.7413
vn -0.3219 0.5784 0.7495
vn -0.2946 0.6040 0.7406
vn -0.6511 -0.3532 0.6718
vn -0.5298 -0.2868 0.7982
vn -0.5135 -0.2735 0.8133
vn -0.7108 -0.3627 0.6027
vn -0.4321 -0.2692 0.8607
vn -0.4415 -0.2783 0.8530
vn -0.9437 -0.2288 0.2391
vn -0.8685 -0.4826 0.1127
vn -0.4441 -0.8947 0.0483
vn -0.9135 0.3320 0.2351
vn -0.8752 0.4311 0.2196
vn -0.1733 -0.9495 -0.2616
vn 0.1118 -0.9847 -0.1339
vn 0.1688 -0.9625 -0.2122
vn 0.3577 -0.9324 -0.0519
vn -0.8816 0.4321 0.1900
vn -0.7792 0.5634 0.2747
vn -0.8790 0.4631 0.1139
vn -0.6785 0.6169 0.3989
vn -0.9190 0.1437 0.3673
vn -0.4276 0.7070 0.5633
vn 0.0421 -0.9454 -0.3232
vn 0.0002 -0.9763 -0.2162
vn -0.0808 -0.9776 -0.1944
vn -0.1367 -0.9744 -0.1785
vn -0.5670 -0.8212 -0.0638
vn -0.4149 0.6865 0.5972
vn 0.7237 0.5268 -0.4458
vn 0.6807 0.6770 -0.2797
vn 0.6982 0.4610 -0.5478
vn 0.5693 0.8186 -0.0764
vn 0.4522 0.8919 -0.0055
vn 0.4368 0.8735 -0.2151
vn 0.4346 0.8774 -0.2031
vn 0.0910 0.9947 -0.0485
vn -0.0083 1.0000 -0.0028
vn -0.1342 0.9906 -0.0269
vn -0.1368 0.9883 -0.0673
vn -0.2703 0.9610 -0.0590
vn -0.3063 0.9345 -0.1814
vn -0.1850 0.8771 -0.4432
vn 0.1529 0.7807 -0.6060
vn 0.6048 0.4456 -0.6600
vn 0.9288 -0.1282 -0.3477
vn 0.9071 0.1491 -0.3936
vn 0.9108 -0.3561 -0.2090
vn 0.9595 -0.2405 -0.1470
vn 0.7905 -0.5133 -0.3342
vn 0.7760 -0.5305 -0.3412
vn 0.5334 0.2875 -0.7955
vn 0.6520 0.3544 -0.6703
vn 0.5174 0.2737 -0.8108
vn 0.7131 0.3640 -0.5992
vn 0.4078 0.2601 -0.8752
vn 0.3977 0.2790 -0.8741
vn 0.4446 0.2785 -0.8513
vn -0.3995 0.2350 -0.8861
vn 0.9134 0.3745 -0.1597
vn 0.9477 0.1640 -0.2737
vn 0.4472 0.8933 -0.0451
vn 0.8954 -0.3666 -0.2526
vn 0.8682 -0.3934 -0.3024
vn 0.1600 0.9490 0.2716
vn -0.0952 0.9871 0.1285
vn -0.1637 0.9638 0.2106
vn -0.3500 0.9354 0.0511
vn 0.9312 -0.2524 -0.2629
vn 0.7601 -0.4692 -0.4496
vn 0.9225 0.1217 -0.3662
vn 0.4724 -0.6721 -0.5702
vn -0.0334 0.9458 0.3230
vn 0.0004 0.9766 0.2150
vn 0.0782 0.9775 0.1959
vn 0.1319 0.9745 0.1813
vn 0.4915 0.8475 0.2006
vn 0.8063 0.4191 -0.4173
vn 0.5796 0.8131 0.0541
vn -0.6430 0.6470 -0.4098
vn -0.6130 0.7740 -0.1587
vn -0.6436 0.6373 -0.4239
vn -0.6067 0.7815 -0.1452
vn -0.6935 0.5081 -0.5107
vn -0.6948 0.4931 -0.5235
vn -0.7074 0.3868 -0.5916
vn -0.7002 0.3660 -0.6131
vn -0.6394 0.3250 -0.6968
vn -0.5687 0.2276 -0.7904
vn -0.4586 -0.1080 -0.8821
vn -0.2629 -0.2833 -0.9223
vn -0.1476 -0.6571 -0.7392
vn -0.1482 -0.6545 -0.7414
vn -0.0135 -0.7020 -0.7120
vn -0.0332 -0.6696 -0.7420
vn 0.1397 -0.7933 -0.5926
vn 0.1350 -0.7886 -0.5999
vn -0.0984 -0.7777 -0.6209
vn -0.1091 -0.7747 -0.6228
vn -0.1038 -0.7514 -0.6516
vn -0.4458 0.8939 0.0475
vn -0.3000 0.9421 0.1499
vn -0.4525 0.8908 0.0416
vn -0.2880 0.9446 0.1573
vn -0.2128 0.9488 0.2333
vn -0.2133 0.9485 0.2343
vn -0.8415 0.5324 -0.0915
vn -0.8290 0.5150 -0.2181
vn -0.8390 0.5422 -0.0462
vn -0.8106 0.4573 -0.3658
vn -0.8303 0.5573 -0.0044
vn -0.8304 0.5572 -0.0044
vn -0.6934 0.3257 -0.6428
vn -0.5219 0.1108 -0.8458
vn -0.3827 -0.0083 -0.9239
vn -0.3809 -0.0045 -0.9246
vn 0.7336 0.6773 0.0565
vn 0.9971 -0.0639 -0.0403
vn 0.9646 -0.2170 -0.1499
vn 0.7989 0.5816 0.1534
vn 0.5600 0.8267 -0.0546
vn 0.3844 0.9120 -0.1434
vn 0.7158 0.6840 -0.1407
vn 0.8530 0.5203 -0.0413
vn 0.9996 0.0189 -0.0199
vn 0.7820 -0.6210 -0.0534
vn 0.7709 -0.6358 -0.0390
vn 0.3684 -0.9295 -0.0191
vn 0.3901 -0.9194 -0.0513
vn 0.6907 0.6512 -0.3145
vn 0.8409 0.4908 -0.2280
vn 0.9983 0.0400 -0.0413
vn 0.9955 0.0418 -0.0850
vn 0.7990 -0.5670 -0.2002
vn 0.7546 -0.6558 -0.0243
vn 0.3475 -0.8953 -0.2788
vn 0.2773 -0.8841 -0.3762
vn 0.7150 0.5621 -0.4157
vn 0.5403 0.7140 -0.4452
vn 0.9894 0.0962 -0.1092
vn 0.8860 -0.4117 0.2132
vn 0.4194 -0.6211 0.6620
vn 0.9618 -0.2216 0.1607
vn 0.9745 0.1033 -0.1993
vn 0.9736 -0.1819 0.1376
vn 0.6277 -0.4964 0.5996
vn 0.8625 0.3432 -0.3719
vn 0.9482 -0.3170 0.0214
vn 0.6581 -0.5793 0.4809
vn 0.6374 -0.7091 0.3014
vn 0.9916 -0.1134 -0.0628
vn 0.4357 -0.6985 0.5677
vn 0.4017 -0.8839 0.2396
vn 0.3749 -0.9104 0.1750
vn 0.4207 -0.6828 0.5973
vn 0.3350 -0.7449 0.5770
vn 0.3734 -0.7694 0.5183
vn 0.4039 -0.7477 0.5271
vn 0.4606 -0.5846 0.6679
vn 0.4008 -0.7947 0.4559
vn 0.9889 0.0756 -0.1278
vn 0.9912 -0.1263 -0.0395
vn 0.7737 -0.6301 0.0660
vn 0.5076 -0.8572 0.0870
vn 0.7943 -0.5752 -0.1956
vn 0.9703 -0.2353 -0.0562
vn 0.9994 0.0117 -0.0330
vn 0.5518 -0.7793 -0.2971
vn 0.5734 -0.7557 -0.3164
vn 0.2553 -0.6057 0.7536
vn 0.5159 -0.7436 0.4253
vn 0.5651 -0.8122 0.1450
vn 0.5342 -0.8306 -0.1572
vn 0.5498 -0.8096 0.2056
vn 0.3243 -0.9099 0.2588
vn 0.4380 -0.8758 0.2029
vn 0.5311 -0.8470 0.0232
vn 0.6669 -0.7443 0.0358
vn 0.7106 -0.6548 -0.2574
vn 0.4987 -0.7398 -0.4517
vn 0.6442 -0.5850 -0.4926
vn 0.4562 -0.7893 -0.4109
vn 0.3752 -0.8045 -0.4605
vn 0.6083 -0.7070 -0.3607
vn 0.6727 -0.6104 -0.4182
vn 0.5734 -0.6716 -0.4693
vn 0.6577 -0.5567 -0.5074
vn 0.7816 -0.5407 -0.3111
vn 0.5153 -0.7889 -0.3347
vn 0.5993 -0.6954 -0.3965
vn 0.9917 -0.0460 -0.1204
vn 0.9980 0.0627 -0.0031
vn 0.5006 -0.8419 -0.2016
vn 0.5654 -0.7901 -0.2367
vn 0.9706 -0.2139 -0.1101
vn 0.7566 0.5589 0.3395
vn 0.7869 0.5804 0.2095
vn 0.5337 0.7145 0.4524
vn 0.5717 0.7589 0.3119
vn 0.8255 0.4761 0.3032
vn 0.9825 -0.1479 -0.1132
vn 0.8893 0.3795 0.2553
vn 0.8800 0.4354 0.1900
vn 0.4629 0.6652 0.5859
vn 0.4021 0.7275 0.5559
vn 0.9036 0.4095 0.1259
vn 0.9846 0.1559 -0.0791
vn 0.9269 0.3749 0.0207
vn 0.6920 0.6885 0.2172
vn 0.7091 0.7014 0.0722
vn 0.9474 0.3093 -0.0819
vn 0.9487 0.2474 -0.1967
vn 0.6345 0.6147 -0.4685
vn 0.6654 0.6705 -0.3281
vn 0.5353 0.7379 -0.4110
vn 0.4638 0.7185 -0.5183
vn 0.7033 0.6941 -0.1536
vn 0.6247 0.7767 0.0804
vn 0.6145 0.7694 -0.1743
vn 0.5583 0.7761 0.2931
vn 0.4849 0.8005 0.3522
vn 0.4016 0.7870 0.4683
vn 0.3826 0.8470 0.3691
vn 0.3456 0.8439 0.4103
vn 0.8606 0.4491 0.2401
vn 0.8016 -0.5409 -0.2547
vn 0.5289 -0.7917 -0.3057
vn 0.1912 -0.7539 -0.6286
vn 0.2965 -0.6045 -0.7394
vn 0.3089 -0.7662 -0.5635
vn 0.7197 -0.5895 -0.3667
vn 0.5813 -0.6578 -0.4790
vn 0.6853 -0.6713 0.2825
vn 0.7249 -0.5216 0.4500
vn 0.5746 -0.8144 0.0814
vn 0.6992 -0.4583 0.5487
vn 0.4573 -0.8893 0.0056
vn 0.4444 -0.8694 0.2161
vn 0.4437 -0.8725 0.2047
vn 0.0970 -0.9940 0.0503
vn -0.0032 -1.0000 0.0057
vn -0.1316 -0.9910 0.0256
vn -0.1332 -0.9889 0.0659
vn -0.2691 -0.9615 0.0552
vn -0.3037 -0.9377 0.1688
vn -0.1791 -0.8799 0.4402
vn 0.1584 -0.7832 0.6013
vn 0.6049 -0.4519 0.6556
vn 0.9226 0.1382 0.3602
vn 0.9091 -0.1306 0.3955
vn 0.8796 0.4251 0.2136
vn 0.8694 0.4393 0.2263
vn 0.9142 0.3573 0.1914
vn 0.9114 0.3513 0.2145
vn 0.9872 0.1579 -0.0211
vn 0.9971 -0.0760 -0.0088
vn 0.9913 -0.1296 -0.0213
vn 0.6798 0.4417 0.5855
vn 0.8167 0.3994 0.4165
vn 0.4029 0.5659 0.7193
vn 0.3957 0.5422 0.7413
vn 0.3219 0.5785 0.7495
vn 0.2946 0.6040 0.7406
vn 0.6511 -0.3532 0.6718
vn 0.5298 -0.2868 0.7982
vn 0.7108 -0.3627 0.6027
vn 0.5135 -0.2735 0.8133
vn 0.4321 -0.2692 0.8607
vn 0.4415 -0.2783 0.8530
vn 0.9437 -0.2288 0.2391
vn 0.8704 -0.4814 0.1035
vn 0.9142 0.3324 0.2317
vn 0.4441 -0.8947 0.0483
vn 0.8752 0.4311 0.2196
vn 0.1853 -0.9408 -0.2839
vn -0.1118 -0.9847 -0.1339
vn -0.1688 -0.9625 -0.2122
vn -0.3577 -0.9324 -0.0519
vn 0.8816 0.4321 0.1900
vn 0.7790 0.5649 0.2721
vn 0.8790 0.4631 0.1139
vn 0.6785 0.6169 0.3989
vn 0.9256 0.1489 0.3479
vn 0.4273 0.7071 0.5633
vn -0.0421 -0.9454 -0.3232
vn -0.0002 -0.9763 -0.2162
vn 0.0808 -0.9776 -0.1945
vn 0.1367 -0.9744 -0.1785
vn 0.5670 -0.8212 -0.0638
vn 0.4149 0.6865 0.5972
vn -0.7237 0.5268 -0.4458
vn -0.6807 0.6771 -0.2796
vn -0.5693 0.8186 -0.0764
vn -0.6982 0.4610 -0.5478
vn -0.4522 0.8919 -0.0055
vn -0.4368 0.8735 -0.2151
vn -0.4346 0.8774 -0.2031
vn -0.0910 0.9947 -0.0485
vn 0.0083 1.0000 -0.0028
vn 0.1342 0.9906 -0.0269
vn 0.1369 0.9883 -0.0671
vn 0.2703 0.9610 -0.0590
vn 0.3063 0.9345 -0.1814
vn 0.1850 0.8772 -0.4431
vn -0.1529 0.7807 -0.6060
vn -0.6048 0.4456 -0.6600
vn -0.9288 -0.1282 -0.3477
vn -0.9071 0.1491 -0.3936
vn -0.9108 -0.3561 -0.2090
vn -0.9595 -0.2405 -0.1470
vn -0.7905 -0.5133 -0.3342
vn -0.7760 -0.5305 -0.3412
vn -0.5334 0.2875 -0.7955
vn -0.6520 0.3544 -0.6703
vn -0.7131 0.3640 -0.5992
vn -0.5558 0.2703 -0.7862
vn -0.4255 0.2591 -0.8671
vn -0.4446 0.2785 -0.8513
vn -0.9134 0.3745 -0.1597
vn -0.9477 0.1640 -0.2737
vn -0.8954 -0.3666 -0.2527
vn -0.4472 0.8933 -0.0451
vn -0.8682 -0.3934 -0.3024
vn -0.1515 0.9544 0.2573
vn 0.0952 0.9871 0.1285
vn 0.1637 0.9638 0.2106
vn 0.3500 0.9354 0.0512
vn -0.9312 -0.2524 -0.2629
vn -0.7601 -0.4692 -0.4496
vn -0.9235 0.1241 -0.3630
vn -0.4724 -0.6721 -0.5702
vn 0.0334 0.9458 0.3230
vn -0.0004 0.9766 0.2150
vn -0.0782 0.9775 0.1959
vn -0.1319 0.9745 0.1813
vn -0.4915 0.8475 0.2006
vn -0.8064 0.4191 -0.4173
vn -0.5797 0.8131 0.0541
vn 0.6430 0.6470 -0.4098
vn 0.6130 0.7739 -0.1587
vn 0.6067 0.7815 -0.1452
vn 0.6436 0.6372 -0.4239
vn 0.6935 0.5082 -0.5107
vn 0.6951 0.4928 -0.5234
vn 0.7074 0.3868 -0.5916
vn 0.7002 0.3659 -0.6131
vn 0.6394 0.3250 -0.6968
vn 0.5687 0.2276 -0.7904
vn 0.4586 -0.1080 -0.8820
vn 0.2630 -0.2833 -0.9223
vn 0.1476 -0.6571 -0.7392
vn 0.1482 -0.6545 -0.7414
vn 0.0135 -0.7020 -0.7120
vn 0.0332 -0.6696 -0.7420
vn -0.1397 -0.7933 -0.5926
vn -0.1350 -0.7886 -0.5999
vn 0.0984 -0.7777 -0.6209
vn 0.1090 -0.7747 -0.6228
vn 0.1038 -0.7514 -0.6516
vn 0.4458 0.8939 0.0475
vn 0.3003 0.9420 0.1498
vn 0.2876 0.9447 0.1576
vn 0.4525 0.8908 0.0416
vn 0.2128 0.9488 0.2333
vn 0.2133 0.9485 0.2343
vn 0.8415 0.5324 -0.0915
vn 0.8290 0.5150 -0.2181
vn 0.8106 0.4573 -0.3658
vn 0.8390 0.5422 -0.0462
vn 0.8303 0.5573 -0.0044
vn 0.8304 0.5572 -0.0044
vn 0.6934 0.3257 -0.6428
vn 0.5218 0.1108 -0.8458
vn 0.3827 -0.0083 -0.9239
vn 0.3809 -0.0046 -0.9246
vn -0.6478 0.7325 -0.2090
vn -0.7878 0.5485 -0.2802
vn -0.7722 0.6060 -0.1908
vn -0.6327 0.6903 -0.3510
vn -0.9618 -0.2155 0.1685
vn -0.9998 -0.0014 0.0176
vn -0.6178 -0.6943 0.3691
vn -0.7040 -0.6763 0.2168
vn -0.6503 0.7572 0.0622
vn -0.7828 0.6197 0.0568
vn -0.9997 0.0191 0.0157
vn -0.8116 0.5603 0.1654
vn -0.9897 -0.1288 -0.0617
vn -0.6344 0.7387 0.2279
vn -0.6798 -0.7006 -0.2167
vn -0.7348 -0.6762 -0.0526
vn -0.5312 -0.8116 -0.2432
vn -0.5542 -0.8292 -0.0722
vn -0.5282 -0.8067 0.2650
vn -0.4891 -0.7796 0.3911
vn -0.7471 0.6176 -0.2460
vn -0.9935 -0.0486 0.1029
vn -0.7189 0.5708 -0.3966
vn -0.9829 -0.1027 0.1531
vn -0.5871 0.7210 -0.3680
vn -0.6089 0.6435 -0.4638
vn -0.5801 -0.7108 0.3978
vn -0.5779 -0.6547 0.4872
vn -0.6000 -0.7411 0.3011
vn -0.9648 -0.2217 0.1413
vn -0.7784 0.6096 -0.1498
vn -0.5077 0.8039 -0.3097
vn -0.4512 -0.8290 0.3304
vn -0.4193 -0.8038 0.4220
vn -0.4236 -0.7345 0.5301
vn -0.5973 0.6441 -0.4779
vn -0.6817 0.5924 -0.4294
vn -0.9890 0.1411 -0.0454
vn -0.6369 -0.6181 0.4608
vn -0.4458 -0.7232 0.5276
vn -0.5317 0.8336 -0.1496
vn -0.4217 0.9065 0.0235
vn -0.4607 0.8872 0.0269
vn -0.5389 0.5830 -0.6080
vn -0.7870 0.6149 -0.0493
vn -0.7105 0.2649 -0.6519
vn -0.4807 0.6722 0.5631
vn -0.5397 0.8335 0.1183
vn -0.7437 0.4405 0.5029
vn -0.5465 0.8130 -0.2009
vn -0.9308 -0.2619 0.2551
vn -0.7158 0.5109 -0.4760
vn 0.5165 0.8518 -0.0881
vn 0.4597 0.4628 -0.7579
vn 0.6765 0.4198 -0.6051
vn -0.5853 0.5131 -0.6279
vn 0.9744 -0.2246 -0.0076
vn 0.9696 -0.1326 0.2058
vn -0.9884 -0.1505 0.0187
vn -0.9875 -0.1092 0.1134
vn 0.7035 -0.6262 0.3361
vn 0.8773 -0.3749 0.2998
vn -0.7574 -0.5365 0.3722
vn -0.8624 -0.2803 0.4216
vn -0.5053 0.8223 -0.2616
vn -0.9885 -0.1243 0.0860
vn 0.9029 0.2714 0.3333
vn 0.7553 0.6536 -0.0470
vn -0.8298 0.0279 0.5573
vn 0.7960 -0.2628 0.5453
vn -0.6208 0.0420 0.7829
vn -0.4456 -0.6349 0.6311
vn -0.2840 -0.9145 0.2881
vn 0.3282 -0.8667 0.3758
vn -0.5506 0.1580 0.8197
vn -0.1850 0.0695 0.9803
vn -0.7805 0.5802 -0.2328
vn 0.8419 0.5203 0.1428
vn 0.9703 0.2198 0.1006
vn -0.2418 -0.9395 0.2425
vn -0.5782 -0.7901 0.2036
vn -0.9248 -0.3652 -0.1063
vn -0.5512 0.8341 0.0228
vn -0.5605 0.8279 0.0225
vn -0.5520 0.8338 0.0047
vn -0.4059 -0.1830 -0.8954
vn -0.5488 -0.6426 -0.5347
vn -0.4508 -0.8510 -0.2694
vn -0.3195 -0.9380 0.1346
vn 0.4311 -0.8684 0.2449
vn 0.6254 -0.5322 0.5707
vn 0.2375 -0.7522 0.6146
vn -0.4498 -0.8928 0.0223
vn -0.5150 -0.8394 -0.1736
vn -0.5691 -0.7806 0.2585
vn -0.5027 -0.7176 0.4820
vn -0.4164 -0.9065 -0.0696
vn -0.3366 -0.9414 0.0212
vn -0.4048 -0.9082 0.1064
vn 0.7834 -0.3513 0.5127
vn 0.7993 0.5269 -0.2890
vn 0.8156 -0.5517 0.1741
vn 0.6312 0.7688 0.1025
vn 0.5254 0.7659 -0.3705
vn 0.3854 0.9168 -0.1045
vn 0.3501 0.9346 -0.0626
vn 0.6617 0.6394 0.3916
vn 0.5557 -0.5477 0.6255
vn 0.6599 0.5191 -0.5433
vn 0.6365 0.4940 -0.5923
vn 0.9372 0.2560 -0.2369
vn 0.8534 -0.4956 0.1617
vn 0.5557 -0.7842 0.2762
vn 0.5882 -0.7716 0.2423
vn 0.5301 -0.7086 0.4657
vn 0.4598 -0.6800 0.5711
vn 0.3196 0.8253 -0.4656
vn 0.2559 0.7900 -0.5571
vn 0.1420 0.9472 -0.2876
vn 0.1443 0.9521 -0.2695
vn 0.6723 0.5029 -0.5432
vn 0.5459 0.6900 -0.4753
vn 0.2138 0.9292 -0.3015
vn 0.2308 0.8743 -0.4271
vn -0.9899 0.0007 0.1421
vn -0.7583 0.4901 -0.4298
vn -0.7686 0.6226 -0.1472
vn -0.9056 -0.3984 -0.1452
vn -0.6304 0.7762 0.0137
vn -0.8173 0.3059 0.4883
vn -0.6796 -0.5568 0.4777
vn -0.7574 -0.6496 0.0665
vn -0.6313 -0.4228 0.6501
vn -0.4557 -0.7431 0.4901
vn -0.7899 -0.6109 -0.0542
vn -0.9184 -0.3219 -0.2302
vn -0.7650 0.2479 -0.5944
vn -0.8047 0.2764 -0.5253
vn -0.8276 0.2178 -0.5173
vn -0.8221 0.3855 -0.4189
vn -0.6842 0.6733 -0.2804
vn -0.7038 0.6077 -0.3679
vn -0.7253 0.5479 -0.4168
vn -0.6128 0.7462 -0.2601
vn -0.6809 0.6350 -0.3650
vn 0.1867 0.5102 0.8395
vn 0.7539 0.4514 0.4774
vn 0.7019 0.3157 0.6385
vn 0.3327 0.9333 0.1355
vn 0.8344 0.2491 0.4916
vn 0.2500 0.6951 0.6741
vn 0.1405 0.5558 0.8194
vn 0.8903 0.2753 0.3627
vn 0.8005 0.5841 -0.1342
vn 0.6555 0.7160 -0.2403
vn 0.6514 0.3538 0.6712
vn 0.1772 0.9713 -0.1589
vn 0.3126 0.9453 -0.0936
vn 0.1494 0.6886 0.7096
vn 0.1523 -0.2445 0.9576
vn -0.1321 -0.0110 0.9912
vn 0.1524 -0.3111 0.9381
vn 0.0056 0.9982 0.0600
vn -0.0896 0.9570 -0.2761
vn -0.4061 0.9081 0.1021
vn -0.7141 0.4372 0.5468
vn 0.5088 0.8577 -0.0739
vn 0.7362 0.6637 0.1319
vn 0.0235 0.7070 0.7068
vn 0.7734 0.6007 0.2026
vn 0.2058 0.0033 0.9786
vn -0.5737 0.8191 0.0007
vn -0.8361 0.3682 0.4067
vn -0.6285 -0.2932 0.7204
vn -0.6079 -0.4624 0.6454
vn -0.2783 0.7437 0.6078
vn -0.4491 -0.0484 0.8922
vn 0.4409 0.5654 0.6971
vn -0.3754 -0.0205 0.9266
vn -0.9920 0.0820 0.0959
vn -0.5063 0.5918 -0.6273
vn -0.4012 -0.7068 0.5827
vn -0.7250 -0.0452 0.6873
vn -0.8447 -0.0603 0.5318
vn 0.2619 0.8074 -0.5286
vn 0.3285 0.7725 -0.5434
vn 0.8001 0.0717 0.5956
vn 0.2074 -0.4605 0.8631
vn -0.7984 0.4806 0.3626
vn -0.7929 0.6030 0.0877
vn -0.7766 0.6254 0.0760
vn -0.2270 -0.5862 0.7777
vn 0.5858 0.6428 -0.4936
vn -0.2829 0.9568 -0.0679
vn 0.7681 0.5998 -0.2242
vn -0.3271 0.8915 -0.3136
vn 0.4956 0.4656 -0.7333
vn -0.3386 0.4798 -0.8094
vn 0.0534 -0.7730 -0.6321
vn -0.8523 -0.4036 0.3327
vn -0.8331 -0.5034 0.2293
vn -0.6926 -0.6980 0.1821
vn 0.2764 -0.9261 0.2567
vn 0.1882 -0.9820 -0.0136
vn 0.3763 -0.6822 0.6269
vn -0.7200 0.6190 0.3136
vn -0.2820 0.0514 0.9580
vn -0.9736 0.0837 -0.2126
vn 0.1161 0.9890 -0.0914
vn -0.1855 -0.7456 -0.6401
vn -0.0221 -0.4396 -0.8979
vn -0.1379 -0.7449 -0.6528
vn -0.1049 -0.5139 -0.8514
vn -0.2022 -0.8088 -0.5522
vn -0.2829 -0.8286 -0.4832
vn -0.0626 -0.7239 -0.6871
vn -0.0896 -0.6831 -0.7248
vn -0.0007 -0.8424 -0.5388
vn 0.0771 -0.8740 -0.4798
vn -0.0059 -0.8618 -0.5073
vn 0.0251 -0.8720 -0.4888
vn 0.0925 -0.9077 -0.4094
vn 0.1831 -0.8127 -0.5532
vn 0.2773 -0.8571 -0.4343
vn 0.2619 -0.8291 -0.4939
vn 0.4216 -0.8316 -0.3615
vn 0.4341 -0.8425 -0.3188
vn 0.1190 -0.6558 -0.7455
vn -0.0104 -0.7201 -0.6938
vn -0.0248 -0.6566 -0.7538
vn -0.0315 -0.6810 -0.7316
vn -0.0058 -0.7288 -0.6847
vn -0.0140 -0.7585 -0.6515
vn 0.4079 -0.3963 -0.8226
vn -0.0011 -0.9853 -0.1710
vn -0.4305 -0.9020 -0.0332
vn -0.3522 -0.6165 -0.7042
vn -0.1871 -0.7123 -0.6764
vn -0.3474 -0.9372 -0.0316
vn -0.0532 -0.0624 -0.9966
vn -0.0433 -0.1055 -0.9935
vn -0.8723 0.2754 -0.4041
vn 0.3927 0.8466 -0.3591
vn -0.8813 -0.1821 -0.4362
vn 0.2078 0.9545 -0.2138
vn 0.0072 -0.5383 -0.8427
vn 0.9463 0.2935 0.1358
vn 0.9312 0.2959 -0.2130
vn -0.2636 -0.9341 -0.2407
vn -0.2709 -0.9622 0.0268
vn 0.7992 0.3425 0.4939
vn 0.6237 0.3850 -0.6803
vn 0.6324 0.6160 -0.4696
vn 0.9193 0.1484 0.3646
vn 0.7484 -0.6441 -0.1582
vn -0.7390 -0.3832 -0.5542
vn -0.4907 -0.5483 -0.6772
vn -0.6955 -0.7184 -0.0117
vn -0.5872 -0.8086 -0.0354
vn 0.5096 -0.3950 0.7644
vn 0.2218 -0.2691 0.9372
vn -0.5425 0.6542 0.5270
vn -0.7323 0.5590 0.3889
vn -0.5727 0.6721 0.4694
vn -0.7149 0.5428 0.4408
vn -0.5490 0.6640 0.5076
vn -0.7173 0.5487 0.4294
vn -0.7507 0.5575 0.3545
vn -0.6069 0.6811 0.4097
vn -0.6406 0.7394 0.2069
vn -0.7800 0.5957 0.1916
vn -0.6405 0.7631 -0.0864
vn -0.7876 0.6118 -0.0731
vn -0.5966 0.7141 -0.3663
vn -0.7635 0.5674 -0.3084
vn -0.5499 0.6492 -0.5255
vn -0.7294 0.5297 -0.4330
vn -0.9297 -0.3208 0.1811
vn -0.9481 -0.3095 0.0733
vn -0.7334 0.5170 -0.4414
vn -0.5126 0.6348 -0.5782
vn -0.7555 0.5292 -0.3862
vn -0.4956 0.6618 -0.5626
vn -0.4935 0.7165 -0.4931
vn -0.8079 0.4952 -0.3194
vn -0.9039 -0.3525 0.2422
vn -0.7605 -0.5293 0.3761
vn -0.4876 -0.6892 0.5359
vn -0.4778 -0.6680 0.5705
vn -0.4481 -0.6310 0.6333
vn -0.9223 -0.3266 0.2066
vn -0.4723 -0.6350 0.6113
vn -0.9191 -0.2712 0.2859
vn -0.5180 -0.7109 0.4757
vn -0.5768 -0.7957 0.1851
vn -0.5783 -0.7973 -0.1728
vn -0.9481 -0.3174 0.0199
vn -0.5333 -0.7431 -0.4043
vn -0.9420 -0.3195 -0.1027
vn -0.5211 -0.7065 -0.4788
vn -0.9406 -0.3024 -0.1544
vn -0.5014 -0.7081 -0.4972
vn -0.9301 -0.3105 -0.1963
vn -0.9262 -0.3649 -0.0945
vn -0.5160 -0.7495 -0.4147
vn -0.8987 -0.4297 -0.0879
vn -0.5469 -0.8284 -0.1210
vn -0.5524 -0.7867 0.2757
vn -0.9061 -0.3766 0.1928
vn -0.7771 0.6044 0.1755
vn -0.6375 0.7382 0.2206
vn -0.7907 0.5933 -0.1512
vn -0.9418 -0.2540 0.2203
vn -0.7709 0.5563 -0.3103
vn -0.6522 0.7246 -0.2226
vn -0.6166 0.6777 -0.4007
vn -0.5025 -0.7134 0.4885
vn -0.5270 -0.7038 0.4763
vn -0.9529 -0.2291 0.1990
vn -0.5536 -0.7353 0.3909
vn -0.9544 -0.2471 0.1678
vn -0.6193 -0.7518 0.2262
vn -0.9623 -0.2474 0.1135
vn -0.7893 0.5368 -0.2981
vn -0.8254 0.5314 -0.1908
vn -0.6293 0.6828 -0.3713
vn -0.6534 0.7091 -0.2652
vn -0.8588 0.5075 -0.0703
vn -0.9688 -0.2420 0.0533
vn -0.8696 0.4903 0.0589
vn -0.6968 0.7082 -0.1135
vn -0.7062 0.7058 0.0565
vn -0.6858 -0.7270 0.0343
vn -0.6946 -0.7181 -0.0442
vn -0.9503 -0.3107 0.0182
vn -0.7041 0.6926 0.1568
vn -0.8794 0.4595 0.1242
vn -0.9930 -0.1021 0.0595
vn -0.6374 0.7236 0.2650
vn -0.7776 0.6218 0.0930
vn -0.6651 0.7370 0.1203
vn -0.7620 0.6112 0.2140
vn -0.9858 -0.1263 -0.1108
vn -0.9960 -0.0485 -0.0755
vn -0.6204 -0.7263 -0.2961
vn -0.5891 -0.7770 -0.2218
vn -0.5919 0.6796 0.4335
vn -0.7439 0.5751 0.3403
vn -0.5925 0.6552 0.4688
vn -0.7363 0.5545 0.3879
vn -0.9958 -0.0447 -0.0797
vn -0.9982 -0.0383 -0.0466
vn -0.6198 -0.6430 -0.4499
vn -0.6247 -0.6733 -0.3955
vn -0.6076 0.6716 0.4240
vn -0.7485 0.5563 0.3610
vn -0.6030 0.6872 0.4052
vn -0.7104 0.6077 0.3550
vn -0.9988 -0.0231 -0.0422
vn -0.9931 0.1120 0.0351
vn -0.6464 -0.6377 -0.4190
vn -0.6988 -0.6162 -0.3633
vn -0.4540 -0.7447 -0.4892
vn -0.4886 -0.7576 -0.4327
vn -0.4249 -0.7477 -0.5103
vn -0.4223 -0.7896 -0.4452
vn -0.4264 -0.8505 -0.3078
vn -0.4196 -0.8804 -0.2210
vn -0.4551 0.8001 -0.3907
vn -0.3369 0.7637 -0.5507
vn -0.3914 0.8184 -0.4207
vn -0.5004 0.7754 -0.3853
vn -0.4291 0.8913 -0.1464
vn -0.5132 0.7664 -0.3865
vn -0.4111 0.8254 -0.3869
vn -0.3870 0.8031 0.4531
vn -0.7013 0.6684 -0.2478
vn -0.7154 0.5168 -0.4703
vn -0.2265 0.6429 -0.7317
vn -0.7024 0.5303 0.4748
vn -0.1609 0.3698 0.9151
vn -0.9323 0.3247 -0.1591
vn -0.9301 -0.0345 -0.3656
vn -0.9939 0.1024 -0.0420
vn -0.8890 -0.2153 -0.4041
vn -0.7877 -0.6160 -0.0077
vn -0.2475 -0.7282 -0.6391
vn 0.4232 -0.9052 0.0391
vn 0.6068 -0.7811 0.1476
vn -0.7808 -0.5383 0.3172
vn -0.9624 -0.1329 0.2370
vn -0.6938 0.5594 0.4535
vn -0.6977 0.5871 0.4105
vn -0.8525 -0.5226 -0.0145
vn -0.9649 0.2457 0.0929
vn -0.9307 0.3340 -0.1493
vn 0.6606 -0.7005 -0.2700
vn -0.7891 0.4040 0.4627
vn -0.1875 0.9215 0.3401
vn -0.3950 0.6319 0.6669
vn -0.6102 0.7907 0.0501
vn 0.8521 -0.3054 0.4250
vn 0.9556 -0.0268 0.2933
vn 0.7899 0.5305 0.3076
vn 0.6572 0.3047 0.6893
vn 0.7209 -0.0712 0.6893
vn 0.4902 0.0908 0.8669
vn -0.3046 -0.6465 0.6995
vn 0.8363 -0.5479 0.0190
vn 0.7902 -0.5473 0.2759
vn -0.7480 -0.6439 0.1610
vn 0.1660 -0.6532 -0.7388
vn 0.0925 -0.0181 0.9956
vn 0.6380 -0.7006 -0.3196
vn -0.3497 -0.1270 -0.9282
vn 0.9963 0.0248 -0.0821
vn 0.7739 0.5909 -0.2279
vn 0.9242 0.3729 -0.0828
vn 0.9949 0.0676 -0.0749
vn 0.9159 0.3212 0.2408
vn 0.7256 0.1528 0.6710
vn -0.6416 -0.7368 0.2131
vn -0.5409 -0.8054 0.2425
vn -0.4433 -0.8937 0.0697
vn -0.5569 -0.7169 0.4195
vn -0.4537 -0.6417 0.6184
vn -0.7748 0.5717 -0.2698
vn -0.7214 0.6490 -0.2415
vn -0.7843 0.5901 0.1913
vn -0.6977 0.3993 0.5948
vn 0.0910 0.6155 -0.7829
vn -0.8858 0.4028 -0.2303
vn -0.8155 0.5366 -0.2168
vn -0.0374 0.5651 -0.8242
vn -0.3869 -0.6839 -0.6186
vn -0.4800 -0.7414 0.4690
vn -0.3476 -0.8033 0.4836
vn 0.3653 -0.8721 -0.3254
vn 0.6028 -0.7939 -0.0794
vn 0.4892 0.7904 0.3687
vn 0.0720 -0.4558 0.8872
vn 0.5614 -0.8054 0.1902
vn 0.3862 0.9063 -0.1718
vn -0.0982 -0.6513 0.7524
vn -0.1328 -0.5908 0.7958
vn -0.1397 -0.5903 0.7950
vn -0.0935 -0.6555 0.7494
vn -0.1380 -0.5683 0.8112
vn -0.7850 -0.2291 0.5756
vn -0.4923 -0.3932 0.7766
vn -0.8248 -0.1862 0.5339
vn -0.4318 -0.4265 0.7948
vn -0.8404 -0.2596 0.4758
vn 0.3211 -0.4198 0.8489
vn 0.3204 -0.6333 0.7045
vn 0.2849 -0.2704 0.9196
vn 0.3768 -0.6658 0.6440
vn 0.3834 -0.6502 0.6559
vn 0.7054 -0.0891 0.7031
vn 0.6259 -0.2027 0.7531
vn 0.5919 -0.2446 0.7680
vn 0.7180 -0.0694 0.6926
vn 0.7170 -0.0684 0.6937
vn -0.8894 0.1931 0.4144
vn -0.5217 -0.4779 -0.7067
vn -0.9715 0.1076 -0.2113
vn -0.6702 -0.4467 -0.5927
vn 0.5885 -0.5725 -0.5709
vn 0.4525 -0.7901 -0.4136
vn 0.9968 -0.0636 0.0481
vn 0.9369 0.1851 0.2965
vn -0.1878 0.2665 0.9454
vn -0.0752 -0.5257 0.8474
vn 0.7805 0.3157 0.5396
vn 0.6246 0.3796 0.6825
vn -0.7731 -0.3814 -0.5068
vn 0.7877 -0.5003 -0.3595
vn 0.9353 0.1802 0.3045
vn 0.6573 -0.5488 0.5165
vn -0.5071 0.6541 0.5612
vn -0.8833 0.3436 0.3190
vn 0.6261 0.5545 0.5482
vn 0.2017 -0.6873 -0.6978
vn 0.9169 0.2606 -0.3022
vn 0.6041 -0.7823 0.1518
vn 0.8905 0.1474 0.4304
vn 0.5363 -0.8424 0.0515
vn 0.4870 -0.8149 0.3143
vn 0.2949 -0.9047 0.3075
vn 0.2255 -0.9555 0.1901
vn 0.5261 -0.8279 -0.1943
vn 0.7471 0.4557 -0.4839
vn 0.5123 -0.8570 -0.0559
vn 0.7609 -0.3597 0.5400
vn 0.8438 -0.4996 0.1960
vn 0.5619 -0.1296 0.8170
vn 0.0801 -0.1051 0.9912
vn 0.2699 0.4888 0.8296
vn 0.7084 0.6032 -0.3664
vn 0.6807 0.5705 -0.4595
vn 0.1550 -0.8341 -0.5294
vn 0.0880 -0.8836 -0.4598
vn -0.0115 -0.7296 -0.6838
vn -0.0096 -0.7281 -0.6854
vn 0.4541 -0.8725 -0.1804
vn 0.3411 -0.8564 -0.3875
vn 0.0769 -0.7010 -0.7090
vn 0.0588 -0.7991 -0.5984
vn -0.9428 0.0550 -0.3287
vn -0.8186 -0.5620 0.1184
vn -0.7983 -0.5973 0.0772
vn -0.8657 0.0780 -0.4944
vn -0.6552 -0.7550 -0.0242
vn -0.7075 -0.3327 -0.6235
vn -0.4961 0.5132 -0.7003
vn -0.2707 0.1106 0.9563
vn -0.4039 0.3302 -0.8531
vn -0.2707 0.6696 -0.6916
vn -0.1847 -0.1923 0.9638
vn -0.7917 0.0318 0.6101
vn -0.9206 -0.3826 0.0782
vn -0.7699 -0.3439 -0.5375
vn -0.9601 -0.2543 -0.1164
vn -0.9055 -0.2928 -0.3072
vn -0.6953 -0.3601 -0.6220
vn -0.7829 -0.4140 -0.4644
vn -0.8180 -0.4178 -0.3953
vn -0.6776 -0.4161 -0.6064
vn -0.6784 -0.4192 -0.6034
vn -0.7433 -0.4422 -0.5020
vn 0.4054 -0.6173 -0.6742
vn 0.8528 -0.4910 -0.1782
vn 0.8712 -0.3666 -0.3264
vn 0.2755 -0.9488 0.1546
vn 0.9520 -0.2583 -0.1640
vn 0.4237 -0.7778 -0.4642
vn 0.3831 -0.6248 -0.6804
vn 0.9625 -0.2686 -0.0375
vn 0.6704 -0.5899 0.4501
vn 0.3667 -0.7722 0.5188
vn 0.5126 -0.6396 0.5729
vn 0.5528 -0.5993 -0.5790
vn 0.1457 -0.9477 0.2839
vn 0.1438 -0.8117 -0.5660
vn 0.3420 0.0975 -0.9346
vn 0.0660 -0.1479 -0.9868
vn 0.2983 0.1897 -0.9354
vn -0.0647 -0.9940 0.0884
vn -0.1968 -0.9129 0.3576
vn -0.3891 -0.9160 -0.0980
vn -0.5398 -0.5142 -0.6665
vn 0.4369 -0.8381 0.3267
vn 0.7202 -0.6721 0.1722
vn 0.2010 -0.7942 -0.5734
vn 0.7782 -0.6188 0.1077
vn 0.4773 -0.1319 -0.8688
vn -0.5769 -0.8145 -0.0612
vn -0.6965 -0.4226 -0.5800
vn -0.3855 0.1924 -0.9024
vn -0.3813 0.3704 -0.8470
vn -0.1176 -0.8189 -0.5618
vn -0.1727 -0.0721 -0.9823
vn 0.6027 -0.6507 -0.4619
vn -0.0933 -0.1040 -0.9902
vn -0.9252 -0.0984 -0.3666
vn -0.6845 -0.5058 0.5250
vn -0.1933 0.6216 -0.7591
vn -0.4958 -0.0494 -0.8670
vn -0.6544 -0.0144 -0.7560
vn 0.0720 -0.7292 0.6805
vn 0.1327 -0.6923 0.7093
vn 0.9342 -0.1463 -0.3253
vn 0.4614 0.3431 -0.8181
vn -0.6420 -0.5664 -0.5167
vn -0.7014 -0.6602 -0.2686
vn -0.7005 -0.6691 -0.2483
vn 0.0422 0.4805 -0.8760
vn 0.3977 -0.5692 0.7196
vn -0.3228 -0.9406 0.1054
vn 0.6509 -0.5614 0.5111
vn -0.4332 -0.8436 0.3173
vn 0.2486 -0.3622 0.8983
vn -0.5724 -0.3700 0.7318
vn -0.1037 0.8502 0.5162
vn -0.7071 0.3522 -0.6132
vn -0.7149 0.4649 -0.5223
vn -0.5873 0.6646 -0.4619
vn 0.3696 0.8852 -0.2824
vn 0.2096 0.9760 -0.0586
vn 0.5630 0.5949 -0.5736
vn -0.7654 -0.5401 -0.3500
vn -0.1935 -0.2338 -0.9529
vn -0.9959 -0.0592 -0.0684
vn -0.1537 -0.9708 0.1840
vn -0.3358 0.8229 0.4584
vn -0.2635 0.5545 0.7894
vn -0.2938 0.8240 0.4844
vn -0.3269 0.6216 0.7119
vn -0.3245 0.8738 0.3623
vn -0.3814 0.8838 0.2708
vn -0.2322 0.8082 0.5413
vn -0.2702 0.7727 0.5744
vn -0.0098 0.9261 0.3772
vn 0.1639 0.9820 0.0940
vn 0.2833 0.9387 0.1966
vn 0.1323 0.9014 0.4122
vn 0.0021 0.9543 0.2989
vn 0.0444 0.8795 0.4737
vn 0.1701 0.9082 0.3823
vn 0.1374 0.8884 0.4381
vn 0.3283 0.8740 0.3582
vn 0.3529 0.8793 0.3199
vn -0.0774 0.7493 0.6577
vn -0.1843 0.8055 0.5632
vn -0.2174 0.7505 0.6241
vn -0.2166 0.7717 0.5979
vn -0.1770 0.8130 0.5548
vn -0.1743 0.8380 0.5171
vn 0.5307 0.5485 0.6462
vn 0.2228 0.9690 0.1072
vn -0.2665 0.9476 -0.1764
vn -0.4160 0.7505 0.5135
vn -0.0453 0.8460 0.5312
vn -0.0804 0.9877 -0.1344
vn -0.2066 0.2428 0.9478
vn -0.0889 0.3100 0.9466
vn -0.9659 -0.2155 0.1433
vn 0.2268 -0.7906 0.5687
vn -0.9605 0.2392 0.1424
vn 0.1241 -0.9134 0.3877
vn -0.2178 0.6478 0.7301
vn 0.9435 -0.2592 0.2066
vn 0.8246 -0.2356 0.5143
vn -0.2912 0.9557 0.0422
vn -0.2205 0.9498 -0.2217
vn 0.8951 -0.4013 -0.1943
vn 0.3893 -0.2887 0.8747
vn 0.4501 -0.5456 0.7069
vn 0.9796 -0.1913 -0.0618
vn 0.6932 0.6627 0.2836
vn -0.8533 0.4499 0.2636
vn -0.6452 0.6309 0.4308
vn -0.6449 0.7105 -0.2815
vn -0.5450 0.8036 -0.2393
vn 0.7203 0.2926 -0.6290
vn 0.4900 0.1437 -0.8598
vn -0.1580 -0.5060 0.8480
vn -0.9278 -0.3728 0.0145
vn -0.8612 -0.5068 0.0392
vn -0.2911 -0.4511 0.8436
vn -0.5244 0.7580 0.3878
vn -0.3001 0.6706 -0.6784
vn -0.1670 0.7307 -0.6620
vn 0.2862 0.9092 0.3025
vn 0.5814 0.8001 0.1476
vn 0.3088 -0.9453 -0.1052
vn 0.2646 0.3316 -0.9055
vn -0.2113 0.9671 0.1420
vn 0.0669 0.9623 0.2635
vn 0.0963 0.9408 0.3249
vn -0.2273 0.9656 0.1263
vn 0.1190 0.9696 0.2137
vn -0.4700 0.8825 -0.0193
vn -0.2309 0.9722 0.0385
vn -0.4885 0.8709 -0.0534
vn -0.1778 0.9822 0.0610
vn -0.5384 0.8427 0.0021
vn 0.7112 0.7016 -0.0444
vn 0.6630 0.7044 0.2536
vn 0.6795 0.7086 -0.1903
vn 0.7484 0.6314 0.2031
vn 0.7571 0.6255 0.1887
vn 0.8875 0.4433 -0.1260
vn 0.8281 0.5587 -0.0446
vn 0.8012 0.5983 -0.0154
vn 0.8955 0.4232 -0.1380
vn 0.8942 0.4249 -0.1410
vn 0.6478 0.7325 -0.2090
vn 0.7878 0.5485 -0.2802
vn 0.6327 0.6903 -0.3510
vn 0.7723 0.6050 -0.1938
vn 0.9619 -0.2155 0.1685
vn 1.0000 -0.0044 0.0054
vn 0.6178 -0.6943 0.3691
vn 0.7039 -0.6764 0.2167
vn 0.6505 0.7569 0.0626
vn 0.7829 0.6197 0.0555
vn 0.9997 0.0190 0.0122
vn 0.8116 0.5603 0.1652
vn 0.9897 -0.1288 -0.0617
vn 0.6344 0.7387 0.2279
vn 0.6798 -0.7006 -0.2167
vn 0.7348 -0.6763 -0.0522
vn 0.5312 -0.8116 -0.2432
vn 0.5542 -0.8292 -0.0722
vn 0.5282 -0.8067 0.2650
vn 0.4891 -0.7796 0.3911
vn 0.7471 0.6176 -0.2460
vn 0.9947 -0.0522 0.0882
vn 0.9805 -0.0982 0.1700
vn 0.7201 0.5715 -0.3934
vn 0.5871 0.7210 -0.3680
vn 0.6089 0.6435 -0.4638
vn 0.5795 -0.7096 0.4007
vn 0.5785 -0.6557 0.4852
vn 0.6000 -0.7411 0.3012
vn 0.9648 -0.2217 0.1413
vn 0.7784 0.6096 -0.1498
vn 0.5077 0.8039 -0.3097
vn 0.4512 -0.8290 0.3304
vn 0.4193 -0.8038 0.4220
vn 0.4236 -0.7345 0.5301
vn 0.5973 0.6441 -0.4779
vn 0.6816 0.5925 -0.4294
vn 0.9890 0.1411 -0.0454
vn 0.6369 -0.6181 0.4608
vn 0.4458 -0.7232 0.5276
vn 0.5317 0.8336 -0.1496
vn 0.4216 0.9065 0.0236
vn 0.5386 0.5832 -0.6081
vn 0.4610 0.8869 0.0295
vn 0.7870 0.6150 -0.0490
vn 0.7105 0.2649 -0.6519
vn 0.4820 0.6716 0.5628
vn 0.5397 0.8335 0.1184
vn 0.7432 0.4411 0.5031
vn 0.5380 0.8172 -0.2065
vn 0.9316 -0.2715 0.2415
vn 0.7097 0.4994 -0.4968
vn -0.4808 0.8666 -0.1335
vn -0.4597 0.4628 -0.7579
vn -0.6765 0.4197 -0.6051
vn 0.5853 0.5131 -0.6279
vn -0.9745 -0.2244 -0.0075
vn -0.9696 -0.1326 0.2058
vn 0.9882 -0.1521 0.0170
vn 0.9875 -0.1092 0.1134
vn -0.7035 -0.6262 0.3361
vn -0.8773 -0.3749 0.2998
vn 0.7574 -0.5364 0.3722
vn 0.8624 -0.2803 0.4216
vn 0.5053 0.8223 -0.2617
vn 0.9885 -0.1243 0.0860
vn -0.9379 -0.0679 0.3401
vn -0.7553 0.6536 -0.0470
vn 0.8121 0.0380 0.5823
vn -0.7960 -0.2629 0.5453
vn 0.6208 0.0420 0.7829
vn 0.4456 -0.6349 0.6311
vn 0.2851 -0.9141 0.2883
vn -0.3282 -0.8667 0.3758
vn 0.5506 0.1580 0.8197
vn 0.1850 0.0695 0.9803
vn 0.7805 0.5802 -0.2328
vn -0.8419 0.5203 0.1428
vn -0.8921 -0.4145 0.1798
vn 0.2418 -0.9395 0.2425
vn 0.5782 -0.7901 0.2036
vn 0.9248 -0.3652 -0.1063
vn 0.5512 0.8341 0.0228
vn 0.5605 0.8279 0.0225
vn 0.5520 0.8338 0.0047
vn 0.4059 -0.1830 -0.8954
vn 0.5469 -0.6392 -0.5407
vn 0.4506 -0.8517 -0.2676
vn 0.3217 -0.9197 0.2251
vn -0.4184 -0.8718 0.2547
vn -0.6254 -0.5322 0.5707
vn -0.2375 -0.7522 0.6146
vn 0.4498 -0.8928 0.0223
vn 0.5150 -0.8394 -0.1736
vn 0.5691 -0.7806 0.2585
vn 0.5027 -0.7176 0.4820
vn 0.4164 -0.9065 -0.0696
vn 0.3366 -0.9414 0.0212
vn 0.4048 -0.9082 0.1064
vn -0.7834 -0.3513 0.5127
vn -0.7993 0.5269 -0.2890
vn -0.6312 0.7688 0.1025
vn -0.8156 -0.5517 0.1741
vn -0.5254 0.7659 -0.3705
vn -0.3854 0.9168 -0.1045
vn -0.3501 0.9346 -0.0626
vn -0.6617 0.6394 0.3916
vn -0.5557 -0.5477 0.6255
vn -0.6599 0.5191 -0.5433
vn -0.6365 0.4940 -0.5923
vn -0.9372 0.2560 -0.2369
vn -0.8534 -0.4956 0.1617
vn -0.5557 -0.7841 0.2762
vn -0.5882 -0.7716 0.2423
vn -0.5301 -0.7086 0.4657
vn -0.4598 -0.6800 0.5711
vn -0.3196 0.8253 -0.4656
vn -0.2559 0.7900 -0.5571
vn -0.1420 0.9472 -0.2876
vn -0.1443 0.9521 -0.2695
vn -0.6723 0.5029 -0.5432
vn -0.5459 0.6900 -0.4753
vn -0.2138 0.9292 -0.3016
vn -0.2308 0.8743 -0.4271
vn 0.9899 0.0007 0.1421
vn 0.7583 0.4901 -0.4298
vn 0.9056 -0.3984 -0.1452
vn 0.7686 0.6226 -0.1471
vn 0.6304 0.7762 0.0137
vn 0.8173 0.3059 0.4883
vn 0.6796 -0.5568 0.4777
vn 0.7574 -0.6496 0.0665
vn 0.6313 -0.4228 0.6501
vn 0.4557 -0.7431 0.4901
vn 0.7901 -0.6106 -0.0541
vn 0.9184 -0.3219 -0.2302
vn 0.7650 0.2479 -0.5944
vn 0.8047 0.2765 -0.5254
vn 0.8276 0.2178 -0.5173
vn 0.8221 0.3855 -0.4189
vn 0.6842 0.6733 -0.2804
vn 0.7039 0.6077 -0.3678
vn 0.7253 0.5479 -0.4168
vn 0.6128 0.7462 -0.2601
vn 0.6809 0.6350 -0.3650
vn -0.1867 0.5102 0.8395
vn -0.7538 0.4514 0.4774
vn -0.3327 0.9333 0.1355
vn -0.7019 0.3157 0.6385
vn -0.8344 0.2491 0.4916
vn -0.2499 0.6950 0.6742
vn -0.2311 0.5191 0.8229
vn -0.8903 0.2754 0.3627
vn -0.8005 0.5841 -0.1342
vn -0.6555 0.7160 -0.2403
vn -0.6514 0.3538 0.6712
vn -0.1772 0.9713 -0.1589
vn -0.3126 0.9453 -0.0936
vn -0.1494 0.6886 0.7096
vn -0.1523 -0.2445 0.9576
vn 0.1321 -0.0110 0.9912
vn -0.1524 -0.3111 0.9381
vn 0.7985 0.4806 0.3626
vn -0.0056 0.9982 0.0600
vn 0.0896 0.9569 -0.2761
vn 0.4061 0.9081 0.1021
vn 0.7141 0.4372 0.5468
vn -0.5088 0.8577 -0.0739
vn -0.7362 0.6637 0.1319
vn -0.0235 0.7070 0.7068
vn -0.7734 0.6007 0.2026
vn -0.2058 0.0033 0.9786
vn 0.5737 0.8191 0.0007
vn 0.8361 0.3682 0.4067
vn 0.6285 -0.2932 0.7204
vn 0.6079 -0.4624 0.6454
vn 0.2783 0.7437 0.6078
vn 0.4491 -0.0484 0.8922
vn -0.4409 0.5654 0.6971
vn 0.3754 -0.0205 0.9266
vn 0.9920 0.0820 0.0959
vn 0.5063 0.5918 -0.6273
vn 0.4012 -0.7068 0.5827
vn 0.7250 -0.0452 0.6873
vn 0.8447 -0.0603 0.5318
vn -0.2619 0.8073 -0.5288
vn -0.3285 0.7725 -0.5434
vn -0.8001 0.0717 0.5956
vn -0.2074 -0.4604 0.8631
vn 0.7929 0.6030 0.0877
vn 0.7766 0.6254 0.0760
vn 0.2270 -0.5862 0.7777
vn -0.5858 0.6428 -0.4936
vn 0.2829 0.9568 -0.0679
vn 0.3271 0.8915 -0.3136
vn -0.7681 0.5998 -0.2242
vn -0.4956 0.4656 -0.7333
vn 0.3386 0.4798 -0.8094
vn -0.0534 -0.7731 -0.6321
vn 0.8523 -0.4036 0.3327
vn 0.8331 -0.5034 0.2293
vn 0.6926 -0.6980 0.1821
vn -0.2764 -0.9261 0.2567
vn -0.1882 -0.9820 -0.0136
vn -0.3763 -0.6822 0.6269
vn 0.9736 0.0837 -0.2126
vn 0.2820 0.0514 0.9580
vn 0.7200 0.6190 0.3136
vn -0.1161 0.9890 -0.0914
vn 0.1855 -0.7456 -0.6401
vn 0.0221 -0.4396 -0.8979
vn 0.1049 -0.5139 -0.8514
vn 0.1379 -0.7449 -0.6528
vn 0.2022 -0.8088 -0.5522
vn 0.2829 -0.8286 -0.4832
vn 0.0626 -0.7239 -0.6871
vn 0.0896 -0.6832 -0.7248
vn 0.0007 -0.8424 -0.5388
vn -0.0771 -0.8740 -0.4798
vn 0.0059 -0.8618 -0.5073
vn -0.0251 -0.8720 -0.4888
vn -0.0925 -0.9077 -0.4094
vn -0.1831 -0.8126 -0.5532
vn -0.2773 -0.8571 -0.4343
vn -0.2619 -0.8291 -0.4939
vn -0.4216 -0.8316 -0.3615
vn -0.4341 -0.8425 -0.3188
vn -0.1190 -0.6558 -0.7455
vn 0.0104 -0.7201 -0.6938
vn 0.0248 -0.6566 -0.7538
vn 0.0315 -0.6810 -0.7316
vn 0.0058 -0.7288 -0.6847
vn 0.0140 -0.7585 -0.6515
vn -0.4079 -0.3963 -0.8226
vn 0.0011 -0.9853 -0.1710
vn 0.4305 -0.9020 -0.0332
vn 0.1872 -0.7123 -0.6764
vn 0.3474 -0.9372 -0.0316
vn 0.3522 -0.6165 -0.7042
vn 0.0532 -0.0624 -0.9966
vn 0.0433 -0.1055 -0.9935
vn 0.8723 0.2754 -0.4041
vn -0.3925 0.8470 -0.3586
vn -0.2078 0.9545 -0.2138
vn 0.8813 -0.1821 -0.4362
vn -0.0072 -0.5383 -0.8427
vn -0.9463 0.2935 0.1358
vn -0.9312 0.2959 -0.2130
vn 0.2636 -0.9341 -0.2407
vn 0.2709 -0.9622 0.0268
vn -0.7992 0.3425 0.4939
vn -0.6237 0.3850 -0.6803
vn -0.9193 0.1484 0.3646
vn -0.6325 0.6160 -0.4696
vn -0.7484 -0.6441 -0.1582
vn 0.7390 -0.3832 -0.5541
vn 0.4907 -0.5483 -0.6772
vn 0.6955 -0.7184 -0.0117
vn 0.5872 -0.8086 -0.0354
vn -0.5096 -0.3950 0.7644
vn -0.2218 -0.2691 0.9372
vn 0.5425 0.6542 0.5270
vn 0.7331 0.5626 0.3823
vn 0.7135 0.5391 0.4475
vn 0.5727 0.6721 0.4694
vn 0.5491 0.6640 0.5076
vn 0.7162 0.5447 0.4364
vn 0.7506 0.5582 0.3535
vn 0.6069 0.6811 0.4097
vn 0.6406 0.7394 0.2069
vn 0.7797 0.5943 0.1971
vn 0.6405 0.7631 -0.0864
vn 0.7877 0.6119 -0.0714
vn 0.5966 0.7141 -0.3663
vn 0.7631 0.5664 -0.3112
vn 0.5499 0.6492 -0.5255
vn 0.7285 0.5270 -0.4377
vn 0.9346 -0.3339 0.1228
vn 0.9467 -0.2977 0.1232
vn 0.7333 0.5148 -0.4441
vn 0.5120 0.6352 -0.5782
vn 0.7555 0.5271 -0.3891
vn 0.4956 0.6618 -0.5626
vn 0.4935 0.7165 -0.4931
vn 0.8079 0.4952 -0.3194
vn 0.8869 -0.3417 0.3109
vn 0.7605 -0.5293 0.3761
vn 0.4876 -0.6892 0.5359
vn 0.4778 -0.6680 0.5705
vn 0.4481 -0.6310 0.6333
vn 0.9036 -0.2822 0.3223
vn 0.4723 -0.6350 0.6113
vn 0.9275 -0.3185 0.1956
vn 0.5179 -0.7111 0.4756
vn 0.5768 -0.7957 0.1851
vn 0.5783 -0.7973 -0.1728
vn 0.9478 -0.3176 0.0278
vn 0.5333 -0.7431 -0.4043
vn 0.9419 -0.3313 -0.0548
vn 0.5211 -0.7066 -0.4788
vn 0.9414 -0.3252 -0.0897
vn 0.5014 -0.7081 -0.4972
vn 0.9321 -0.3375 -0.1317
vn 0.9181 -0.3391 -0.2054
vn 0.5149 -0.7495 -0.4160
vn 0.8986 -0.4307 -0.0832
vn 0.5420 -0.8316 -0.1214
vn 0.5510 -0.7871 0.2772
vn 0.9054 -0.3746 0.2000
vn 0.7733 0.6065 0.1850
vn 0.6375 0.7382 0.2206
vn 0.7907 0.5933 -0.1506
vn 0.9416 -0.2522 0.2233
vn 0.7696 0.5517 -0.3214
vn 0.6522 0.7246 -0.2226
vn 0.6166 0.6777 -0.4007
vn 0.5025 -0.7134 0.4885
vn 0.5270 -0.7038 0.4763
vn 0.9554 -0.2393 0.1731
vn 0.5536 -0.7353 0.3909
vn 0.9556 -0.2523 0.1524
vn 0.6193 -0.7519 0.2262
vn 0.9625 -0.2486 0.1085
vn 0.7906 0.5401 -0.2886
vn 0.8249 0.5280 -0.2022
vn 0.6293 0.6828 -0.3713
vn 0.6533 0.7091 -0.2652
vn 0.8587 0.5077 -0.0694
vn 0.9688 -0.2419 0.0541
vn 0.8696 0.4902 0.0583
vn 0.6968 0.7082 -0.1135
vn 0.7062 0.7057 0.0570
vn 0.6857 -0.7271 0.0340
vn 0.6946 -0.7181 -0.0442
vn 0.9504 -0.3101 0.0245
vn 0.7041 0.6926 0.1568
vn 0.8799 0.4599 0.1200
vn 0.9930 -0.1021 0.0595
vn 0.6374 0.7236 0.2649
vn 0.7776 0.6218 0.0930
vn 0.7617 0.6125 0.2113
vn 0.6651 0.7370 0.1203
vn 0.9858 -0.1263 -0.1108
vn 0.9955 -0.0468 -0.0823
vn 0.6207 -0.7262 -0.2957
vn 0.5891 -0.7770 -0.2218
vn 0.5918 0.6795 0.4336
vn 0.7443 0.5769 0.3364
vn 0.5925 0.6552 0.4686
vn 0.7370 0.5569 0.3830
vn 0.9965 -0.0464 -0.0695
vn 0.9974 -0.0339 -0.0628
vn 0.6201 -0.6436 -0.4486
vn 0.6243 -0.6725 -0.3975
vn 0.6076 0.6716 0.4240
vn 0.7492 0.5586 0.3559
vn 0.6030 0.6872 0.4052
vn 0.7104 0.6077 0.3551
vn 0.9992 -0.0247 -0.0324
vn 0.9931 0.1120 0.0351
vn 0.6462 -0.6374 -0.4197
vn 0.6989 -0.6161 -0.3633
vn 0.4540 -0.7447 -0.4892
vn 0.4886 -0.7576 -0.4327
vn 0.4249 -0.7477 -0.5103
vn 0.4223 -0.7896 -0.4452
vn 0.4265 -0.8505 -0.3077
vn 0.4196 -0.8804 -0.2210
vn 0.4551 0.8001 -0.3907
vn 0.3369 0.7637 -0.5507
vn 0.5004 0.7754 -0.3853
vn 0.3933 0.8178 -0.4200
vn 0.4291 0.8913 -0.1464
vn 0.5132 0.7664 -0.3865
vn 0.4126 0.8243 -0.3876
vn 0.3974 0.7977 0.4536
vn 0.7048 0.6621 -0.2548
vn 0.7174 0.5138 -0.4705
vn 0.2205 0.6452 -0.7315
vn 0.7185 0.4906 0.4929
vn 0.1609 0.3698 0.9151
vn 0.9322 0.3248 -0.1596
vn 0.9311 -0.0440 -0.3622
vn 0.9941 0.1004 -0.0420
vn 0.8927 -0.2204 -0.3931
vn 0.7878 -0.6159 -0.0028
vn 0.2489 -0.7296 -0.6370
vn -0.4225 -0.9050 0.0506
vn -0.6065 -0.7806 0.1514
vn 0.7807 -0.5383 0.3173
vn 0.9604 -0.1334 0.2446
vn 0.7032 0.5404 0.4620
vn 0.7045 0.5736 0.4180
vn 0.8525 -0.5226 -0.0145
vn 0.9681 0.2396 0.0733
vn 0.9307 0.3340 -0.1493
vn -0.6606 -0.7005 -0.2700
vn 0.7789 0.4117 0.4732
vn 0.1875 0.9215 0.3401
vn 0.3950 0.6319 0.6669
vn 0.6102 0.7907 0.0501
vn -0.8416 -0.3100 0.4423
vn -0.9615 -0.0288 0.2734
vn -0.7899 0.5305 0.3076
vn -0.6572 0.3047 0.6893
vn -0.7216 -0.0711 0.6887
vn -0.4902 0.0908 0.8669
vn 0.2996 -0.6626 0.6865
vn -0.8358 -0.5487 0.0192
vn -0.7832 -0.5474 0.2948
vn 0.3930 -0.7967 0.4591
vn -0.1660 -0.6532 -0.7388
vn -0.0925 -0.0181 0.9956
vn -0.6290 -0.7212 -0.2904
vn 0.3497 -0.1266 -0.9283
vn -0.9965 0.0242 -0.0799
vn -0.7739 0.5908 -0.2279
vn -0.9242 0.3729 -0.0828
vn -0.9949 0.0676 -0.0749
vn -0.9159 0.3212 0.2408
vn -0.7256 0.1528 0.6710
vn 0.6416 -0.7368 0.2131
vn 0.5409 -0.8054 0.2425
vn 0.5569 -0.7169 0.4195
vn 0.4537 -0.6417 0.6184
vn 0.4433 -0.8937 0.0697
vn 0.7214 0.6490 -0.2415
vn 0.7748 0.5717 -0.2698
vn 0.7843 0.5901 0.1913
vn 0.6977 0.3993 0.5948
vn -0.0910 0.6155 -0.7829
vn 0.8858 0.4028 -0.2303
vn 0.0374 0.5651 -0.8242
vn 0.8155 0.5366 -0.2168
vn 0.3869 -0.6838 -0.6186
vn 0.4800 -0.7414 0.4690
vn 0.3476 -0.8033 0.4836
vn -0.3653 -0.8721 -0.3254
vn -0.6028 -0.7939 -0.0794
vn -0.4892 0.7904 0.3687
vn -0.0720 -0.4558 0.8872
vn -0.5614 -0.8054 0.1902
vn -0.3862 0.9063 -0.1718
vn 0.0982 -0.6513 0.7524
vn 0.1328 -0.5909 0.7958
vn 0.0935 -0.6555 0.7494
vn 0.1397 -0.5903 0.7950
vn 0.1380 -0.5683 0.8112
vn 0.7850 -0.2291 0.5756
vn 0.4923 -0.3932 0.7766
vn 0.4318 -0.4265 0.7948
vn 0.8248 -0.1862 0.5339
vn 0.8404 -0.2596 0.4758
vn -0.2849 -0.2704 0.9196
vn -0.3204 -0.6333 0.7045
vn -0.3211 -0.4198 0.8489
vn -0.3768 -0.6658 0.6440
vn -0.3834 -0.6502 0.6559
vn -0.7054 -0.0891 0.7032
vn -0.6259 -0.2027 0.7531
vn -0.7178 -0.0692 0.6928
vn -0.5919 -0.2446 0.7680
vn -0.7170 -0.0684 0.6937
vn 0.8894 0.1931 0.4144
vn 0.5217 -0.4779 -0.7067
vn 0.6702 -0.4467 -0.5927
vn 0.9511 0.1955 -0.2390
vn -0.5945 -0.5900 -0.5464
vn -0.4525 -0.7901 -0.4135
vn -0.9968 -0.0636 0.0482
vn -0.9371 0.1861 0.2955
vn 0.1878 0.2665 0.9454
vn 0.0995 -0.5177 0.8497
vn -0.7805 0.3157 0.5396
vn -0.6246 0.3796 0.6825
vn 0.7731 -0.3814 -0.5068
vn -0.7877 -0.5003 -0.3595
vn -0.9353 0.1802 0.3045
vn -0.5499 -0.5978 0.5834
vn 0.5071 0.6541 0.5612
vn 0.8833 0.3436 0.3190
vn -0.6261 0.5545 0.5482
vn -0.2017 -0.6873 -0.6978
vn -0.9169 0.2606 -0.3022
vn -0.6022 -0.7855 0.1423
vn -0.5363 -0.8425 0.0514
vn -0.8953 0.1437 0.4218
vn -0.4121 -0.8842 0.2196
vn -0.2949 -0.9047 0.3075
vn -0.2255 -0.9555 0.1901
vn -0.5261 -0.8279 -0.1944
vn -0.7471 0.4557 -0.4839
vn -0.5058 -0.8611 -0.0523
vn -0.6472 -0.6558 0.3885
vn -0.8438 -0.4996 0.1960
vn -0.5619 -0.1296 0.8170
vn -0.0800 -0.1051 0.9912
vn -0.2699 0.4888 0.8296
vn -0.7084 0.6032 -0.3664
vn -0.6807 0.5705 -0.4595
vn -0.1550 -0.8341 -0.5294
vn -0.0880 -0.8836 -0.4598
vn 0.0115 -0.7296 -0.6838
vn 0.0096 -0.7281 -0.6854
vn -0.4533 -0.8737 -0.1769
vn -0.3411 -0.8564 -0.3875
vn -0.0769 -0.7010 -0.7090
vn -0.0588 -0.7991 -0.5984
vn 0.9428 0.0550 -0.3287
vn 0.8186 -0.5620 0.1184
vn 0.7561 0.0857 -0.6489
vn 0.7983 -0.5973 0.0772
vn 0.6552 -0.7551 -0.0243
vn 0.7075 -0.3327 -0.6235
vn 0.4961 0.5132 -0.7003
vn 0.2707 0.1106 0.9563
vn 0.4039 0.3302 -0.8531
vn 0.2707 0.6696 -0.6916
vn 0.1847 -0.1923 0.9638
vn 0.7917 0.0318 0.6101
vn 0.9206 -0.3826 0.0782
vn 0.7699 -0.3439 -0.5375
vn 0.9601 -0.2543 -0.1164
vn 0.9055 -0.2928 -0.3072
vn 0.6953 -0.3601 -0.6220
vn 0.7829 -0.4140 -0.4644
vn 0.8180 -0.4178 -0.3954
vn 0.6776 -0.4161 -0.6064
vn 0.6784 -0.4192 -0.6034
vn 0.7433 -0.4422 -0.5020
vn -0.4054 -0.6173 -0.6742
vn -0.8528 -0.4910 -0.1782
vn -0.2755 -0.9488 0.1546
vn -0.8712 -0.3666 -0.3264
vn -0.9520 -0.2583 -0.1640
vn -0.4238 -0.7766 -0.4661
vn -0.4493 -0.5955 -0.6660
vn -0.9625 -0.2686 -0.0375
vn -0.6704 -0.5899 0.4501
vn -0.3667 -0.7722 0.5188
vn -0.5126 -0.6396 0.5729
vn -0.5528 -0.5993 -0.5790
vn -0.1457 -0.9477 0.2839
vn -0.1438 -0.8117 -0.5660
vn -0.3420 0.0975 -0.9346
vn -0.0659 -0.1479 -0.9868
vn -0.2983 0.1897 -0.9354
vn 0.6420 -0.5664 -0.5167
vn 0.0647 -0.9940 0.0884
vn 0.1968 -0.9129 0.3576
vn 0.3891 -0.9160 -0.0980
vn 0.5398 -0.5142 -0.6665
vn -0.4369 -0.8381 0.3267
vn -0.7202 -0.6721 0.1722
vn -0.2010 -0.7942 -0.5734
vn -0.7782 -0.6188 0.1077
vn -0.4773 -0.1319 -0.8688
vn 0.5769 -0.8145 -0.0612
vn 0.6965 -0.4226 -0.5800
vn 0.3855 0.1924 -0.9024
vn 0.3813 0.3704 -0.8470
vn 0.1176 -0.8189 -0.5618
vn 0.1727 -0.0721 -0.9823
vn -0.6027 -0.6507 -0.4619
vn 0.0933 -0.1040 -0.9902
vn 0.9252 -0.0984 -0.3666
vn 0.6845 -0.5058 0.5250
vn 0.1933 0.6216 -0.7591
vn 0.4958 -0.0494 -0.8671
vn 0.6544 -0.0144 -0.7560
vn -0.0719 -0.7290 0.6807
vn -0.1327 -0.6923 0.7093
vn -0.9342 -0.1463 -0.3252
vn -0.4614 0.3431 -0.8181
vn 0.7014 -0.6602 -0.2686
vn 0.7005 -0.6691 -0.2483
vn -0.0422 0.4805 -0.8760
vn -0.3977 -0.5692 0.7196
vn 0.3228 -0.9406 0.1054
vn 0.4332 -0.8436 0.3173
vn -0.6509 -0.5614 0.5111
vn -0.2486 -0.3622 0.8983
vn 0.5724 -0.3700 0.7318
vn 0.1037 0.8501 0.5162
vn 0.7071 0.3522 -0.6132
vn 0.7149 0.4649 -0.5223
vn 0.5873 0.6646 -0.4619
vn -0.3696 0.8852 -0.2824
vn -0.2096 0.9760 -0.0586
vn -0.5630 0.5950 -0.5736
vn 0.9959 -0.0591 -0.0684
vn 0.1935 -0.2338 -0.9529
vn 0.7654 -0.5401 -0.3499
vn 0.1537 -0.9708 0.1840
vn 0.3358 0.8229 0.4584
vn 0.2635 0.5545 0.7894
vn 0.3269 0.6216 0.7119
vn 0.2938 0.8240 0.4844
vn 0.3245 0.8738 0.3623
vn 0.3814 0.8838 0.2708
vn 0.2322 0.8082 0.5413
vn 0.2702 0.7727 0.5744
vn 0.0098 0.9261 0.3772
vn -0.1639 0.9820 0.0940
vn -0.2833 0.9386 0.1966
vn -0.1323 0.9014 0.4122
vn -0.0021 0.9543 0.2989
vn -0.0444 0.8795 0.4737
vn -0.1701 0.9082 0.3823
vn -0.1374 0.8884 0.4381
vn -0.3283 0.8740 0.3582
vn -0.3529 0.8793 0.3199
vn 0.0774 0.7492 0.6578
vn 0.1843 0.8055 0.5632
vn 0.2174 0.7505 0.6241
vn 0.2166 0.7717 0.5979
vn 0.1770 0.8130 0.5548
vn 0.1743 0.8380 0.5171
vn -0.5306 0.5485 0.6462
vn -0.2228 0.9690 0.1072
vn 0.2665 0.9476 -0.1764
vn 0.0453 0.8460 0.5312
vn 0.0804 0.9877 -0.1344
vn 0.4160 0.7505 0.5135
vn 0.2066 0.2428 0.9478
vn 0.0889 0.3100 0.9466
vn 0.9659 -0.2155 0.1433
vn -0.2273 -0.7890 0.5708
vn -0.1241 -0.9134 0.3877
vn 0.9599 0.2395 0.1458
vn 0.2178 0.6477 0.7301
vn -0.9435 -0.2592 0.2066
vn -0.8246 -0.2356 0.5143
vn 0.2912 0.9557 0.0422
vn 0.2205 0.9498 -0.2217
vn -0.8951 -0.4013 -0.1943
vn -0.3893 -0.2887 0.8747
vn -0.9796 -0.1913 -0.0618
vn -0.4501 -0.5456 0.7069
vn -0.6931 0.6627 0.2835
vn 0.8533 0.4499 0.2636
vn 0.6452 0.6309 0.4308
vn 0.6449 0.7105 -0.2815
vn 0.5450 0.8036 -0.2393
vn -0.7203 0.2926 -0.6289
vn -0.4900 0.1437 -0.8598
vn 0.1580 -0.5060 0.8479
vn 0.9278 -0.3728 0.0146
vn 0.2911 -0.4511 0.8436
vn 0.8612 -0.5068 0.0392
vn 0.5244 0.7580 0.3878
vn 0.3001 0.6706 -0.6784
vn 0.1670 0.7307 -0.6620
vn -0.2862 0.9092 0.3025
vn -0.5814 0.8001 0.1476
vn -0.3088 -0.9453 -0.1052
vn -0.2646 0.3316 -0.9055
vn 0.2113 0.9671 0.1420
vn -0.0669 0.9623 0.2635
vn 0.2273 0.9656 0.1263
vn -0.0963 0.9408 0.3249
vn -0.1190 0.9696 0.2137
vn 0.4700 0.8825 -0.0193
vn 0.2309 0.9722 0.0385
vn 0.1778 0.9822 0.0610
vn 0.4885 0.8709 -0.0534
vn 0.5384 0.8427 0.0021
vn -0.6795 0.7086 -0.1903
vn -0.6630 0.7044 0.2536
vn -0.7112 0.7016 -0.0444
vn -0.7484 0.6314 0.2031
vn -0.7571 0.6255 0.1887
vn -0.8875 0.4433 -0.1260
vn -0.8281 0.5588 -0.0445
vn -0.8953 0.4234 -0.1383
vn -0.8012 0.5983 -0.0154
vn -0.8942 0.4249 -0.1410
vn -0.7573 -0.6477 -0.0832
vn -0.3418 -0.9396 -0.0165
vn 0.7573 -0.6477 -0.0832
vn 0.3418 -0.9396 -0.0165
vn 1.0000 -0.0000 0.0001
vn 1.0000 -0.0001 0.0002
vn 1.0000 -0.0009 0.0008
vn 1.0000 -0.0008 0.0006
vn 1.0000 -0.0008 0.0007
vn 1.0000 -0.0005 0.0001
vn 1.0000 -0.0006 0.0003
vn 1.0000 -0.0005 -0.0000
vn 1.0000 -0.0014 0.0010
vn 1.0000 -0.0015 0.0009
vn 1.0000 -0.0014 0.0011
vn -0.9830 0.0171 0.1830
vn -0.9090 0.0035 0.4167
vn -0.9430 -0.1926 0.2714
vn -0.8599 -0.4038 0.3124
vn -0.8568 -0.4512 0.2495
vn -0.9005 -0.3289 0.2845
vn -0.9135 -0.3080 0.2659
vn -0.9480 -0.2915 0.1276
vn -0.9521 -0.2804 0.1218
vn -0.9650 -0.2586 0.0431
vn -0.9667 -0.2520 0.0447
vn -0.9718 -0.2336 -0.0319
vn -0.9700 -0.2433 -0.0009
vn -0.9664 -0.2565 -0.0181
vn -0.9602 -0.2725 0.0611
vn -0.9568 -0.2836 0.0650
vn -0.9145 -0.3834 0.1294
vn -0.9183 -0.3640 0.1559
vn -0.9254 -0.3415 0.1640
vn -0.8978 -0.4292 0.0993
vn -0.8370 -0.5292 0.1389
vn -0.8174 -0.5647 0.1137
vn -0.7466 -0.6169 0.2491
vn -0.7379 -0.6300 0.2420
vn -0.9325 -0.3407 0.1199
vn -0.6680 -0.6422 0.3760
vn -0.6617 -0.6557 0.3637
vn -0.5986 -0.6442 0.4760
vn -0.6057 -0.6460 0.4645
vn -0.6963 -0.5238 0.4907
vn -0.7371 -0.5352 0.4127
vn -0.6832 -0.5027 0.5296
vn -0.9738 -0.2224 -0.0467
vn -0.9813 -0.1911 0.0246
vn -0.9823 -0.1868 0.0140
vn -0.9137 -0.4022 -0.0581
vn -0.8600 -0.4299 -0.2750
vn -0.9413 -0.3082 0.1379
vn -0.9190 -0.3080 0.2460
vn -0.8980 -0.3591 0.2543
vn -0.8993 -0.3656 0.2401
vn -0.9040 -0.3955 0.1622
vn -0.9051 -0.4000 0.1443
vn -0.9047 -0.4026 0.1393
vn -0.8816 -0.4095 0.2346
vn -0.9847 -0.1261 -0.1202
vn -0.9623 -0.0871 -0.2576
vn -0.9527 -0.0859 -0.2914
vn -0.9871 -0.1135 0.1131
vn -0.9663 -0.0054 0.2574
vn -0.9182 -0.3877 0.0810
vn -0.9515 -0.3016 0.0600
vn -0.8825 -0.4650 0.0698
vn -0.8660 -0.4919 0.0903
vn -0.8567 -0.4859 0.1728
vn -0.8439 -0.5126 0.1580
vn -0.8763 -0.4266 0.2240
vn -0.8901 -0.3781 0.2546
vn -0.8744 -0.4046 0.2678
vn -0.8707 -0.4139 0.2655
vn -0.9372 -0.2953 0.1855
vn -0.9558 -0.2811 0.0859
vn -0.9407 -0.2730 0.2016
vn 0.9813 -0.1911 0.0246
vn 0.9738 -0.2224 -0.0467
vn 0.9823 -0.1868 0.0141
vn 0.9137 -0.4022 -0.0581
vn 0.8600 -0.4299 -0.2750
vn 0.9413 -0.3082 0.1379
vn 0.9190 -0.3080 0.2460
vn 0.8980 -0.3591 0.2544
vn 0.8993 -0.3656 0.2401
vn 0.9040 -0.3955 0.1622
vn 0.9051 -0.4000 0.1443
vn 0.9047 -0.4026 0.1393
vn 0.8816 -0.4095 0.2346
vn 0.9847 -0.1261 -0.1201
vn 0.9623 -0.0870 -0.2575
vn 0.9527 -0.0859 -0.2914
vn 0.9871 -0.1135 0.1131
vn 0.9663 -0.0054 0.2574
vn 0.9182 -0.3877 0.0810
vn 0.9515 -0.3016 0.0600
vn 0.8826 -0.4650 0.0698
vn 0.8660 -0.4919 0.0903
vn 0.8567 -0.4859 0.1728
vn 0.8439 -0.5126 0.1580
vn 0.8763 -0.4266 0.2240
vn 0.8901 -0.3781 0.2546
vn 0.8744 -0.4046 0.2679
vn 0.8707 -0.4140 0.2655
vn 0.9372 -0.2953 0.1855
vn 0.9558 -0.2811 0.0859
vn 0.9407 -0.2730 0.2016
vn 0.6195 -0.5446 0.5654
vn 0.5532 -0.6648 0.5021
vn 0.6045 -0.4849 0.6320
vn 0.5338 -0.6814 0.5007
vn 0.5512 -0.3901 0.7375
vn 0.5707 -0.3774 0.7293
vn 0.7155 -0.2882 0.6364
vn 0.7426 -0.2887 0.6043
vn 0.7496 -0.3068 0.5865
vn -0.6195 -0.5446 0.5654
vn -0.5532 -0.6648 0.5021
vn -0.5338 -0.6814 0.5007
vn -0.6045 -0.4849 0.6320
vn -0.5512 -0.3900 0.7376
vn -0.5706 -0.3775 0.7293
vn -0.7155 -0.2882 0.6364
vn -0.7426 -0.2887 0.6043
vn -0.7496 -0.3068 0.5865
vn -0.7782 -0.4296 0.4581
vn -0.8272 -0.1101 0.5509
vn -0.7362 -0.4779 0.4793
vn -0.7824 -0.0235 0.6223
vn -0.6228 0.4361 0.6496
vn -0.6437 0.4350 0.6296
vn -0.6457 0.2886 0.7070
vn -0.6995 0.1380 0.7012
vn -0.7224 -0.3250 0.6104
vn -0.7161 -0.4145 0.5616
vn -0.6980 -0.5867 0.4107
vn -0.7042 -0.5704 0.4228
vn -0.7354 -0.5554 0.3882
vn -0.7385 -0.5574 0.3792
vn -0.7725 -0.4678 0.4295
vn -0.7831 -0.4636 0.4145
vn -0.7594 -0.2169 0.6135
vn -0.7510 -0.2189 0.6230
vn -0.6958 0.1855 0.6938
vn -0.6736 0.1990 0.7118
vn -0.6403 0.4467 0.6249
vn -0.6205 0.4490 0.6429
vn -0.6619 0.4419 0.6055
vn 0.8272 -0.1101 0.5509
vn 0.7782 -0.4296 0.4581
vn 0.7362 -0.4779 0.4793
vn 0.7824 -0.0235 0.6223
vn 0.6228 0.4361 0.6496
vn 0.6437 0.4350 0.6296
vn 0.6457 0.2886 0.7070
vn 0.6995 0.1380 0.7012
vn 0.7224 -0.3250 0.6104
vn 0.7161 -0.4145 0.5616
vn 0.6979 -0.5867 0.4107
vn 0.7042 -0.5704 0.4228
vn 0.7354 -0.5554 0.3882
vn 0.7386 -0.5574 0.3792
vn 0.7725 -0.4678 0.4295
vn 0.7831 -0.4636 0.4145
vn 0.7594 -0.2169 0.6135
vn 0.7509 -0.2189 0.6231
vn 0.6958 0.1855 0.6938
vn 0.6736 0.1990 0.7118
vn 0.6403 0.4467 0.6249
vn 0.6205 0.4490 0.6429
vn 0.6619 0.4419 0.6055
vn 0.9147 -0.3827 0.1297
vn 0.9186 -0.3631 0.1562
vn 0.8980 -0.4285 0.0996
vn 0.9257 -0.3407 0.1643
vn 0.8374 -0.5286 0.1391
vn 0.8178 -0.5641 0.1140
vn 0.7472 -0.6162 0.2491
vn 0.7386 -0.6292 0.2422
vn 0.9328 -0.3399 0.1201
vn 0.6689 -0.6413 0.3759
vn 0.6627 -0.6547 0.3636
vn 0.6005 -0.6432 0.4750
vn 0.6077 -0.6449 0.4634
vn 0.6980 -0.5223 0.4899
vn 0.7392 -0.5336 0.4110
vn 0.6847 -0.5011 0.5292
vn 0.9830 0.0170 0.1829
vn 0.9431 -0.1927 0.2711
vn 0.9091 0.0033 0.4166
vn 0.8596 -0.4045 0.3123
vn 0.8565 -0.4519 0.2493
vn 0.9003 -0.3293 0.2847
vn 0.9132 -0.3084 0.2663
vn 0.9479 -0.2918 0.1281
vn 0.9520 -0.2807 0.1222
vn 0.9649 -0.2588 0.0437
vn 0.9666 -0.2523 0.0451
vn 0.9718 -0.2338 -0.0314
vn 0.9699 -0.2434 -0.0005
vn 0.9662 -0.2573 -0.0171
vn 0.9599 -0.2733 0.0619
vn 0.9564 -0.2844 0.0656
vt 0.772105 0.476369
vt 0.815206 0.485850
vt 0.815206 0.476369
vt 0.815206 0.462572
vt 0.772105 0.462572
vt 0.772105 0.446748
vt 0.815206 0.446748
vt 0.815206 0.419158
vt 0.772105 0.419158
vt 0.772105 0.398667
vt 0.815206 0.398667
vt 0.772105 0.378177
vt 0.815206 0.378177
vt 0.815206 0.296781
vt 0.772105 0.296781
vt 0.772105 0.203857
vt 0.815206 0.203857
vt 0.772105 0.157462
vt 0.815206 0.157462
vt 0.772105 0.111067
vt 0.815206 0.111067
vt 0.815206 0.013194
vt 0.772105 0.013194
vt 0.725946 0.159267
vt 0.758805 0.115581
vt 0.725946 0.115581
vt 0.758805 0.159267
vt 0.693087 0.115581
vt 0.693087 0.159267
vt 0.643157 0.159267
vt 0.643157 0.115581
vt 0.593338 0.115581
vt 0.593338 0.159267
vt 0.536217 0.136434
vt 0.536217 0.115581
vt 0.536217 0.159267
vt 0.032056 0.030524
vt 0.003483 0.030524
vt 0.032056 0.059904
vt 0.032056 0.004353
vt 0.060629 0.030524
vt 0.201032 0.026603
vt 0.207409 0.010860
vt 0.207450 0.020066
vt 0.185436 0.020160
vt 0.191913 0.026642
vt 0.191813 0.004418
vt 0.185394 0.010955
vt 0.200932 0.004378
vt 0.173041 0.079787
vt 0.158332 0.044104
vt 0.173041 0.058968
vt 0.137096 0.044104
vt 0.158332 0.094689
vt 0.122320 0.058968
vt 0.137096 0.094689
vt 0.122320 0.079787
vt 0.875638 0.484424
vt 0.851562 0.502886
vt 0.827396 0.484424
vt 0.827396 0.462956
vt 0.875638 0.462956
vt 0.827396 0.433652
vt 0.875637 0.433652
vt 0.827396 0.397207
vt 0.875637 0.397206
vt 0.827396 0.356055
vt 0.875637 0.356055
vt 0.827395 0.306792
vt 0.875637 0.306792
vt 0.827395 0.247509
vt 0.875637 0.247509
vt 0.827395 0.186584
vt 0.875637 0.186584
vt 0.875637 0.134025
vt 0.827395 0.134026
vt 0.827395 0.078660
vt 0.875636 0.078660
vt 0.847957 0.011943
vt 0.827394 0.011943
vt 0.863009 0.011943
vt 0.875636 0.011943
vt 0.162109 0.099609
vt 0.161133 0.111328
vt 0.160156 0.118164
vt 0.194336 0.087891
vt 0.193359 0.094727
vt 0.196289 0.075195
vt 0.243164 0.073242
vt 0.241211 0.079102
vt 0.250000 0.054688
vt 0.306641 0.064453
vt 0.301758 0.071289
vt 0.322266 0.047852
vt 0.355469 0.065430
vt 0.348633 0.072266
vt 0.354492 0.061523
vt 0.402344 0.085938
vt 0.397461 0.090820
vt 0.401367 0.083984
vt 0.376953 0.074219
vt 0.372070 0.080078
vt 0.375000 0.072266
vt 0.194881 0.310324
vt 0.210820 0.299077
vt 0.194881 0.299077
vt 0.210820 0.310324
vt 0.167155 0.310324
vt 0.167155 0.299077
vt 0.147347 0.310323
vt 0.147347 0.299077
vt 0.136023 0.310323
vt 0.136023 0.299077
vt 0.232240 0.299077
vt 0.232239 0.310324
vt 0.240797 0.299077
vt 0.240797 0.310324
vt 0.252069 0.299077
vt 0.252069 0.310324
vt 0.277156 0.299077
vt 0.277145 0.310324
vt 0.693359 0.300781
vt 0.686523 0.274414
vt 0.686523 0.300781
vt 0.693359 0.274414
vt 0.693359 0.329102
vt 0.686523 0.329102
vt 0.693359 0.360352
vt 0.686523 0.360352
vt 0.693359 0.372070
vt 0.686523 0.372070
vt 0.312398 0.557570
vt 0.321672 0.546589
vt 0.328073 0.570987
vt 0.344528 0.576071
vt 0.332276 0.539868
vt 0.357068 0.526888
vt 0.347231 0.516313
vt 0.327204 0.528027
vt 0.329502 0.510891
vt 0.380416 0.574183
vt 0.352776 0.590108
vt 0.376699 0.586290
vt 0.366298 0.599466
vt 0.386225 0.543824
vt 0.399240 0.571382
vt 0.400699 0.548974
vt 0.414628 0.560674
vt 0.389232 0.529671
vt 0.370662 0.515311
vt 0.386354 0.512763
vt 0.608547 0.461920
vt 0.572419 0.455130
vt 0.572675 0.473931
vt 0.598298 0.446252
vt 0.595735 0.504483
vt 0.616234 0.505789
vt 0.625714 0.476804
vt 0.631607 0.497955
vt 0.574981 0.510228
vt 0.561913 0.482810
vt 0.585486 0.440508
vt 0.558454 0.503438
vt 0.043842 0.897566
vt 0.024524 0.953937
vt 0.004686 0.910006
vt 0.052979 0.925236
vt 0.071757 0.888632
vt 0.059730 0.877528
vt 0.081039 0.863083
vt 0.073956 0.855804
vt 0.084584 0.825632
vt 0.034305 0.869299
vt 0.005074 0.865506
vt 0.027577 0.863096
vt 0.047946 0.866669
vt 0.066860 0.848537
vt 0.030224 0.851831
vt 0.006948 0.835526
vt 0.029027 0.840304
vt 0.026994 0.831739
vt 0.044012 0.837303
vt 0.041914 0.824009
vt 0.054178 0.826290
vt 0.066692 0.790462
vt 0.062946 0.827930
vt 0.050945 0.850233
vt 0.041705 0.847480
vt 0.015113 0.821676
vt 0.003961 0.809631
vt 0.020095 0.806967
vt 0.015246 0.796275
vt 0.003779 0.783328
vt 0.034787 0.795170
vt 0.028130 0.788368
vt 0.025245 0.785423
vt 0.042768 0.769735
vt 0.013594 0.790386
vt 0.008337 0.782404
vt 0.012697 0.769728
vt 0.007062 0.756822
vt 0.013650 0.755789
vt 0.014218 0.747551
vt 0.009251 0.739407
vt 0.028059 0.748362
vt 0.026062 0.744897
vt 0.037789 0.733350
vt 0.031302 0.754017
vt 0.063002 0.065930
vt 0.059792 0.047407
vt 0.075191 0.059129
vt 0.078397 0.075398
vt 0.093966 0.065418
vt 0.098740 0.076033
vt 0.104373 0.069465
vt 0.111167 0.074876
vt 0.104439 0.095009
vt 0.114827 0.091596
vt 0.111924 0.105165
vt 0.094845 0.055696
vt 0.109777 0.061768
vt 0.106576 0.047534
vt 0.099790 0.045062
vt 0.082726 0.088952
vt 0.071633 0.081289
vt 0.068130 0.091459
vt 0.086380 0.103411
vt 0.097658 0.094797
vt 0.102648 0.111655
vt 0.061688 0.081310
vt 0.081727 0.051881
vt 0.074494 0.051671
vt 0.037076 0.096085
vt 0.047350 0.085286
vt 0.056872 0.097204
vt 0.030205 0.089982
vt 0.063303 0.124723
vt 0.026576 0.116944
vt 0.037821 0.139228
vt 0.016022 0.132287
vt 0.040570 0.155101
vt 0.061490 0.138366
vt 0.015728 0.102117
vt 0.026513 0.077200
vt 0.073466 0.102570
vt 0.080794 0.122295
vt 0.078663 0.136589
vt 0.007422 0.115170
vt 0.015870 0.162280
vt 0.128951 0.897028
vt 0.129580 0.874523
vt 0.134473 0.887208
vt 0.099651 0.878781
vt 0.153172 0.877972
vt 0.153877 0.877700
vt 0.080413 0.891868
vt 0.092417 0.913547
vt 0.131693 0.930375
vt 0.156790 0.919886
vt 0.140286 0.899132
vt 0.160612 0.888864
vt 0.181329 0.892207
vt 0.166078 0.877851
vt 0.199310 0.867463
vt 0.236628 0.878165
vt 0.157612 0.870593
vt 0.111373 0.945903
vt 0.063419 0.927565
vt 0.075957 0.940134
vt 0.083990 0.948368
vt 0.075962 0.945393
vt 0.487251 0.776233
vt 0.512038 0.821733
vt 0.465571 0.799842
vt 0.497506 0.784563
vt 0.452223 0.829218
vt 0.503388 0.834231
vt 0.460344 0.849832
vt 0.483312 0.873328
vt 0.511295 0.853670
vt 0.508522 0.886463
vt 0.483099 0.880164
vt 0.468898 0.918192
vt 0.496563 0.919470
vt 0.509492 0.951833
vt 0.474020 0.882302
vt 0.463231 0.875040
vt 0.543000 0.717397
vt 0.529153 0.738841
vt 0.520016 0.727040
vt 0.497655 0.730834
vt 0.505832 0.753682
vt 0.497655 0.771250
vt 0.515768 0.718506
vt 0.526273 0.674608
vt 0.529979 0.701526
vt 0.554556 0.684361
vt 0.546363 0.672463
vt 0.570358 0.665394
vt 0.497656 0.672495
vt 0.519567 0.666327
vt 0.530369 0.647496
vt 0.497656 0.628143
vt 0.560602 0.624284
vt 0.547404 0.607800
vt 0.527175 0.607717
vt 0.521382 0.594476
vt 0.497656 0.567535
vt 0.538760 0.574615
vt 0.569907 0.552492
vt 0.552277 0.534617
vt 0.589517 0.516411
vt 0.525965 0.534760
vt 0.516188 0.517275
vt 0.497656 0.486953
vt 0.532504 0.486009
vt 0.580408 0.594848
vt 0.561514 0.448184
vt 0.546957 0.432278
vt 0.575781 0.410442
vt 0.526508 0.436957
vt 0.497656 0.437033
vt 0.518229 0.426341
vt 0.497657 0.388275
vt 0.529673 0.389689
vt 0.546340 0.362758
vt 0.528175 0.351414
vt 0.555617 0.336689
vt 0.515364 0.348551
vt 0.497657 0.362552
vt 0.497657 0.337955
vt 0.445860 0.717407
vt 0.459706 0.738852
vt 0.468843 0.727050
vt 0.493427 0.730845
vt 0.483028 0.753693
vt 0.493427 0.771260
vt 0.473092 0.718517
vt 0.462587 0.674619
vt 0.458881 0.701536
vt 0.434304 0.684371
vt 0.442497 0.672473
vt 0.418502 0.665404
vt 0.493427 0.672506
vt 0.469293 0.666337
vt 0.458491 0.647506
vt 0.493427 0.628154
vt 0.428258 0.624295
vt 0.441457 0.607811
vt 0.461686 0.607728
vt 0.467479 0.594487
vt 0.493427 0.567545
vt 0.450100 0.574625
vt 0.418954 0.552502
vt 0.436584 0.534627
vt 0.399344 0.516421
vt 0.462896 0.534771
vt 0.472673 0.517285
vt 0.493427 0.486963
vt 0.455313 0.487411
vt 0.408453 0.594858
vt 0.427347 0.448194
vt 0.441905 0.432289
vt 0.413081 0.410452
vt 0.462354 0.436967
vt 0.493428 0.437044
vt 0.470633 0.426351
vt 0.493428 0.388286
vt 0.459190 0.389699
vt 0.442523 0.362768
vt 0.460687 0.351424
vt 0.433245 0.336699
vt 0.473499 0.348562
vt 0.493428 0.337965
vt 0.273746 0.315822
vt 0.273684 0.333661
vt 0.280792 0.333661
vt 0.264978 0.315822
vt 0.265013 0.333661
vt 0.251626 0.333661
vt 0.252040 0.315822
vt 0.230822 0.333661
vt 0.230929 0.315822
vt 0.205780 0.315822
vt 0.205142 0.333661
vt 0.175591 0.315822
vt 0.175752 0.333661
vt 0.150301 0.315823
vt 0.150405 0.333661
vt 0.124933 0.333661
vt 0.511212 0.117309
vt 0.493373 0.107528
vt 0.493373 0.117306
vt 0.493373 0.130456
vt 0.511212 0.130461
vt 0.511213 0.150280
vt 0.493374 0.149559
vt 0.511213 0.166773
vt 0.493374 0.165903
vt 0.511213 0.183266
vt 0.493374 0.182247
vt 0.511213 0.204719
vt 0.493374 0.203523
vt 0.493374 0.224799
vt 0.511213 0.226173
vt 0.511213 0.266356
vt 0.271473 0.315822
vt 0.271406 0.333661
vt 0.281541 0.333661
vt 0.257336 0.315822
vt 0.257366 0.333661
vt 0.234218 0.333661
vt 0.234507 0.315822
vt 0.201501 0.333661
vt 0.201724 0.315822
vt 0.171536 0.315822
vt 0.171955 0.333661
vt 0.143409 0.315822
vt 0.143861 0.333661
vt 0.112826 0.333661
vt 0.112451 0.315823
vt 0.074215 0.333662
vt 0.271228 0.333661
vt 0.281388 0.333661
vt 0.271233 0.315822
vt 0.257220 0.315822
vt 0.257211 0.333661
vt 0.234213 0.332465
vt 0.234305 0.315822
vt 0.202088 0.333661
vt 0.202469 0.315822
vt 0.170000 0.333661
vt 0.170799 0.315822
vt 0.134674 0.333661
vt 0.228945 0.333661
vt 0.511212 0.116853
vt 0.493373 0.131018
vt 0.511212 0.130626
vt 0.493373 0.117027
vt 0.493374 0.155411
vt 0.511213 0.154008
vt 0.493374 0.185522
vt 0.511213 0.184499
vt 0.511212 0.106867
vt 0.511213 0.217212
vt 0.493374 0.217513
vt 0.511213 0.252709
vt 0.493374 0.253600
vt 0.511213 0.286713
vt 0.493374 0.286990
vt 0.511214 0.321404
vt 0.493373 0.122119
vt 0.511213 0.144804
vt 0.511212 0.122092
vt 0.493374 0.144673
vt 0.511212 0.108079
vt 0.511213 0.176581
vt 0.493374 0.176120
vt 0.493374 0.202687
vt 0.511213 0.203409
vt 0.511213 0.240177
vt 0.493373 0.117560
vt 0.511212 0.117627
vt 0.511212 0.107492
vt 0.493373 0.131697
vt 0.511212 0.131667
vt 0.511213 0.154815
vt 0.493374 0.154526
vt 0.511213 0.187533
vt 0.493374 0.187309
vt 0.493374 0.217498
vt 0.511213 0.217079
vt 0.493374 0.245624
vt 0.511213 0.245173
vt 0.511213 0.276207
vt 0.493374 0.276583
vt 0.502294 0.295700
vt 0.511213 0.295513
vt 0.511214 0.314818
vt 0.493373 0.110659
vt 0.511212 0.116300
vt 0.493373 0.107394
vt 0.493373 0.129405
vt 0.511212 0.128667
vt 0.493374 0.146641
vt 0.511213 0.145472
vt 0.493374 0.168458
vt 0.054711 0.316090
vt 0.056428 0.333930
vt 0.064756 0.316090
vt 0.042311 0.316091
vt 0.040055 0.333929
vt 0.029997 0.316091
vt 0.028326 0.333930
vt 0.019692 0.316091
vt 0.019198 0.333930
vt 0.004620 0.333930
vt 0.053401 0.316091
vt 0.054662 0.333930
vt 0.063959 0.333929
vt 0.041527 0.316091
vt 0.041411 0.333930
vt 0.031627 0.316091
vt 0.031804 0.333930
vt 0.026112 0.316091
vt 0.026891 0.333930
vt 0.024418 0.333930
vt 0.004620 0.333930
vt 0.511212 0.105221
vt 0.493373 0.120356
vt 0.511212 0.120367
vt 0.493374 0.146736
vt 0.511213 0.146123
vt 0.493374 0.177425
vt 0.511213 0.176824
vt 0.511213 0.220137
vt 0.493374 0.220469
vt 0.511213 0.257735
vt 0.493374 0.258446
vt 0.511213 0.289847
vt 0.493374 0.290870
vt 0.511214 0.334359
vt 0.512967 0.176805
vt 0.513282 0.160275
vt 0.724836 0.086926
vt 0.758325 0.108508
vt 0.742892 0.088773
vt 0.721575 0.107467
vt 0.719868 0.069896
vt 0.688113 0.086654
vt 0.672499 0.065524
vt 0.659181 0.097293
vt 0.636250 0.105725
vt 0.644981 0.083160
vt 0.627712 0.096516
vt 0.709821 0.107057
vt 0.928676 0.023072
vt 0.919819 0.010554
vt 0.930244 0.010155
vt 0.919035 0.023109
vt 0.931114 0.042475
vt 0.918641 0.033519
vt 0.886922 0.011491
vt 0.886922 0.023434
vt 0.886922 0.070585
vt 0.914282 0.113202
vt 0.886922 0.108563
vt 0.919697 0.077819
vt 0.911879 0.132145
vt 0.886922 0.126480
vt 0.886922 0.146340
vt 0.912133 0.144856
vt 0.901155 0.160452
vt 0.886922 0.169727
vt 0.928505 0.023072
vt 0.919648 0.010554
vt 0.918864 0.023109
vt 0.930073 0.010155
vt 0.930944 0.042475
vt 0.918471 0.033519
vt 0.914111 0.113202
vt 0.919526 0.077819
vt 0.911708 0.132145
vt 0.911963 0.144856
vt 0.900985 0.160452
vt 0.130085 0.835695
vt 0.097385 0.843895
vt 0.097285 0.825195
vt 0.130185 0.845295
vt 0.160485 0.846695
vt 0.130285 0.855295
vt 0.097585 0.865495
vt 0.056646 0.741559
vt 0.059060 0.763050
vt 0.068670 0.760804
vt 0.045439 0.746110
vt 0.074101 0.784230
vt 0.082596 0.779226
vt 0.097013 0.804376
vt 0.102014 0.800355
vt 0.125466 0.822397
vt 0.517399 0.147856
vt 0.528302 0.120110
vt 0.528302 0.147856
vt 0.517399 0.120110
vt 0.528302 0.179363
vt 0.517399 0.179363
vt 0.517399 0.211305
vt 0.528302 0.211305
vt 0.517399 0.235409
vt 0.528302 0.235409
vt 0.528302 0.266783
vt 0.517399 0.266808
vt 0.528302 0.292847
vt 0.517399 0.292847
vt 0.528302 0.303634
vt 0.517399 0.303634
vt 0.517399 0.311570
vt 0.528302 0.311516
vt 0.528302 0.320567
vt 0.517399 0.320567
vt 0.522573 0.328069
vt 0.517399 0.326291
vt 0.528302 0.326291
vt 0.700195 0.786133
vt 0.635742 0.756836
vt 0.700195 0.756836
vt 0.635742 0.786133
vt 0.589844 0.756836
vt 0.589844 0.786133
vt 0.553711 0.756836
vt 0.553711 0.786133
vt 0.762695 0.786133
vt 0.762695 0.756836
vt 0.808594 0.786133
vt 0.808594 0.756836
vt 0.847656 0.786133
vt 0.847656 0.756836
vt 0.696403 0.007894
vt 0.634045 0.049118
vt 0.692676 0.062025
vt 0.637299 0.007894
vt 0.567973 0.016959
vt 0.568886 0.007894
vt 0.541419 0.007894
vt 0.737328 0.051233
vt 0.760207 0.007895
vt 0.607870 0.036378
vt 0.609374 0.037110
vt 0.279370 0.593158
vt 0.250161 0.618271
vt 0.270865 0.607090
vt 0.282881 0.599857
vt 0.396484 0.933594
vt 0.356445 0.944336
vt 0.394531 0.955078
vt 0.348633 0.917969
vt 0.365234 0.970703
vt 0.395508 0.975586
vt 0.439453 0.956055
vt 0.442383 0.974609
vt 0.340820 0.956055
vt 0.350586 0.978516
vt 0.345703 0.990234
vt 0.312500 0.961914
vt 0.303711 0.985352
vt 0.291992 0.954102
vt 0.282227 0.982422
vt 0.278320 0.958008
vt 0.249023 0.973633
vt 0.253906 0.958008
vt 0.259766 0.941406
vt 0.274414 0.939453
vt 0.213867 0.976562
vt 0.200195 0.945312
vt 0.158203 0.961914
vt 0.169922 0.991211
vt 0.125977 0.974609
vt 0.130859 0.998047
vt 0.093750 0.998047
vt 0.089844 0.983398
vt 0.037109 0.983398
vt 0.040039 0.975586
vt 0.087891 0.967773
vt 0.042969 0.968750
vt 0.002930 0.954102
vt 0.248047 0.929688
vt 0.147461 0.931641
vt 0.189453 0.912109
vt 0.121094 0.952148
vt 0.221680 0.928711
vt 0.245117 0.916016
vt 0.250000 0.917969
vt 0.259766 0.917969
vt 0.243164 0.907227
vt 0.321289 0.942383
vt 0.300781 0.925781
vt 0.334961 0.937500
vt 0.280273 0.930664
vt 0.270508 0.918945
vt 0.339844 0.924805
vt 0.334961 0.930664
vt 0.318359 0.916016
vt 0.474609 0.935547
vt 0.439453 0.934570
vt 0.474609 0.956055
vt 0.474609 0.974609
vt 0.534180 0.001953
vt 0.533203 0.014648
vt 0.523438 0.006836
vt 0.524414 0.021484
vt 0.515625 0.015625
vt 0.505859 0.023438
vt 0.531250 0.035156
vt 0.524414 0.067383
vt 0.519531 0.069336
vt 0.495117 0.034180
vt 0.496094 0.025391
vt 0.504883 0.083008
vt 0.524414 0.076172
vt 0.474609 0.043945
vt 0.478516 0.083984
vt 0.447266 0.050781
vt 0.446596 0.057027
vt 0.445920 0.063338
vt 0.444336 0.078125
vt 0.459961 0.085938
vt 0.461914 0.038086
vt 0.488281 0.094727
vt 0.504883 0.100586
vt 0.449219 0.036133
vt 0.437645 0.064806
vt 0.435356 0.058497
vt 0.429747 0.054262
vt 0.425045 0.059591
vt 0.400391 0.070312
vt 0.424805 0.079102
vt 0.415116 0.052839
vt 0.413086 0.049805
vt 0.413086 0.037109
vt 0.383789 0.055664
vt 0.416992 0.046875
vt 0.379883 0.046875
vt 0.367188 0.049805
vt 0.371094 0.042969
vt 0.342773 0.030273
vt 0.331055 0.026367
vt 0.324219 0.032227
vt 0.318359 0.020508
vt 0.312500 0.032227
vt 0.273438 0.028320
vt 0.275391 0.044922
vt 0.340820 0.022461
vt 0.354492 0.030273
vt 0.363281 0.022461
vt 0.374023 0.039062
vt 0.379883 0.028320
vt 0.406250 0.016602
vt 0.415039 0.017578
vt 0.419922 0.031250
vt 0.425781 0.023438
vt 0.387695 0.012695
vt 0.406250 0.010742
vt 0.391602 0.004883
vt 0.402344 0.001953
vt 0.380859 0.008789
vt 0.375000 0.020508
vt 0.373047 0.008789
vt 0.250000 0.006836
vt 0.264648 0.003906
vt 0.253906 0.008789
vt 0.248047 0.015625
vt 0.238281 0.014648
vt 0.250977 0.023438
vt 0.240234 0.050781
vt 0.213867 0.032227
vt 0.192383 0.046875
vt 0.190430 0.036133
vt 0.166992 0.039062
vt 0.168945 0.026367
vt 0.149414 0.023438
vt 0.156250 0.031250
vt 0.146484 0.032227
vt 0.127930 0.027344
vt 0.619432 0.104846
vt 0.605840 0.109414
vt 0.601704 0.098234
vt 0.619919 0.107413
vt 0.592739 0.107478
vt 0.582031 0.098633
vt 0.589844 0.093750
vt 0.577148 0.086914
vt 0.567383 0.095703
vt 0.561523 0.088867
vt 0.569336 0.083008
vt 0.574219 0.077148
vt 0.582031 0.078125
vt 0.580078 0.071289
vt 0.575195 0.070312
vt 0.566406 0.063477
vt 0.586914 0.067383
vt 0.584961 0.042969
vt 0.564453 0.052734
vt 0.560547 0.027344
vt 0.550781 0.044922
vt 0.541992 0.021484
vt 0.536133 0.034180
vt 0.545898 0.053711
vt 0.539062 0.056641
vt 0.539062 0.071289
vt 0.595703 0.066406
vt 0.603516 0.057617
vt 0.615234 0.072266
vt 0.626953 0.072266
vt 0.496094 0.001953
vt 0.502930 0.013672
vt 0.495117 0.012695
vt 0.508789 0.004883
vt 0.488281 0.009766
vt 0.496094 0.021484
vt 0.579102 0.102539
vt 0.570312 0.106445
vt 0.559570 0.104492
vt 0.557617 0.094727
vt 0.551758 0.085938
vt 0.546875 0.089844
vt 0.542969 0.079102
vt 0.152857 0.593807
vt 0.145508 0.615234
vt 0.157152 0.603652
vt 0.131836 0.609375
vt 0.161704 0.587988
vt 0.165817 0.594377
vt 0.172933 0.581963
vt 0.177070 0.588501
vt 0.188083 0.576304
vt 0.191518 0.582343
vt 0.201881 0.571531
vt 0.205676 0.576507
vt 0.220269 0.566782
vt 0.223422 0.571702
vt 0.238422 0.563465
vt 0.239694 0.567937
vt 0.253597 0.564635
vt 0.252661 0.561603
vt 0.256280 0.562670
vt 0.086914 0.678711
vt 0.064453 0.684570
vt 0.069336 0.670898
vt 0.083008 0.688477
vt 0.055664 0.666016
vt 0.075195 0.702148
vt 0.058594 0.694336
vt 0.095703 0.695312
vt 0.102539 0.687500
vt 0.083984 0.702148
vt 0.092773 0.703125
vt 0.063477 0.708008
vt 0.049805 0.703125
vt 0.089844 0.672852
vt 0.070312 0.665039
vt 0.105469 0.678711
vt 0.114258 0.680664
vt 0.124023 0.691406
vt 0.132812 0.685547
vt 0.136719 0.675781
vt 0.119141 0.675781
vt 0.155273 0.703125
vt 0.159180 0.687500
vt 0.161133 0.649414
vt 0.107422 0.671875
vt 0.124023 0.652344
vt 0.087891 0.653320
vt 0.083008 0.666992
vt 0.068359 0.651367
vt 0.065430 0.659180
vt 0.053711 0.655273
vt 0.054688 0.648438
vt 0.039062 0.640625
vt 0.033203 0.650391
vt 0.034180 0.639648
vt 0.027344 0.652344
vt 0.050781 0.622070
vt 0.029297 0.624023
vt 0.037109 0.607422
vt 0.017578 0.609375
vt 0.011730 0.597668
vt 0.021496 0.597668
vt 0.006455 0.587938
vt 0.064453 0.618164
vt 0.070312 0.632812
vt 0.069336 0.619141
vt 0.072266 0.598633
vt 0.056641 0.604492
vt 0.045898 0.608398
vt 0.037109 0.594727
vt 0.087891 0.635742
vt 0.094727 0.624023
vt 0.112305 0.586914
vt 0.126953 0.591797
vt 0.073242 0.620117
vt 0.087891 0.624023
vt 0.084961 0.605469
vt 0.078125 0.602539
vt 0.091797 0.586914
vt 0.123047 0.567383
vt 0.131836 0.567383
vt 0.137695 0.551758
vt 0.138672 0.585938
vt 0.161133 0.620117
vt 0.067383 0.711914
vt 0.078125 0.708984
vt 0.085938 0.711914
vt 0.085938 0.720703
vt 0.069336 0.715820
vt 0.056641 0.714844
vt 0.058594 0.720703
vt 0.076172 0.727539
vt 0.101562 0.730469
vt 0.089844 0.738281
vt 0.064453 0.733398
vt 0.074219 0.747070
vt 0.111328 0.751953
vt 0.086914 0.759766
vt 0.114258 0.786133
vt 0.135742 0.771484
vt 0.135742 0.751953
vt 0.125000 0.737305
vt 0.125977 0.717773
vt 0.113281 0.720703
vt 0.094727 0.714844
vt 0.098633 0.710938
vt 0.111328 0.714844
vt 0.111328 0.709961
vt 0.101562 0.706055
vt 0.140625 0.735352
vt 0.150391 0.717773
vt 0.113281 0.707031
vt 0.119141 0.699219
vt 0.103516 0.696289
vt 0.174805 0.728516
vt 0.101562 0.701172
vt 0.180664 0.708984
vt 0.161133 0.750000
vt 0.158203 0.759766
vt 0.157227 0.770508
vt 0.196289 0.768555
vt 0.219727 0.782227
vt 0.232422 0.776367
vt 0.244570 0.789397
vt 0.248476 0.787444
vt 0.243164 0.769531
vt 0.221680 0.744141
vt 0.236515 0.790373
vt 0.166992 0.786133
vt 0.203125 0.799805
vt 0.184570 0.835938
vt 0.255859 0.834961
vt 0.244141 0.863281
vt 0.299805 0.847656
vt 0.289062 0.879883
vt 0.156250 0.792969
vt 0.128906 0.809570
vt 0.262527 0.811689
vt 0.260742 0.762695
vt 0.259766 0.722656
vt 0.208008 0.713867
vt 0.264648 0.701172
vt 0.319336 0.720703
vt 0.312500 0.695312
vt 0.272461 0.681641
vt 0.313477 0.671875
vt 0.354492 0.692383
vt 0.355469 0.672852
vt 0.390625 0.676758
vt 0.390625 0.667969
vt 0.407227 0.664062
vt 0.351562 0.708984
vt 0.400391 0.699219
vt 0.208008 0.687500
vt 0.265625 0.666016
vt 0.206055 0.676758
vt 0.185547 0.690430
vt 0.301758 0.670898
vt 0.302734 0.657227
vt 0.299805 0.650391
vt 0.261719 0.652344
vt 0.326172 0.657227
vt 0.324219 0.637695
vt 0.216797 0.655273
vt 0.201172 0.665039
vt 0.177734 0.671875
vt 0.186523 0.664062
vt 0.206055 0.648438
vt 0.186523 0.653320
vt 0.262695 0.639648
vt 0.244141 0.632812
vt 0.283242 0.630205
vt 0.303904 0.620471
vt 0.304738 0.614797
vt 0.301388 0.627983
vt 0.295575 0.640928
vt 0.291482 0.634769
vt 0.339483 0.615708
vt 0.339347 0.612190
vt 0.347842 0.614277
vt 0.316357 0.625199
vt 0.319482 0.633516
vt 0.333722 0.620899
vt 0.346040 0.622109
vt 0.168945 0.657227
vt 0.165039 0.665039
vt 0.156838 0.680828
vt 0.169865 0.683111
vt 0.153320 0.660156
vt 0.152344 0.666016
vt 0.129883 0.675781
vt 0.129883 0.670898
vt 0.163381 0.692006
vt 0.202148 0.759766
vt 0.022461 0.656250
vt 0.033203 0.654297
vt 0.029297 0.658203
vt 0.026367 0.653320
vt 0.028320 0.664062
vt 0.022461 0.661133
vt 0.039062 0.665039
vt 0.041016 0.657227
vt 0.047852 0.681641
vt 0.034180 0.679688
vt 0.023438 0.677734
vt 0.022461 0.689453
vt 0.016602 0.676758
vt 0.016602 0.666992
vt 0.010742 0.687500
vt 0.039062 0.691406
vt 0.034180 0.703125
vt 0.014648 0.700195
vt 0.058594 0.660156
vt 0.005859 0.697266
vt 0.002930 0.686523
vt 0.002930 0.674805
vt 0.010742 0.675781
vt 0.012695 0.664062
vt 0.764719 0.393361
vt 0.735663 0.412625
vt 0.731996 0.393361
vt 0.764719 0.412625
vt 0.721625 0.365911
vt 0.764719 0.365911
vt 0.764719 0.425950
vt 0.735592 0.425950
vt 0.764719 0.455402
vt 0.744310 0.448892
vt 0.764719 0.347804
vt 0.719163 0.347804
vt 0.764719 0.292806
vt 0.719392 0.296652
vt 0.764719 0.316528
vt 0.726590 0.287221
vt 0.764719 0.244835
vt 0.730196 0.269562
vt 0.733493 0.249029
vt 0.736150 0.235924
vt 0.764719 0.229315
vt 0.738203 0.213836
vt 0.764719 0.212551
vt 0.751845 0.202762
vt 0.764719 0.201752
vt 0.213057 0.579870
vt 0.185547 0.631836
vt 0.211914 0.645508
vt 0.215820 0.610352
vt 0.194336 0.598633
vt 0.237305 0.584961
vt 0.241211 0.591797
vt 0.268555 0.564453
vt 0.246094 0.595703
vt 0.259766 0.582031
vt 0.234375 0.620117
vt 0.382812 0.744141
vt 0.411133 0.743164
vt 0.383789 0.752930
vt 0.352539 0.741211
vt 0.352539 0.752930
vt 0.318359 0.728516
vt 0.307617 0.747070
vt 0.307617 0.777344
vt 0.306641 0.818359
vt 0.354492 0.795898
vt 0.360352 0.821289
vt 0.396484 0.821289
vt 0.354492 0.785156
vt 0.402344 0.815430
vt 0.353516 0.771484
vt 0.352539 0.756836
vt 0.383789 0.770508
vt 0.386719 0.765625
vt 0.414062 0.800781
vt 0.417969 0.789062
vt 0.427734 0.796875
vt 0.426758 0.803711
vt 0.437500 0.805664
vt 0.418945 0.779297
vt 0.363281 0.835938
vt 0.366211 0.851562
vt 0.375000 0.873047
vt 0.399414 0.873047
vt 0.392578 0.880859
vt 0.398438 0.870117
vt 0.398438 0.857422
vt 0.427734 0.844727
vt 0.419922 0.868164
vt 0.445312 0.862305
vt 0.438477 0.879883
vt 0.426758 0.887695
vt 0.364258 0.881836
vt 0.402344 0.897461
vt 0.397461 0.904297
vt 0.430664 0.899414
vt 0.423828 0.906250
vt 0.440430 0.912109
vt 0.435547 0.917969
vt 0.446289 0.928711
vt 0.426758 0.929688
vt 0.451172 0.883789
vt 0.446289 0.895508
vt 0.456055 0.905273
vt 0.454102 0.908203
vt 0.463867 0.919922
vt 0.458984 0.923828
vt 0.462891 0.924805
vt 0.339844 0.891602
vt 0.375000 0.891602
vt 0.368164 0.904297
vt 0.406250 0.927734
vt 0.351562 0.727539
vt 0.350586 0.722656
vt 0.375977 0.726562
vt 0.252597 0.799520
vt 0.002930 0.256836
vt 0.012695 0.215820
vt 0.012695 0.250000
vt 0.002930 0.213867
vt 0.012695 0.308594
vt 0.002930 0.288086
vt 0.045898 0.306641
vt 0.043945 0.248047
vt 0.043945 0.212891
vt 0.012695 0.190430
vt 0.043945 0.187500
vt 0.012695 0.175781
vt 0.043945 0.170898
vt 0.108398 0.296875
vt 0.101562 0.249023
vt 0.079102 0.211914
vt 0.106445 0.210938
vt 0.079102 0.181641
vt 0.110352 0.152344
vt 0.080078 0.161133
vt 0.112305 0.125977
vt 0.153320 0.243164
vt 0.153320 0.279297
vt 0.146484 0.208008
vt 0.131836 0.149414
vt 0.131836 0.127930
vt 0.158203 0.147461
vt 0.182617 0.203125
vt 0.185338 0.144870
vt 0.173828 0.115234
vt 0.165039 0.221680
vt 0.226310 0.139966
vt 0.189258 0.112274
vt 0.233945 0.099255
vt 0.219727 0.176758
vt 0.131836 0.140625
vt 0.174805 0.099609
vt 0.173828 0.094727
vt 0.218750 0.075195
vt 0.255859 0.161133
vt 0.275391 0.162109
vt 0.278368 0.140790
vt 0.284180 0.096680
vt 0.326349 0.136832
vt 0.302734 0.172852
vt 0.323242 0.181641
vt 0.333008 0.099609
vt 0.327148 0.064453
vt 0.217773 0.068359
vt 0.277344 0.059570
vt 0.278320 0.053711
vt 0.363281 0.102539
vt 0.327148 0.060547
vt 0.384766 0.081055
vt 0.391602 0.103516
vt 0.390625 0.141602
vt 0.361297 0.139821
vt 0.438477 0.104492
vt 0.438477 0.141602
vt 0.438477 0.190430
vt 0.389648 0.191406
vt 0.488281 0.122070
vt 0.488281 0.144531
vt 0.488281 0.188477
vt 0.438477 0.234375
vt 0.488281 0.236328
vt 0.438477 0.272461
vt 0.488281 0.276367
vt 0.392578 0.238281
vt 0.337891 0.181641
vt 0.344727 0.195312
vt 0.361328 0.211914
vt 0.400391 0.254883
vt 0.403320 0.268555
vt 0.317383 0.199453
vt 0.300781 0.176758
vt 0.285664 0.201641
vt 0.327227 0.228984
vt 0.285664 0.230078
vt 0.249570 0.203828
vt 0.214570 0.204922
vt 0.182852 0.237734
vt 0.216758 0.233359
vt 0.218945 0.263984
vt 0.187227 0.272734
vt 0.249570 0.231172
vt 0.284570 0.257422
vt 0.249570 0.258516
vt 0.317383 0.256328
vt 0.346914 0.238828
vt 0.351289 0.258516
vt 0.368789 0.250859
vt 0.372070 0.261797
vt 0.342539 0.216953
vt 0.387695 0.078125
vt 0.608750 0.425506
vt 0.693632 0.409889
vt 0.661872 0.501219
vt 0.673166 0.374852
vt 0.613856 0.340817
vt 0.591755 0.341439
vt 0.571593 0.351922
vt 0.558546 0.317621
vt 0.571029 0.311484
vt 0.561908 0.280975
vt 0.547092 0.282164
vt 0.558882 0.251431
vt 0.544880 0.238752
vt 0.560588 0.228351
vt 0.555813 0.198815
vt 0.570694 0.204898
vt 0.589061 0.185584
vt 0.579042 0.173080
vt 0.618378 0.162993
vt 0.618833 0.176656
vt 0.662184 0.181046
vt 0.662676 0.164577
vt 0.677907 0.167181
vt 0.688413 0.184908
vt 0.695367 0.170157
vt 0.723145 0.221431
vt 0.703795 0.217379
vt 0.707560 0.244342
vt 0.724331 0.249508
vt 0.719784 0.268929
vt 0.703971 0.262182
vt 0.720907 0.558976
vt 0.805749 0.504907
vt 0.783661 0.610229
vt 0.745832 0.466432
vt 0.855979 0.538324
vt 0.855979 0.650190
vt 0.592668 0.194118
vt 0.618729 0.225252
vt 0.575510 0.212709
vt 0.619762 0.201322
vt 0.620137 0.185196
vt 0.618069 0.251464
vt 0.565870 0.235094
vt 0.590904 0.281713
vt 0.563947 0.256997
vt 0.659933 0.188734
vt 0.658747 0.213197
vt 0.683882 0.191943
vt 0.697501 0.222483
vt 0.658893 0.235330
vt 0.700541 0.247981
vt 0.650656 0.288958
vt 0.608889 0.307336
vt 0.652436 0.322659
vt 0.615128 0.325300
vt 0.659086 0.262828
vt 0.696971 0.264947
vt 0.659796 0.188640
vt 0.674046 0.209507
vt 0.695310 0.237299
vt 0.692193 0.253861
vt 0.697018 0.265200
vt 0.680929 0.318914
vt 0.674039 0.331846
vt 0.674039 0.318936
vt 0.680929 0.331845
vt 0.680929 0.307367
vt 0.674039 0.307368
vt 0.680929 0.302275
vt 0.674039 0.302275
vt 0.680929 0.297151
vt 0.674039 0.297151
vt 0.680929 0.291988
vt 0.674039 0.291988
vt 0.680929 0.286228
vt 0.674039 0.286228
vt 0.680929 0.281667
vt 0.674040 0.281592
vt 0.680929 0.278519
vt 0.674039 0.278520
vt 0.680929 0.272439
vt 0.674040 0.272439
vt 0.674039 0.270288
vt 0.680929 0.342480
vt 0.674039 0.351492
vt 0.674039 0.342480
vt 0.680929 0.351491
vt 0.674039 0.356438
vt 0.680929 0.356438
vt 0.706055 0.311523
vt 0.699219 0.340820
vt 0.699219 0.311523
vt 0.706055 0.340820
vt 0.706055 0.274414
vt 0.699219 0.274414
vt 0.699219 0.357422
vt 0.706055 0.357422
vt 0.699219 0.368164
vt 0.706055 0.368164
vt 0.187500 0.144531
vt 0.225517 0.140063
vt 0.188975 0.112470
vt 0.234375 0.096680
vt 0.278320 0.138672
vt 0.324219 0.138672
vt 0.358398 0.139648
vt 0.592631 0.987305
vt 0.519531 0.943359
vt 0.592631 0.943359
vt 0.519531 0.987305
vt 0.519531 0.904297
vt 0.592631 0.904297
vt 0.519531 0.868164
vt 0.592631 0.868164
vt 0.664882 0.987305
vt 0.664882 0.943359
vt 0.664882 0.904297
vt 0.725089 0.943359
vt 0.725089 0.904297
vt 0.725089 0.987305
vt 0.725089 0.868164
vt 0.664882 0.868164
vt 0.725089 0.833008
vt 0.664882 0.833008
vt 0.592631 0.833008
vt 0.519531 0.833008
vt 0.270938 0.418384
vt 0.226992 0.413501
vt 0.229922 0.392993
vt 0.253359 0.431079
vt 0.224063 0.437915
vt 0.242617 0.446704
vt 0.192813 0.416430
vt 0.178164 0.403735
vt 0.205508 0.435962
vt 0.236758 0.468188
vt 0.214297 0.463305
vt 0.226015 0.490649
vt 0.256289 0.475024
vt 0.242617 0.496509
vt 0.232851 0.516040
vt 0.218203 0.513110
vt 0.265078 0.510181
vt 0.252382 0.525806
vt 0.207461 0.484790
vt 0.198672 0.511157
vt 0.267031 0.537525
vt 0.281679 0.531665
vt 0.178164 0.501391
vt 0.178164 0.477954
vt 0.219179 0.531665
vt 0.203339 0.526141
vt 0.245547 0.538501
vt 0.228945 0.535571
vt 0.197695 0.453540
vt 0.262148 0.545337
vt 0.178164 0.440844
vt 0.178164 0.517993
vt 0.186953 0.528735
vt 0.178164 0.540454
vt 0.182070 0.426196
vt 0.169375 0.419360
vt 0.217938 0.556845
vt 0.231520 0.556059
vt 0.239310 0.555037
vt 0.187929 0.537524
vt 0.179250 0.569378
vt 0.203732 0.561144
vt 0.240664 0.358813
vt 0.178164 0.358813
vt 0.278750 0.358813
vt 0.273867 0.453540
vt 0.268008 0.461352
vt 0.279910 0.463644
vt 0.291445 0.489673
vt 0.288516 0.492603
vt 0.303164 0.521900
vt 0.312930 0.515064
vt 0.313906 0.473071
vt 0.297305 0.438892
vt 0.337344 0.495533
vt 0.318789 0.512134
vt 0.319766 0.424243
vt 0.336367 0.456470
vt 0.356875 0.478931
vt 0.315056 0.319585
vt 0.336557 0.346000
vt 0.314517 0.343232
vt 0.336020 0.320206
vt 0.359706 0.342806
vt 0.362479 0.319579
vt 0.367955 0.286900
vt 0.324183 0.275756
vt 0.303523 0.284443
vt 0.360632 0.390581
vt 0.376359 0.367868
vt 0.340330 0.418619
vt 0.313526 0.416459
vt 0.291067 0.415354
vt 0.293041 0.340281
vt 0.291890 0.317501
vt 0.282813 0.280158
vt 0.357622 0.447563
vt 0.381887 0.421391
vt 0.391874 0.441095
vt 0.376063 0.485950
vt 0.407180 0.386578
vt 0.389139 0.420323
vt 0.405986 0.413260
vt 0.407681 0.447847
vt 0.588128 0.700780
vt 0.606320 0.719702
vt 0.597103 0.716426
vt 0.602586 0.689307
vt 0.585798 0.724868
vt 0.574325 0.710410
vt 0.557314 0.721566
vt 0.566289 0.737212
vt 0.612094 0.709295
vt 0.630509 0.704051
vt 0.646453 0.723924
vt 0.632238 0.723026
vt 0.631995 0.735397
vt 0.645676 0.731953
vt 0.660667 0.724822
vt 0.657926 0.738382
vt 0.665617 0.693360
vt 0.621216 0.674845
vt 0.598486 0.677469
vt 0.606346 0.655347
vt 0.632811 0.662673
vt 0.584393 0.670386
vt 0.572386 0.651586
vt 0.581313 0.638148
vt 0.561980 0.645812
vt 0.569718 0.629875
vt 0.581240 0.673418
vt 0.630798 0.639119
vt 0.648167 0.636985
vt 0.653866 0.661849
vt 0.633938 0.617913
vt 0.650651 0.617622
vt 0.639954 0.595135
vt 0.656546 0.601031
vt 0.612484 0.626384
vt 0.618791 0.620320
vt 0.673854 0.652341
vt 0.582987 0.615904
vt 0.596426 0.624831
vt 0.621102 0.609337
vt 0.620811 0.592624
vt 0.639421 0.590793
vt 0.567875 0.629220
vt 0.577188 0.690665
vt 0.565350 0.694764
vt 0.550183 0.706575
vt 0.550474 0.723288
vt 0.448013 0.785048
vt 0.430509 0.773034
vt 0.430509 0.788826
vt 0.448013 0.771465
vt 0.460159 0.776838
vt 0.460159 0.768341
vt 0.473248 0.762890
vt 0.430509 0.753707
vt 0.448013 0.756217
vt 0.460159 0.757981
vt 0.448013 0.743806
vt 0.430509 0.741550
vt 0.460159 0.750689
vt 0.644547 0.742589
vt 0.653110 0.747707
vt 0.643432 0.746133
vt 0.633365 0.744844
vt 0.621801 0.542244
vt 0.631547 0.553208
vt 0.623019 0.553208
vt 0.629111 0.538589
vt 0.610836 0.555645
vt 0.609618 0.541025
vt 0.641294 0.536152
vt 0.643730 0.551990
vt 0.659568 0.545898
vt 0.641294 0.534934
vt 0.648603 0.526406
vt 0.674187 0.534934
vt 0.680279 0.556863
vt 0.662004 0.561736
vt 0.675406 0.570264
vt 0.662004 0.570264
vt 0.670533 0.580010
vt 0.658350 0.577574
vt 0.654695 0.565391
vt 0.644948 0.553208
vt 0.644959 0.573896
vt 0.635213 0.565368
vt 0.637652 0.579982
vt 0.629124 0.571454
vt 0.641294 0.521533
vt 0.654695 0.520315
vt 0.654695 0.508132
vt 0.646167 0.514223
vt 0.646167 0.510568
vt 0.651040 0.505695
vt 0.636420 0.514223
vt 0.640075 0.510568
vt 0.407364 0.655390
vt 0.377746 0.633355
vt 0.401832 0.633355
vt 0.370624 0.655390
vt 0.388176 0.607842
vt 0.352504 0.655390
vt 0.363755 0.633355
vt 0.421701 0.655390
vt 0.412039 0.633355
vt 0.388176 0.633355
vt 0.388176 0.655390
vt 0.975586 0.451172
vt 0.953125 0.410156
vt 0.975586 0.410156
vt 0.953125 0.451172
vt 0.977051 0.498047
vt 0.953613 0.498047
vt 0.953125 0.557617
vt 0.978516 0.557617
vt 0.980469 0.617188
vt 0.953125 0.617188
vt 0.982422 0.681641
vt 0.953125 0.681641
vt 0.985352 0.742188
vt 0.953125 0.742188
vt 0.986328 0.807617
vt 0.953125 0.807617
vt 0.916266 0.742188
vt 0.916266 0.681641
vt 0.953125 0.875000
vt 0.990234 0.875000
vt 0.954102 0.940430
vt 0.994141 0.940430
vt 0.997070 0.998047
vt 0.955078 0.998047
vt 0.916266 0.940430
vt 0.916266 0.998047
vt 0.869523 0.998047
vt 0.869523 0.940430
vt 0.869523 0.875000
vt 0.916266 0.875000
vt 0.869523 0.807617
vt 0.916266 0.807617
vt 0.869523 0.742188
vt 0.869523 0.681641
vt 0.869523 0.617188
vt 0.916266 0.617188
vt 0.875126 0.557617
vt 0.922607 0.558594
vt 0.882982 0.498047
vt 0.924805 0.498047
vt 0.887695 0.451172
vt 0.924805 0.451172
vt 0.926758 0.410156
vt 0.890625 0.410156
vt 0.927734 0.367188
vt 0.893555 0.367188
vt 0.899414 0.316406
vt 0.930664 0.316406
vt 0.955078 0.367188
vt 0.974609 0.367188
vt 0.955078 0.316406
vt 0.933594 0.272461
vt 0.955078 0.272461
vt 0.973633 0.316406
vt 0.972656 0.272461
vt 0.905273 0.272461
vt 0.911133 0.232422
vt 0.935547 0.231445
vt 0.916992 0.195312
vt 0.937500 0.195312
vt 0.922852 0.159180
vt 0.939453 0.159180
vt 0.956055 0.231445
vt 0.956055 0.195312
vt 0.971680 0.231445
vt 0.970703 0.195312
vt 0.956055 0.159180
vt 0.942383 0.124023
vt 0.956055 0.124023
vt 0.968750 0.159180
vt 0.966797 0.124023
vt 0.927734 0.124023
vt 0.936523 0.079102
vt 0.945312 0.079102
vt 0.963867 0.079102
vt 0.955078 0.079102
vt 0.954102 0.002441
vt 0.802206 0.987305
vt 0.848106 0.943359
vt 0.848106 0.987305
vt 0.802206 0.943359
vt 0.848106 0.904297
vt 0.802206 0.904297
vt 0.802206 0.868164
vt 0.848106 0.868164
vt 0.802206 0.833008
vt 0.848106 0.833008
vt 0.097274 0.339584
vt 0.038964 0.378041
vt 0.099116 0.370429
vt 0.036034 0.339584
vt 0.147408 0.369889
vt 0.146431 0.339584
vt 0.099549 0.391930
vt 0.137641 0.391930
vt 0.099549 0.407183
vt 0.057927 0.409171
vt 0.043848 0.398236
vt 0.136664 0.405195
vt 0.164011 0.423089
vt 0.098572 0.432036
vt 0.064345 0.432036
vt 0.100526 0.466594
vt 0.074712 0.467588
vt 0.091735 0.490452
vt 0.063554 0.469576
vt 0.081968 0.498405
vt 0.092712 0.526240
vt 0.107363 0.516299
vt 0.103456 0.487470
vt 0.128850 0.464605
vt 0.134613 0.427065
vt 0.122990 0.536180
vt 0.123967 0.509340
vt 0.138617 0.525245
vt 0.107363 0.549104
vt 0.121036 0.486475
vt 0.150338 0.462617
vt 0.143501 0.481505
vt 0.137641 0.495423
vt 0.058528 0.530216
vt 0.071225 0.540157
vt 0.066341 0.555068
vt 0.055597 0.549104
vt 0.039970 0.529222
vt 0.046807 0.560039
vt 0.024343 0.530216
vt 0.041924 0.484487
vt 0.053644 0.503375
vt 0.026296 0.488464
vt 0.037040 0.430048
vt 0.038993 0.582903
vt 0.050333 0.471564
vt 0.051090 0.431042
vt 0.082945 0.549104
vt 0.068295 0.563021
vt 0.070248 0.570974
vt 0.092712 0.557057
vt 0.080015 0.580915
vt 0.090759 0.576939
vt 0.020436 0.446712
vt 0.003832 0.493434
vt 0.003832 0.449694
vt 0.003832 0.530216
vt 0.003832 0.582903
vt 0.150338 0.503375
vt 0.144477 0.499399
vt 0.161081 0.509340
vt 0.162058 0.521269
vt 0.649558 0.691807
vt 0.681142 0.690571
vt 0.289632 0.532450
vt 0.306148 0.549718
vt 0.283395 0.548986
vt 0.224929 0.557036
vt 0.371159 0.330418
vt 0.399925 0.317898
vt 0.385521 0.318283
vt 0.382519 0.344613
vt 0.393175 0.293581
vt 0.406828 0.315437
vt 0.407425 0.336324
vt 0.418106 0.317858
vt 0.405529 0.326187
vt 0.409881 0.294010
vt 0.385432 0.318269
vt 0.397935 0.345090
vt 0.402417 0.365962
vt 0.394540 0.357965
vt 0.409915 0.346711
vt 0.398507 0.323370
vt 0.262063 0.555769
vt 0.359577 0.342702
vt 0.392628 0.491950
vt 0.406281 0.476974
vt 0.398712 0.474665
vt 0.402137 0.500972
vt 0.397239 0.453327
vt 0.002930 0.206055
vt 0.002930 0.195312
s 1
usemtl Mnupao_10002_Mnupao_T_10002
f 3/1/1 2/2/2 1/3/3
f 4/4/4 3/1/1 1/3/3
f 3/1/1 4/4/4 5/5/5
f 4/4/4 6/6/6 5/5/5
f 6/6/6 4/4/4 7/7/7
f 8/8/8 6/6/6 7/7/7
f 6/6/6 8/8/8 9/9/9
f 8/8/8 10/10/10 9/9/9
f 10/10/10 8/8/8 11/11/11
f 11/11/11 12/12/12 10/10/10
f 12/12/12 11/11/11 13/13/13
f 14/14/14 12/12/12 13/13/13
f 12/12/12 14/14/14 15/15/15
f 14/14/14 16/16/16 15/15/15
f 16/16/16 14/14/14 17/17/17
f 17/17/17 18/18/18 16/16/16
f 18/18/18 17/17/17 19/19/19
f 19/19/19 20/20/20 18/18/18
f 20/20/20 19/19/19 21/21/21
f 22/22/22 20/20/20 21/21/21
f 20/20/20 22/22/22 23/23/23
f 26/24/24 25/25/25 24/26/26
f 25/25/25 26/24/24 27/27/27
f 28/28/28 26/24/24 24/26/26
f 26/24/24 28/28/28 29/29/29
f 28/28/28 30/30/30 29/29/29
f 30/30/30 28/28/28 31/31/31
f 32/32/32 30/30/30 31/31/31
f 30/30/30 32/32/32 33/33/33
f 32/32/32 34/34/34 33/33/33
f 34/34/34 32/32/32 35/35/35
f 33/33/33 34/34/34 36/36/36
f 39/37/37 38/38/37 37/39/37
f 42/40/38 41/38/38 40/37/38
f 45/37/39 44/38/39 43/40/39
f 48/39/40 47/38/40 46/37/40
f 51/39/41 50/41/41 49/37/41
f 54/37/42 53/41/42 52/40/42
f 57/40/43 56/41/43 55/37/43
f 60/37/44 59/41/44 58/39/44
f 63/42/45 62/43/46 61/44/47
f 64/45/45 62/43/46 63/42/45
f 64/45/45 63/42/45 65/46/48
f 66/47/49 62/43/46 64/45/45
f 66/47/49 64/45/45 67/48/50
f 66/47/49 68/49/51 62/43/46
f 71/50/52 70/51/53 69/52/54
f 70/51/53 71/50/52 72/53/55
f 73/54/56 72/53/55 71/50/52
f 72/53/55 73/54/56 74/55/57
f 75/56/58 74/55/57 73/54/56
f 74/55/57 75/56/58 76/57/59
f 79/52/60 78/57/61 77/51/62
f 78/57/61 79/52/60 80/56/63
f 78/57/61 81/53/64 77/51/62
f 81/53/64 78/57/61 82/55/65
f 79/52/60 83/54/66 80/56/63
f 83/54/66 79/52/60 84/50/67
f 87/52/68 86/53/69 85/51/69
f 86/53/69 87/52/68 88/55/68
f 87/52/68 89/57/70 88/55/68
f 89/57/70 87/52/68 90/50/71
f 90/50/71 91/56/72 89/57/70
f 91/56/72 90/50/71 92/54/72
f 95/52/73 94/57/74 93/51/75
f 94/57/74 95/52/73 96/56/76
f 94/57/74 97/53/77 93/51/75
f 97/53/77 94/57/74 98/55/78
f 95/52/73 99/54/79 96/56/76
f 99/54/79 95/52/73 100/50/80
f 103/3/81 102/2/82 101/1/83
f 101/1/83 104/4/84 103/3/81
f 104/4/84 101/1/83 105/5/85
f 106/6/86 104/4/84 105/5/85
f 104/4/84 106/6/86 107/7/87
f 106/6/86 108/8/88 107/7/87
f 108/8/88 106/6/86 109/9/89
f 110/10/90 108/8/88 109/9/89
f 108/8/88 110/10/90 111/11/91
f 112/12/92 111/11/91 110/10/90
f 111/11/91 112/12/92 113/13/93
f 112/12/92 114/14/94 113/13/93
f 114/14/94 112/12/92 115/15/95
f 116/16/96 114/14/94 115/15/95
f 114/14/94 116/16/96 117/17/97
f 118/18/98 117/17/97 116/16/96
f 117/17/97 118/18/98 119/19/99
f 120/20/100 119/19/99 118/18/98
f 119/19/99 120/20/100 121/21/101
f 120/20/100 122/22/102 121/21/101
f 122/22/102 120/20/100 123/23/103
f 126/26/104 125/27/105 124/24/106
f 125/27/105 126/26/104 127/25/105
f 124/24/106 128/28/107 126/26/104
f 128/28/107 124/24/106 129/29/108
f 130/30/109 128/28/107 129/29/108
f 128/28/107 130/30/109 131/31/110
f 132/33/111 131/31/110 130/30/109
f 131/31/110 132/33/111 133/32/112
f 132/33/111 134/34/113 133/32/112
f 135/35/114 133/32/112 134/34/113
f 136/36/115 134/34/113 132/33/111
f 139/39/116 138/38/116 137/37/116
f 142/37/117 141/38/117 140/40/117
f 145/40/118 144/38/118 143/37/118
f 148/37/119 147/38/119 146/39/119
f 151/37/120 150/41/120 149/39/120
f 154/40/121 153/41/121 152/37/121
f 157/37/122 156/41/122 155/40/122
f 160/39/123 159/41/123 158/37/123
f 163/45/124 162/47/125 161/48/126
f 164/43/127 162/47/125 163/45/124
f 164/43/127 163/45/124 165/42/124
f 165/42/124 163/45/124 166/46/128
f 164/43/127 165/42/124 167/44/129
f 164/43/127 168/49/130 162/47/125
f 171/50/131 170/51/132 169/53/133
f 170/51/132 171/50/131 172/52/134
f 169/53/133 173/54/135 171/50/131
f 173/54/135 169/53/133 174/55/136
f 174/55/136 175/56/137 173/54/135
f 175/56/137 174/55/136 176/57/138
f 179/52/139 178/57/140 177/56/141
f 178/57/140 179/52/139 180/51/142
f 181/53/143 178/57/140 180/51/142
f 178/57/140 181/53/143 182/55/144
f 183/54/145 179/52/139 177/56/141
f 179/52/139 183/54/145 184/50/146
f 187/52/147 186/53/148 185/55/147
f 186/53/148 187/52/147 188/51/148
f 189/57/149 187/52/147 185/55/147
f 187/52/147 189/57/149 190/50/150
f 191/56/151 190/50/150 189/57/149
f 190/50/150 191/56/151 192/54/151
f 195/52/152 194/57/153 193/56/154
f 194/57/153 195/52/152 196/51/155
f 197/53/156 194/57/153 196/51/155
f 194/57/153 197/53/156 198/55/157
f 199/54/158 195/52/152 193/56/154
f 195/52/152 199/54/158 200/50/159
f 203/58/160 202/59/161 201/60/162
f 204/61/163 203/58/160 201/60/162
f 203/58/160 204/61/163 205/62/164
f 206/63/165 205/62/164 204/61/163
f 205/62/164 206/63/165 207/64/166
f 208/65/167 207/64/166 206/63/165
f 207/64/166 208/65/167 209/66/168
f 210/67/169 209/66/168 208/65/167
f 209/66/168 210/67/169 211/68/170
f 212/69/171 211/68/170 210/67/169
f 211/68/170 212/69/171 213/70/172
f 214/71/173 213/70/172 212/69/171
f 213/70/172 214/71/173 215/72/174
f 216/73/175 215/72/174 214/71/173
f 215/72/174 216/73/175 217/74/176
f 216/73/175 218/75/177 217/74/176
f 218/75/177 216/73/175 219/76/178
f 220/77/179 218/75/177 219/76/178
f 218/75/177 220/77/179 221/78/180
f 220/77/179 222/79/181 221/78/180
f 222/79/181 220/77/179 223/80/182
f 224/81/183 221/78/180 222/79/181
f 225/82/184 221/78/180 224/81/183
f 228/60/185 227/59/186 226/58/187
f 226/58/187 229/61/188 228/60/185
f 229/61/188 226/58/187 230/62/189
f 230/62/189 231/63/190 229/61/188
f 231/63/190 230/62/189 232/64/191
f 232/64/191 233/65/192 231/63/190
f 233/65/192 232/64/191 234/66/193
f 234/66/193 235/67/194 233/65/192
f 235/67/194 234/66/193 236/68/195
f 236/68/195 237/69/196 235/67/194
f 237/69/196 236/68/195 238/70/197
f 238/70/197 239/71/198 237/69/196
f 239/71/198 238/70/197 240/72/199
f 240/72/199 241/73/200 239/71/198
f 241/73/200 240/72/199 242/74/201
f 243/75/202 241/73/200 242/74/201
f 241/73/200 243/75/202 244/76/203
f 243/75/202 245/77/204 244/76/203
f 245/77/204 243/75/202 246/78/205
f 246/78/205 247/79/206 245/77/204
f 248/80/207 245/77/204 247/79/206
f 247/79/206 246/78/205 249/81/208
f 249/81/208 246/78/205 250/82/209
f 253/83/210 252/84/210 251/85/210
f 256/86/211 255/87/211 254/88/211
f 259/89/212 258/90/212 257/91/212
f 262/92/213 261/93/213 260/94/213
f 265/95/214 264/96/214 263/97/214
f 268/98/215 267/99/215 266/100/215
f 271/101/216 270/102/216 269/103/216
f 274/104/217 273/105/218 272/106/219
f 273/105/218 274/104/217 275/107/220
f 272/106/219 276/108/221 274/104/217
f 276/108/221 272/106/219 277/109/222
f 277/109/222 278/110/223 276/108/221
f 278/110/223 277/109/222 279/111/224
f 279/111/224 280/112/225 278/110/223
f 280/112/225 279/111/224 281/113/226
f 275/107/220 282/114/227 273/105/218
f 282/114/227 275/107/220 283/115/228
f 283/115/228 284/116/229 282/114/227
f 284/116/229 283/115/228 285/117/230
f 285/117/230 286/118/231 284/116/229
f 286/118/231 285/117/230 287/119/232
f 287/119/232 288/120/233 286/118/231
f 288/120/233 287/119/232 289/121/234
f 292/122/235 291/123/236 290/124/237
f 291/123/236 292/122/235 293/125/238
f 290/124/237 294/126/239 292/122/235
f 294/126/239 290/124/237 295/127/240
f 295/127/240 296/128/241 294/126/239
f 296/128/241 295/127/240 297/129/242
f 300/130/243 299/129/244 298/131/245
f 299/129/244 300/130/243 301/128/246
f 304/85/247 303/84/247 302/83/247
f 307/88/248 306/87/248 305/86/248
f 310/91/249 309/90/249 308/89/249
f 313/94/250 312/93/250 311/92/250
f 316/97/251 315/96/251 314/95/251
f 319/100/252 318/99/252 317/98/252
f 322/103/253 321/102/253 320/101/253
f 325/104/254 324/105/255 323/107/256
f 324/105/255 325/104/254 326/106/257
f 327/108/258 326/106/257 325/104/254
f 326/106/257 327/108/258 328/109/259
f 329/110/260 328/109/259 327/108/258
f 328/109/259 329/110/260 330/111/261
f 331/112/262 330/111/261 329/110/260
f 330/111/261 331/112/262 332/113/263
f 333/114/264 323/107/256 324/105/255
f 323/107/256 333/114/264 334/115/265
f 335/116/266 334/115/265 333/114/264
f 334/115/265 335/116/266 336/117/267
f 337/118/268 336/117/267 335/116/266
f 336/117/267 337/118/268 338/119/269
f 339/120/270 338/119/269 337/118/268
f 338/119/269 339/120/270 340/121/271
f 343/122/272 342/123/273 341/125/274
f 342/123/273 343/122/272 344/124/275
f 345/126/276 344/124/275 343/122/272
f 344/124/275 345/126/276 346/127/277
f 347/128/278 346/127/277 345/126/276
f 346/127/277 347/128/278 348/129/279
f 351/130/280 350/129/281 349/128/282
f 350/129/281 351/130/280 352/131/283
f 355/132/284 354/133/285 353/134/286
f 354/133/285 356/135/287 353/134/286
f 356/135/287 354/133/285 357/136/288
f 356/135/287 357/136/288 358/137/289
f 357/136/288 359/138/290 358/137/289
f 359/138/290 357/136/288 360/139/291
f 359/138/290 360/139/291 361/140/292
f 356/135/287 358/137/289 362/141/293
f 362/141/293 363/142/294 356/135/287
f 363/142/294 362/141/293 364/143/295
f 363/142/294 364/143/295 365/144/296
f 362/141/293 358/137/289 366/145/297
f 366/145/297 367/146/298 362/141/293
f 367/146/298 366/145/297 368/147/299
f 367/146/298 368/147/299 369/148/300
f 358/137/289 370/149/301 366/145/297
f 370/149/301 358/137/289 371/150/302
f 370/149/301 371/150/302 372/151/303
f 375/132/304 374/133/305 373/134/306
f 374/133/305 376/135/307 373/134/306
f 376/135/307 374/133/305 377/136/308
f 376/135/307 377/136/308 378/137/309
f 377/136/308 379/138/310 378/137/309
f 379/138/310 377/136/308 380/139/311
f 379/138/310 380/139/311 381/140/312
f 376/135/307 378/137/309 382/141/313
f 382/141/313 383/142/314 376/135/307
f 383/142/314 382/141/313 384/143/315
f 383/142/314 384/143/315 385/144/316
f 382/141/313 378/137/309 386/145/317
f 386/145/317 387/146/318 382/141/313
f 387/146/318 386/145/317 388/147/319
f 387/146/318 388/147/319 389/148/320
f 378/137/309 390/149/321 386/145/317
f 390/149/321 378/137/309 391/150/322
f 390/149/321 391/150/322 392/151/323
f 395/132/324 394/133/325 393/134/326
f 394/133/325 396/135/327 393/134/326
f 396/135/327 394/133/325 397/136/328
f 396/135/327 397/136/328 398/137/329
f 397/136/328 399/138/330 398/137/329
f 399/138/330 397/136/328 400/139/331
f 399/138/330 400/139/331 401/140/332
f 396/135/327 398/137/329 402/141/333
f 402/141/333 403/142/334 396/135/327
f 403/142/334 402/141/333 404/143/335
f 403/142/334 404/143/335 405/144/336
f 402/141/333 398/137/329 406/145/337
f 406/145/337 407/146/338 402/141/333
f 407/146/338 406/145/337 408/147/339
f 407/146/338 408/147/339 409/148/340
f 398/137/329 410/149/341 406/145/337
f 410/149/341 398/137/329 411/150/342
f 410/149/341 411/150/342 412/151/343
f 415/152/344 414/153/345 413/154/346
f 414/153/345 415/152/344 416/155/347
f 417/156/348 415/152/344 413/154/346
f 418/157/349 415/152/344 417/156/348
f 415/152/344 418/157/349 419/158/350
f 420/159/351 419/158/350 418/157/349
f 413/154/346 421/160/352 417/156/348
f 421/160/352 413/154/346 422/161/353
f 423/162/354 414/153/345 416/155/347
f 424/163/355 421/160/352 422/161/353
f 427/134/356 426/133/357 425/132/358
f 428/135/359 426/133/357 427/134/356
f 426/133/357 428/135/359 429/136/360
f 430/137/361 429/136/360 428/135/359
f 431/138/362 429/136/360 430/137/361
f 429/136/360 431/138/362 432/139/363
f 433/140/364 432/139/363 431/138/362
f 434/141/365 430/137/361 428/135/359
f 435/142/366 434/141/365 428/135/359
f 434/141/365 435/142/366 436/143/367
f 437/144/368 436/143/367 435/142/366
f 438/145/369 430/137/361 434/141/365
f 439/146/370 438/145/369 434/141/365
f 438/145/369 439/146/370 440/147/371
f 441/148/372 440/147/371 439/146/370
f 442/149/373 430/137/361 438/145/369
f 430/137/361 442/149/373 443/150/374
f 444/151/375 443/150/374 442/149/373
f 447/134/376 446/133/377 445/132/378
f 448/135/379 446/133/377 447/134/376
f 446/133/377 448/135/379 449/136/380
f 450/137/381 449/136/380 448/135/379
f 451/138/382 449/136/380 450/137/381
f 449/136/380 451/138/382 452/139/383
f 453/140/384 452/139/383 451/138/382
f 454/141/385 450/137/381 448/135/379
f 455/142/386 454/141/385 448/135/379
f 454/141/385 455/142/386 456/143/387
f 457/144/388 456/143/387 455/142/386
f 458/145/389 450/137/381 454/141/385
f 459/146/390 458/145/389 454/141/385
f 458/145/389 459/146/390 460/147/391
f 461/148/392 460/147/391 459/146/390
f 462/149/393 450/137/381 458/145/389
f 450/137/381 462/149/393 463/150/394
f 464/151/395 463/150/394 462/149/393
f 467/134/396 466/133/397 465/132/398
f 468/135/399 466/133/397 467/134/396
f 466/133/397 468/135/399 469/136/400
f 470/137/401 469/136/400 468/135/399
f 471/138/402 469/136/400 470/137/401
f 469/136/400 471/138/402 472/139/403
f 473/140/404 472/139/403 471/138/402
f 474/141/405 470/137/401 468/135/399
f 475/142/406 474/141/405 468/135/399
f 474/141/405 475/142/406 476/143/407
f 477/144/408 476/143/407 475/142/406
f 478/145/409 470/137/401 474/141/405
f 479/146/410 478/145/409 474/141/405
f 478/145/409 479/146/410 480/147/411
f 481/148/412 480/147/411 479/146/410
f 482/149/413 470/137/401 478/145/409
f 470/137/401 482/149/413 483/150/414
f 484/151/415 483/150/414 482/149/413
f 487/164/416 486/165/417 485/166/418
f 486/165/417 487/164/416 488/167/419
f 487/164/416 489/168/420 488/167/419
f 489/168/420 487/164/416 490/169/421
f 490/169/421 491/170/422 489/168/420
f 491/170/422 490/169/421 492/171/423
f 492/171/423 493/172/424 491/170/422
f 494/173/425 490/169/421 487/164/416
f 495/174/426 494/173/425 487/164/416
f 495/174/426 487/164/416 485/166/418
f 494/173/425 495/174/426 496/175/427
f 490/169/421 494/173/425 497/176/428
f 497/176/428 492/171/423 490/169/421
f 492/171/423 497/176/428 498/177/429
f 493/172/424 492/171/423 498/177/429
f 495/174/426 499/178/430 496/175/427
f 500/179/431 499/178/430 495/174/426
f 501/180/432 499/178/430 500/179/431
f 501/180/432 500/179/431 502/181/433
f 502/181/433 503/182/434 501/180/432
f 503/182/434 502/181/433 504/183/435
f 505/184/436 503/182/434 504/183/435
f 505/184/436 504/183/435 506/185/437
f 505/184/436 506/185/437 507/186/438
f 508/187/439 505/184/436 507/186/438
f 505/184/436 508/187/439 503/182/434
f 509/188/440 503/182/434 508/187/439
f 509/188/440 501/180/432 503/182/434
f 501/180/432 509/188/440 499/178/430
f 502/181/433 500/179/431 510/189/441
f 511/190/442 510/189/441 500/179/431
f 511/190/442 512/191/443 510/189/441
f 512/191/443 511/190/442 513/192/444
f 511/190/442 514/193/445 513/192/444
f 513/192/444 515/194/446 512/191/443
f 515/194/446 513/192/444 516/195/447
f 513/192/444 517/196/448 516/195/447
f 516/195/447 517/196/448 518/197/449
f 516/195/447 518/197/449 515/194/446
f 517/196/448 513/192/444 519/198/450
f 514/193/445 519/198/450 513/192/444
f 519/198/450 514/193/445 520/199/451
f 514/193/445 521/200/452 520/199/451
f 522/201/453 521/200/452 514/193/445
f 523/202/454 521/200/452 522/201/453
f 522/201/453 524/203/455 523/202/454
f 524/203/455 522/201/453 525/204/456
f 524/203/455 526/205/457 523/202/454
f 526/205/457 524/203/455 527/206/458
f 527/206/458 528/207/459 526/205/457
f 526/205/457 528/207/459 529/208/460
f 529/208/460 523/202/454 526/205/457
f 523/202/454 529/208/460 521/200/452
f 532/164/461 531/165/462 530/167/463
f 531/165/462 532/164/461 533/166/464
f 534/168/465 532/164/461 530/167/463
f 532/164/461 534/168/465 535/169/466
f 536/170/467 535/169/466 534/168/465
f 535/169/466 536/170/467 537/171/468
f 536/170/467 538/172/469 537/171/468
f 535/169/466 539/173/470 532/164/461
f 539/173/470 540/174/471 532/164/461
f 533/166/464 532/164/461 540/174/471
f 540/174/471 539/173/470 541/175/472
f 539/173/470 535/169/466 542/176/473
f 537/171/468 542/176/473 535/169/466
f 542/176/473 537/171/468 543/177/474
f 543/177/474 537/171/468 538/172/469
f 541/175/472 544/178/475 540/174/471
f 540/174/471 544/178/475 545/179/476
f 545/179/476 544/178/475 546/180/477
f 547/181/478 545/179/476 546/180/477
f 548/182/479 547/181/478 546/180/477
f 547/181/478 548/182/479 549/183/480
f 549/183/480 548/182/479 550/184/481
f 551/185/482 549/183/480 550/184/481
f 552/186/483 551/185/482 550/184/481
f 553/187/484 550/184/481 548/182/479
f 550/184/481 553/187/484 552/186/483
f 553/187/484 548/182/479 554/188/485
f 554/188/485 546/180/477 544/178/475
f 546/180/477 554/188/485 548/182/479
f 555/189/486 545/179/476 547/181/478
f 545/179/476 555/189/486 556/190/487
f 555/189/486 557/191/488 556/190/487
f 558/192/489 556/190/487 557/191/488
f 558/192/489 559/193/490 556/190/487
f 560/194/491 558/192/489 557/191/488
f 558/192/489 560/194/491 561/195/492
f 562/196/493 558/192/489 561/195/492
f 563/197/494 562/196/493 561/195/492
f 560/194/491 563/197/494 561/195/492
f 558/192/489 562/196/493 564/198/495
f 564/198/495 559/193/490 558/192/489
f 559/193/490 564/198/495 565/199/496
f 565/199/496 566/200/497 559/193/490
f 559/193/490 566/200/497 567/201/498
f 567/201/498 566/200/497 568/202/499
f 569/203/500 567/201/498 568/202/499
f 567/201/498 569/203/500 570/204/501
f 571/205/502 569/203/500 568/202/499
f 569/203/500 571/205/502 572/206/503
f 571/205/502 573/207/504 572/206/503
f 574/208/505 573/207/504 571/205/502
f 574/208/505 568/202/499 566/200/497
f 568/202/499 574/208/505 571/205/502
f 577/152/506 576/153/507 575/155/508
f 576/153/507 577/152/506 578/154/509
f 578/154/509 577/152/506 579/156/510
f 577/152/506 580/157/511 579/156/510
f 580/157/511 577/152/506 581/158/512
f 580/157/511 581/158/512 582/159/513
f 583/160/514 578/154/509 579/156/510
f 578/154/509 583/160/514 584/161/515
f 575/155/508 576/153/507 585/162/516
f 584/161/515 583/160/514 586/163/517
f 589/209/518 588/210/519 587/211/520
f 589/209/518 587/211/520 590/212/521
f 590/212/521 587/211/520 591/213/522
f 592/214/523 590/212/521 591/213/522
f 592/214/523 591/213/522 593/215/524
f 592/214/523 593/215/524 594/216/525
f 594/216/525 595/217/526 592/214/523
f 595/217/526 594/216/525 596/218/527
f 595/217/526 596/218/527 597/219/528
f 598/220/529 593/215/524 591/213/522
f 593/215/524 598/220/529 599/221/530
f 598/220/529 600/222/531 599/221/530
f 600/222/531 598/220/529 601/223/532
f 590/212/521 592/214/523 602/224/533
f 602/224/533 603/225/534 590/212/521
f 603/225/534 602/224/533 604/226/535
f 592/214/523 605/227/536 602/224/533
f 605/227/536 592/214/523 606/228/537
f 605/227/536 606/228/537 607/229/538
f 603/225/534 604/226/535 608/230/539
f 610/231/540 587/211/520 609/232/541
f 587/211/520 610/231/540 591/213/522
f 613/233/542 612/234/543 611/235/544
f 612/234/543 613/233/542 614/236/545
f 613/233/542 611/235/544 615/237/546
f 615/237/546 616/238/547 613/233/542
f 616/238/547 615/237/546 617/239/548
f 616/238/547 617/239/548 618/240/549
f 615/237/546 619/241/550 617/239/548
f 619/241/550 615/237/546 620/242/551
f 613/233/542 616/238/547 621/243/552
f 612/234/543 614/236/545 622/244/553
f 615/237/546 611/235/544 623/245/554
f 615/237/546 623/245/554 624/246/555
f 615/237/546 624/246/555 625/247/556
f 621/243/552 616/238/547 626/248/557
f 618/240/549 617/239/548 627/249/558
f 630/211/559 629/210/560 628/209/561
f 631/212/562 630/211/559 628/209/561
f 632/213/563 630/211/559 631/212/562
f 631/212/562 633/214/564 632/213/563
f 634/215/565 632/213/563 633/214/564
f 635/216/566 634/215/565 633/214/564
f 636/217/567 635/216/566 633/214/564
f 635/216/566 636/217/567 637/218/568
f 638/219/569 637/218/568 636/217/567
f 634/215/565 639/220/570 632/213/563
f 639/220/570 634/215/565 640/221/571
f 641/222/572 639/220/570 640/221/571
f 639/220/570 641/222/572 642/223/573
f 633/214/564 631/212/562 643/224/574
f 644/225/575 643/224/574 631/212/562
f 643/224/574 644/225/575 645/226/576
f 646/227/577 633/214/564 643/224/574
f 633/214/564 646/227/577 647/228/578
f 648/229/579 647/228/578 646/227/577
f 649/230/580 645/226/576 644/225/575
f 650/231/581 630/211/559 632/213/563
f 630/211/559 650/231/581 651/232/582
f 654/233/583 653/234/584 652/236/585
f 653/234/584 654/233/583 655/235/586
f 656/237/587 655/235/586 654/233/583
f 657/238/588 656/237/587 654/233/583
f 656/237/587 657/238/588 658/239/589
f 659/240/590 658/239/589 657/238/588
f 660/241/591 656/237/587 658/239/589
f 656/237/587 660/241/591 661/242/592
f 662/243/593 657/238/588 654/233/583
f 663/244/594 652/236/585 653/234/584
f 664/245/595 655/235/586 656/237/587
f 665/246/596 664/245/595 656/237/587
f 666/247/597 665/246/596 656/237/587
f 667/248/598 657/238/588 662/243/593
f 668/249/599 658/239/589 659/240/590
f 671/250/600 670/251/601 669/252/602
f 670/251/601 671/250/600 672/253/603
f 670/251/601 673/254/604 669/252/602
f 673/254/604 670/251/601 674/255/605
f 671/250/600 675/256/606 672/253/603
f 675/256/606 671/250/600 676/257/606
f 677/258/606 676/257/606 671/250/600
f 671/250/600 678/259/607 677/258/606
f 678/259/607 671/250/600 679/260/608
f 680/261/609 678/259/607 679/260/608
f 678/259/607 680/261/609 681/262/610
f 681/262/610 680/261/609 682/263/611
f 681/262/610 682/263/611 683/264/612
f 681/262/610 683/264/612 684/265/613
f 683/264/612 682/263/611 685/266/614
f 676/257/606 677/258/606 686/267/606
f 675/256/606 676/257/606 687/268/606
f 686/267/606 688/269/606 676/257/606
f 688/269/606 686/267/606 689/270/606
f 690/271/606 688/269/606 689/270/606
f 693/272/615 692/273/616 691/274/617
f 692/273/616 693/272/615 694/275/618
f 692/273/616 695/276/619 691/274/617
f 695/276/619 692/273/616 696/277/620
f 695/276/619 696/277/620 697/278/621
f 696/277/620 698/279/622 697/278/621
f 698/279/622 696/277/620 699/280/623
f 700/281/624 698/279/622 699/280/623
f 698/279/622 700/281/624 701/282/625
f 701/282/625 700/281/624 702/283/626
f 702/283/626 700/281/624 703/284/627
f 702/283/626 703/284/627 704/285/628
f 701/282/625 702/283/626 705/286/629
f 705/286/629 702/283/626 706/287/630
f 709/250/631 708/251/632 707/253/633
f 708/251/632 709/250/631 710/252/634
f 711/254/635 708/251/632 710/252/634
f 708/251/632 711/254/635 712/255/636
f 713/256/637 709/250/631 707/253/633
f 709/250/631 713/256/637 714/257/637
f 714/257/637 715/258/637 709/250/631
f 716/259/638 709/250/631 715/258/637
f 709/250/631 716/259/638 717/260/639
f 716/259/638 718/261/640 717/260/639
f 718/261/640 716/259/638 719/262/641
f 720/263/642 718/261/640 719/262/641
f 721/264/643 720/263/642 719/262/641
f 722/265/644 721/264/643 719/262/641
f 723/266/645 720/263/642 721/264/643
f 715/258/637 714/257/637 724/267/637
f 725/268/637 714/257/637 713/256/637
f 726/269/637 724/267/637 714/257/637
f 724/267/637 726/269/637 727/270/637
f 727/270/637 726/269/637 728/271/637
f 731/272/646 730/273/647 729/275/648
f 730/273/647 731/272/646 732/274/649
f 733/276/650 730/273/647 732/274/649
f 730/273/647 733/276/650 734/277/651
f 735/278/652 734/277/651 733/276/650
f 736/279/653 734/277/651 735/278/652
f 734/277/651 736/279/653 737/280/654
f 736/279/653 738/281/655 737/280/654
f 738/281/655 736/279/653 739/282/656
f 740/283/657 738/281/655 739/282/656
f 740/283/657 739/282/656 741/286/658
f 740/283/657 741/286/658 742/287/659
f 743/284/660 738/281/655 740/283/657
f 744/285/661 743/284/660 740/283/657
f 747/288/662 746/289/662 745/290/663
f 746/289/662 748/291/663 745/290/663
f 748/291/663 746/289/662 749/292/664
f 748/291/663 749/292/664 750/293/665
f 748/291/663 751/294/666 745/290/663
f 748/291/663 752/295/664 751/294/666
f 751/294/666 752/295/664 753/296/667
f 752/295/664 754/297/664 753/296/667
f 754/297/664 752/295/664 755/298/668
f 754/297/664 755/298/668 756/299/669
f 757/300/670 752/295/664 748/291/663
f 758/301/671 752/295/664 757/300/670
f 757/300/670 759/302/672 758/301/671
f 759/302/672 757/300/670 760/303/673
f 761/304/674 759/302/672 760/303/673
f 761/304/674 760/303/673 762/305/674
f 760/303/673 763/306/675 762/305/674
f 760/303/673 764/307/676 763/306/675
f 764/307/676 760/303/673 765/308/677
f 765/308/677 766/309/678 764/307/676
f 765/308/677 767/310/677 766/309/678
f 768/311/677 767/310/677 765/308/677
f 768/311/677 769/312/677 767/310/677
f 770/313/679 768/311/677 765/308/677
f 765/308/677 771/314/679 770/313/679
f 771/314/679 765/308/677 772/315/679
f 771/314/679 772/315/679 773/316/678
f 761/304/674 762/305/674 774/317/674
f 772/315/679 775/318/679 773/316/678
f 776/319/680 775/318/679 772/315/679
f 776/319/680 777/320/680 775/318/679
f 778/321/681 776/319/680 772/315/679
f 779/322/679 778/321/681 772/315/679
f 779/322/679 780/323/679 778/321/681
f 780/323/679 779/322/679 781/324/682
f 780/323/679 781/324/682 782/325/682
f 785/319/683 784/320/684 783/318/684
f 785/319/683 783/318/684 786/315/684
f 787/321/683 785/319/683 786/315/684
f 786/315/684 783/318/684 788/316/684
f 789/322/683 787/321/683 786/315/684
f 789/322/683 790/323/683 787/321/683
f 790/323/683 789/322/683 791/324/685
f 790/323/683 791/324/685 792/325/685
f 795/319/686 794/320/686 793/318/686
f 795/319/686 793/318/686 796/315/686
f 797/321/686 795/319/686 796/315/686
f 796/315/686 793/318/686 798/316/686
f 799/322/686 797/321/686 796/315/686
f 799/322/686 800/323/686 797/321/686
f 800/323/686 799/322/686 801/324/686
f 800/323/686 801/324/686 802/325/686
f 805/319/674 804/320/674 803/318/674
f 805/319/674 803/318/674 806/315/687
f 807/321/687 805/319/674 806/315/687
f 806/315/687 803/318/674 808/316/688
f 809/322/674 807/321/687 806/315/687
f 809/322/674 810/323/674 807/321/687
f 810/323/674 809/322/674 811/324/674
f 810/323/674 811/324/674 812/325/674
f 815/319/674 814/320/674 813/318/674
f 815/319/674 813/318/674 816/315/674
f 817/321/674 815/319/674 816/315/674
f 816/315/674 813/318/674 818/316/674
f 819/322/674 817/321/674 816/315/674
f 819/322/674 820/323/674 817/321/674
f 820/323/674 819/322/674 821/324/674
f 820/323/674 821/324/674 822/325/674
f 825/319/674 824/320/674 823/318/674
f 825/319/674 823/318/674 826/315/674
f 827/321/674 825/319/674 826/315/674
f 826/315/674 823/318/674 828/316/674
f 829/322/674 827/321/674 826/315/674
f 829/322/674 830/323/674 827/321/674
f 830/323/674 829/322/674 831/324/674
f 830/323/674 831/324/674 832/325/674
f 835/319/674 834/320/674 833/318/674
f 835/319/674 833/318/674 836/315/674
f 837/321/674 835/319/674 836/315/674
f 836/315/674 833/318/674 838/316/674
f 839/322/674 837/321/674 836/315/674
f 839/322/674 840/323/674 837/321/674
f 840/323/674 839/322/674 841/324/674
f 840/323/674 841/324/674 842/325/674
f 845/319/689 844/320/690 843/318/691
f 845/319/689 843/318/691 846/315/692
f 847/321/693 845/319/689 846/315/692
f 846/315/692 843/318/691 848/316/691
f 849/322/691 847/321/693 846/315/692
f 849/322/691 850/323/694 847/321/693
f 850/323/694 849/322/691 851/324/695
f 850/323/694 851/324/695 852/325/696
f 855/319/697 854/320/698 853/318/699
f 855/319/697 853/318/699 856/315/700
f 857/321/701 855/319/697 856/315/700
f 856/315/700 853/318/699 858/316/702
f 859/322/703 857/321/701 856/315/700
f 859/322/703 860/323/684 857/321/701
f 860/323/684 859/322/703 861/324/684
f 860/323/684 861/324/684 862/325/683
f 865/319/674 864/320/674 863/318/674
f 865/319/674 863/318/674 866/315/674
f 867/321/674 865/319/674 866/315/674
f 866/315/674 863/318/674 868/316/674
f 869/322/674 867/321/674 866/315/674
f 869/322/674 870/323/674 867/321/674
f 870/323/674 869/322/674 871/324/674
f 870/323/674 871/324/674 872/325/674
f 875/319/674 874/320/674 873/318/674
f 875/319/674 873/318/674 876/315/674
f 877/321/674 875/319/674 876/315/674
f 876/315/674 873/318/674 878/316/674
f 879/322/674 877/321/674 876/315/674
f 879/322/674 880/323/674 877/321/674
f 880/323/674 879/322/674 881/324/674
f 880/323/674 881/324/674 882/325/674
f 885/319/674 884/320/674 883/318/674
f 885/319/674 883/318/674 886/315/674
f 887/321/674 885/319/674 886/315/674
f 886/315/674 883/318/674 888/316/674
f 889/322/674 887/321/674 886/315/674
f 889/322/674 890/323/704 887/321/674
f 890/323/704 889/322/674 891/324/674
f 890/323/704 891/324/674 892/325/674
f 895/319/674 894/320/674 893/318/674
f 895/319/674 893/318/674 896/315/674
f 897/321/674 895/319/674 896/315/674
f 896/315/674 893/318/674 898/316/674
f 899/322/674 897/321/674 896/315/674
f 899/322/674 900/323/674 897/321/674
f 900/323/674 899/322/674 901/324/674
f 900/323/674 901/324/674 902/325/674
f 901/324/674 903/326/674 902/325/674
f 904/327/674 903/326/674 901/324/674
f 904/327/674 905/328/674 903/326/674
f 906/329/674 904/327/674 901/324/674
f 907/330/704 906/329/674 901/324/674
f 908/331/704 906/329/674 907/330/704
f 911/332/705 910/333/706 909/334/707
f 910/333/706 912/335/708 909/334/707
f 912/335/708 910/333/706 913/336/709
f 912/335/708 913/336/709 914/337/710
f 912/335/708 915/338/711 909/334/707
f 912/335/708 916/339/712 915/338/711
f 915/338/711 916/339/712 917/340/713
f 916/339/712 918/341/714 917/340/713
f 918/341/714 916/339/712 919/342/715
f 918/341/714 919/342/715 920/343/716
f 921/344/717 916/339/712 912/335/708
f 922/345/718 916/339/712 921/344/717
f 921/344/717 923/346/719 922/345/718
f 923/346/719 921/344/717 924/347/720
f 925/348/721 923/346/719 924/347/720
f 925/348/721 924/347/720 926/349/722
f 924/347/720 927/350/723 926/349/722
f 924/347/720 928/351/724 927/350/723
f 928/351/724 924/347/720 929/352/725
f 929/352/725 930/353/726 928/351/724
f 929/352/725 931/354/727 930/353/726
f 932/355/728 931/354/727 929/352/725
f 932/355/728 933/356/729 931/354/727
f 934/357/730 932/355/728 929/352/725
f 929/352/725 935/358/731 934/357/730
f 935/358/731 929/352/725 936/359/732
f 935/358/731 936/359/732 937/360/733
f 925/348/721 926/349/722 938/361/734
f 936/359/732 939/362/735 937/360/733
f 940/363/736 939/362/735 936/359/732
f 940/363/736 941/364/737 939/362/735
f 942/365/738 940/363/736 936/359/732
f 943/366/739 942/365/738 936/359/732
f 943/366/739 944/367/740 942/365/738
f 944/367/740 943/366/739 945/368/741
f 944/367/740 945/368/741 946/369/742
f 949/363/743 948/364/744 947/362/745
f 949/363/743 947/362/745 950/359/746
f 951/365/747 949/363/743 950/359/746
f 950/359/746 947/362/745 952/360/748
f 953/366/749 951/365/747 950/359/746
f 953/366/749 954/367/750 951/365/747
f 954/367/750 953/366/749 955/368/751
f 954/367/750 955/368/751 956/369/752
f 959/363/753 958/364/754 957/362/755
f 959/363/753 957/362/755 960/359/756
f 961/365/757 959/363/753 960/359/756
f 960/359/756 957/362/755 962/360/758
f 963/366/759 961/365/757 960/359/756
f 963/366/759 964/367/760 961/365/757
f 964/367/760 963/366/759 965/368/761
f 964/367/760 965/368/761 966/369/762
f 969/363/763 968/364/764 967/362/765
f 969/363/763 967/362/765 970/359/766
f 971/365/767 969/363/763 970/359/766
f 970/359/766 967/362/765 972/360/768
f 973/366/769 971/365/767 970/359/766
f 973/366/769 974/367/770 971/365/767
f 974/367/770 973/366/769 975/368/771
f 974/367/770 975/368/771 976/369/772
f 979/363/773 978/364/774 977/362/775
f 979/363/773 977/362/775 980/359/776
f 981/365/777 979/363/773 980/359/776
f 980/359/776 977/362/775 982/360/778
f 983/366/779 981/365/777 980/359/776
f 983/366/779 984/367/780 981/365/777
f 984/367/780 983/366/779 985/368/781
f 984/367/780 985/368/781 986/369/782
f 989/363/783 988/364/784 987/362/785
f 989/363/783 987/362/785 990/359/786
f 991/365/787 989/363/783 990/359/786
f 990/359/786 987/362/785 992/360/788
f 993/366/789 991/365/787 990/359/786
f 993/366/789 994/367/790 991/365/787
f 994/367/790 993/366/789 995/368/791
f 994/367/790 995/368/791 996/369/792
f 999/363/793 998/364/794 997/362/795
f 999/363/793 997/362/795 1000/359/796
f 1001/365/797 999/363/793 1000/359/796
f 1000/359/796 997/362/795 1002/360/798
f 1003/366/799 1001/365/797 1000/359/796
f 1003/366/799 1004/367/800 1001/365/797
f 1004/367/800 1003/366/799 1005/368/801
f 1004/367/800 1005/368/801 1006/369/802
f 1009/363/803 1008/364/804 1007/362/805
f 1009/363/803 1007/362/805 1010/359/806
f 1011/365/807 1009/363/803 1010/359/806
f 1010/359/806 1007/362/805 1012/360/808
f 1013/366/809 1011/365/807 1010/359/806
f 1013/366/809 1014/367/810 1011/365/807
f 1014/367/810 1013/366/809 1015/368/811
f 1014/367/810 1015/368/811 1016/369/812
f 1019/363/813 1018/364/814 1017/362/815
f 1019/363/813 1017/362/815 1020/359/816
f 1021/365/817 1019/363/813 1020/359/816
f 1020/359/816 1017/362/815 1022/360/818
f 1023/366/819 1021/365/817 1020/359/816
f 1023/366/819 1024/367/820 1021/365/817
f 1024/367/820 1023/366/819 1025/368/821
f 1024/367/820 1025/368/821 1026/369/822
f 1029/363/823 1028/364/824 1027/362/825
f 1029/363/823 1027/362/825 1030/359/826
f 1031/365/827 1029/363/823 1030/359/826
f 1030/359/826 1027/362/825 1032/360/828
f 1033/366/829 1031/365/827 1030/359/826
f 1033/366/829 1034/367/830 1031/365/827
f 1034/367/830 1033/366/829 1035/368/831
f 1034/367/830 1035/368/831 1036/369/832
f 1039/363/833 1038/364/834 1037/362/835
f 1039/363/833 1037/362/835 1040/359/836
f 1041/365/837 1039/363/833 1040/359/836
f 1040/359/836 1037/362/835 1042/360/838
f 1043/366/839 1041/365/837 1040/359/836
f 1043/366/839 1044/367/840 1041/365/837
f 1044/367/840 1043/366/839 1045/368/841
f 1044/367/840 1045/368/841 1046/369/842
f 1049/363/843 1048/364/844 1047/362/845
f 1049/363/843 1047/362/845 1050/359/846
f 1051/365/847 1049/363/843 1050/359/846
f 1050/359/846 1047/362/845 1052/360/848
f 1053/366/849 1051/365/847 1050/359/846
f 1053/366/849 1054/367/850 1051/365/847
f 1054/367/850 1053/366/849 1055/368/851
f 1054/367/850 1055/368/851 1056/369/852
f 1059/363/853 1058/364/854 1057/362/855
f 1059/363/853 1057/362/855 1060/359/856
f 1061/365/857 1059/363/853 1060/359/856
f 1060/359/856 1057/362/855 1062/360/858
f 1063/366/859 1061/365/857 1060/359/856
f 1063/366/859 1064/367/860 1061/365/857
f 1064/367/860 1063/366/859 1065/368/861
f 1064/367/860 1065/368/861 1066/369/862
f 1065/368/861 1067/370/863 1066/369/862
f 1068/371/864 1067/370/863 1065/368/861
f 1068/371/864 1069/372/865 1067/370/863
f 1070/373/866 1068/371/864 1065/368/861
f 1071/374/867 1070/373/866 1065/368/861
f 1074/334/868 1073/333/869 1072/332/870
f 1075/335/871 1073/333/869 1074/334/868
f 1073/333/869 1075/335/871 1076/336/872
f 1077/337/873 1076/336/872 1075/335/871
f 1074/334/868 1078/338/874 1075/335/871
f 1078/338/874 1079/339/875 1075/335/871
f 1075/335/871 1079/339/875 1080/344/876
f 1080/344/876 1079/339/875 1081/345/877
f 1082/340/878 1079/339/875 1078/338/874
f 1083/341/879 1079/339/875 1082/340/878
f 1079/339/875 1083/341/879 1084/342/880
f 1085/343/881 1084/342/880 1083/341/879
f 1086/346/882 1080/344/876 1081/345/877
f 1080/344/876 1086/346/882 1087/347/883
f 1087/347/883 1086/346/882 1088/348/884
f 1089/349/885 1087/347/883 1088/348/884
f 1089/349/885 1090/350/886 1087/347/883
f 1091/351/887 1087/347/883 1090/350/886
f 1087/347/883 1091/351/887 1092/352/888
f 1091/351/887 1093/353/889 1092/352/888
f 1093/353/889 1094/354/890 1092/352/888
f 1092/352/888 1094/354/890 1095/355/891
f 1094/354/890 1096/356/892 1095/355/891
f 1092/352/888 1095/355/891 1097/357/893
f 1098/358/894 1092/352/888 1097/357/893
f 1092/352/888 1098/358/894 1099/359/895
f 1100/360/896 1099/359/895 1098/358/894
f 1101/361/897 1089/349/885 1088/348/884
f 1100/360/896 1102/362/898 1099/359/895
f 1099/359/895 1102/362/898 1103/363/899
f 1102/362/898 1104/364/900 1103/363/899
f 1099/359/895 1103/363/899 1105/365/901
f 1099/359/895 1105/365/901 1106/366/902
f 1105/365/901 1107/367/903 1106/366/902
f 1108/368/904 1106/366/902 1107/367/903
f 1109/369/905 1108/368/904 1107/367/903
f 1112/362/906 1111/364/907 1110/363/908
f 1113/359/909 1112/362/906 1110/363/908
f 1113/359/909 1110/363/908 1114/365/910
f 1115/360/911 1112/362/906 1113/359/909
f 1113/359/909 1114/365/910 1116/366/912
f 1114/365/910 1117/367/913 1116/366/912
f 1118/368/914 1116/366/912 1117/367/913
f 1119/369/915 1118/368/914 1117/367/913
f 1122/362/916 1121/364/917 1120/363/918
f 1123/359/919 1122/362/916 1120/363/918
f 1123/359/919 1120/363/918 1124/365/920
f 1125/360/921 1122/362/916 1123/359/919
f 1123/359/919 1124/365/920 1126/366/922
f 1124/365/920 1127/367/923 1126/366/922
f 1128/368/924 1126/366/922 1127/367/923
f 1129/369/925 1128/368/924 1127/367/923
f 1132/362/926 1131/364/927 1130/363/928
f 1133/359/929 1132/362/926 1130/363/928
f 1133/359/929 1130/363/928 1134/365/930
f 1135/360/931 1132/362/926 1133/359/929
f 1133/359/929 1134/365/930 1136/366/932
f 1134/365/930 1137/367/933 1136/366/932
f 1138/368/934 1136/366/932 1137/367/933
f 1139/369/935 1138/368/934 1137/367/933
f 1142/362/936 1141/364/937 1140/363/938
f 1143/359/939 1142/362/936 1140/363/938
f 1143/359/939 1140/363/938 1144/365/940
f 1145/360/941 1142/362/936 1143/359/939
f 1143/359/939 1144/365/940 1146/366/942
f 1144/365/940 1147/367/943 1146/366/942
f 1148/368/944 1146/366/942 1147/367/943
f 1149/369/945 1148/368/944 1147/367/943
f 1152/362/946 1151/364/947 1150/363/948
f 1153/359/949 1152/362/946 1150/363/948
f 1153/359/949 1150/363/948 1154/365/950
f 1155/360/951 1152/362/946 1153/359/949
f 1153/359/949 1154/365/950 1156/366/952
f 1154/365/950 1157/367/953 1156/366/952
f 1158/368/954 1156/366/952 1157/367/953
f 1159/369/955 1158/368/954 1157/367/953
f 1162/362/956 1161/364/957 1160/363/958
f 1163/359/959 1162/362/956 1160/363/958
f 1163/359/959 1160/363/958 1164/365/960
f 1165/360/961 1162/362/956 1163/359/959
f 1163/359/959 1164/365/960 1166/366/962
f 1164/365/960 1167/367/963 1166/366/962
f 1168/368/964 1166/366/962 1167/367/963
f 1169/369/965 1168/368/964 1167/367/963
f 1172/362/966 1171/364/967 1170/363/968
f 1173/359/969 1172/362/966 1170/363/968
f 1173/359/969 1170/363/968 1174/365/970
f 1175/360/971 1172/362/966 1173/359/969
f 1173/359/969 1174/365/970 1176/366/972
f 1174/365/970 1177/367/973 1176/366/972
f 1178/368/974 1176/366/972 1177/367/973
f 1179/369/975 1178/368/974 1177/367/973
f 1182/362/976 1181/364/977 1180/363/978
f 1183/359/979 1182/362/976 1180/363/978
f 1183/359/979 1180/363/978 1184/365/980
f 1185/360/981 1182/362/976 1183/359/979
f 1183/359/979 1184/365/980 1186/366/982
f 1184/365/980 1187/367/983 1186/366/982
f 1188/368/984 1186/366/982 1187/367/983
f 1189/369/985 1188/368/984 1187/367/983
f 1192/362/986 1191/364/987 1190/363/988
f 1193/359/989 1192/362/986 1190/363/988
f 1193/359/989 1190/363/988 1194/365/990
f 1195/360/991 1192/362/986 1193/359/989
f 1193/359/989 1194/365/990 1196/366/992
f 1194/365/990 1197/367/993 1196/366/992
f 1198/368/994 1196/366/992 1197/367/993
f 1199/369/995 1198/368/994 1197/367/993
f 1202/362/996 1201/364/997 1200/363/998
f 1203/359/999 1202/362/996 1200/363/998
f 1203/359/999 1200/363/998 1204/365/1000
f 1205/360/1001 1202/362/996 1203/359/999
f 1203/359/999 1204/365/1000 1206/366/1002
f 1204/365/1000 1207/367/1003 1206/366/1002
f 1208/368/1004 1206/366/1002 1207/367/1003
f 1209/369/1005 1208/368/1004 1207/367/1003
f 1212/362/1006 1211/364/1007 1210/363/1008
f 1213/359/1009 1212/362/1006 1210/363/1008
f 1213/359/1009 1210/363/1008 1214/365/1010
f 1215/360/1011 1212/362/1006 1213/359/1009
f 1213/359/1009 1214/365/1010 1216/366/1012
f 1214/365/1010 1217/367/1013 1216/366/1012
f 1218/368/1014 1216/366/1012 1217/367/1013
f 1219/369/1015 1218/368/1014 1217/367/1013
f 1222/362/1016 1221/364/1017 1220/363/1018
f 1223/359/1019 1222/362/1016 1220/363/1018
f 1223/359/1019 1220/363/1018 1224/365/1020
f 1225/360/1021 1222/362/1016 1223/359/1019
f 1223/359/1019 1224/365/1020 1226/366/1022
f 1224/365/1020 1227/367/1023 1226/366/1022
f 1228/368/1024 1226/366/1022 1227/367/1023
f 1229/369/1025 1228/368/1024 1227/367/1023
f 1229/369/1025 1230/370/1026 1228/368/1024
f 1228/368/1024 1230/370/1026 1231/371/1027
f 1230/370/1026 1232/372/1028 1231/371/1027
f 1228/368/1024 1231/371/1027 1233/373/1029
f 1228/368/1024 1233/373/1029 1234/374/1030
f 1237/375/1031 1236/376/1032 1235/377/1033
f 1238/378/1034 1236/376/1032 1237/375/1031
f 1236/376/1032 1238/378/1034 1239/379/1035
f 1238/378/1034 1240/380/1036 1239/379/1035
f 1240/380/1036 1238/378/1034 1241/381/1037
f 1241/381/1037 1242/382/1038 1240/380/1036
f 1242/382/1038 1241/381/1037 1243/383/1039
f 1244/384/1040 1242/382/1038 1243/383/1039
f 1242/382/1038 1244/384/1040 1245/385/1041
f 1246/386/1042 1245/385/1041 1244/384/1040
f 1245/385/1041 1246/386/1042 1247/387/1043
f 1248/388/1044 1247/387/1043 1246/386/1042
f 1247/387/1043 1248/388/1044 1249/389/1045
f 1249/389/1045 1248/388/1044 1250/390/1046
f 1253/391/1047 1252/392/1048 1251/393/1049
f 1254/394/1050 1253/391/1047 1251/393/1049
f 1253/391/1047 1254/394/1050 1255/395/1051
f 1254/394/1050 1256/396/1052 1255/395/1051
f 1256/396/1052 1254/394/1050 1257/397/1053
f 1257/397/1053 1258/398/1054 1256/396/1052
f 1258/398/1054 1257/397/1053 1259/399/1055
f 1259/399/1055 1260/400/1056 1258/398/1054
f 1260/400/1056 1259/399/1055 1261/401/1057
f 1261/401/1057 1262/402/1058 1260/400/1056
f 1262/402/1058 1261/401/1057 1263/403/1059
f 1264/404/1060 1262/402/1058 1263/403/1059
f 1262/402/1058 1264/404/1060 1265/405/1061
f 1266/406/1062 1265/405/1061 1264/404/1060
f 1269/407/1063 1268/408/1064 1267/409/674
f 1270/410/1065 1268/408/1064 1269/407/1063
f 1268/408/1064 1270/410/1065 1271/411/1066
f 1270/410/1065 1272/412/1067 1271/411/1066
f 1272/412/1067 1270/410/1065 1273/413/1068
f 1273/413/1068 1274/414/1069 1272/412/1067
f 1274/414/1069 1273/413/1068 1275/415/1070
f 1276/416/1071 1274/414/1069 1275/415/1070
f 1274/414/1069 1276/416/1071 1277/417/1072
f 1278/418/1073 1277/417/1072 1276/416/1071
f 1277/417/1072 1278/418/1073 1279/419/1074
f 1278/418/1073 1280/420/1075 1279/419/1074
f 1280/420/1075 1278/418/1073 1281/421/1076
f 1280/420/1075 1281/421/1076 1282/422/1077
f 1285/423/1078 1284/424/1078 1283/425/1078
f 1288/423/1079 1287/426/1080 1286/427/1081
f 1287/426/1080 1288/423/1079 1289/425/1082
f 1287/426/1080 1290/428/1083 1286/427/1081
f 1290/428/1083 1287/426/1080 1291/429/1084
f 1292/430/1085 1290/428/1083 1291/429/1084
f 1292/430/1085 1291/429/1084 1293/431/1086
f 1293/431/1086 1294/432/1087 1292/430/1085
f 1294/432/1087 1293/431/1086 1295/433/1088
f 1296/434/1089 1294/432/1087 1295/433/1088
f 1297/435/1090 1290/428/1083 1292/430/1085
f 1300/436/1091 1299/437/1092 1298/438/1093
f 1299/437/1092 1300/436/1091 1301/439/1094
f 1302/440/1095 1298/438/1093 1299/437/1092
f 1298/438/1093 1302/440/1095 1303/441/1096
f 1304/442/1097 1303/441/1096 1302/440/1095
f 1303/441/1096 1304/442/1097 1305/443/1098
f 1301/439/1094 1300/436/1091 1306/444/1099
f 1304/442/1097 1307/445/1100 1305/443/1098
f 1307/445/1100 1304/442/1097 1308/446/1101
f 1308/446/1101 1309/447/1102 1307/445/1100
f 1309/447/1102 1308/446/1101 1310/448/1103
f 1310/448/1103 1311/449/1104 1309/447/1102
f 1311/449/1104 1310/448/1103 1312/450/1105
f 1311/449/1104 1312/450/1105 1313/451/1106
f 1316/452/1107 1315/453/1108 1314/454/1109
f 1315/453/1108 1316/452/1107 1317/455/1110
f 1318/456/1111 1316/452/1107 1314/454/1109
f 1317/455/1110 1319/457/1112 1315/453/1108
f 1319/457/1112 1317/455/1110 1320/458/1113
f 1321/459/1114 1319/457/1112 1320/458/1113
f 1319/457/1112 1321/459/1114 1322/460/1115
f 1321/459/1114 1323/461/1116 1322/460/1115
f 1326/462/1117 1325/463/1118 1324/464/1119
f 1327/465/1120 1325/463/1118 1326/462/1117
f 1325/463/1118 1327/465/1120 1328/466/1121
f 1327/465/1120 1329/467/1122 1328/466/1121
f 1329/467/1122 1327/465/1120 1330/468/1123
f 1330/468/1123 1331/469/1124 1329/467/1122
f 1331/469/1124 1330/468/1123 1332/470/1125
f 1333/471/1126 1331/469/1124 1332/470/1125
f 1331/469/1124 1333/471/1126 1334/472/1127
f 1335/473/1128 1334/472/1127 1333/471/1126
f 1334/472/1127 1335/473/1128 1336/474/1129
f 1335/473/1128 1337/475/1130 1336/474/1129
f 1337/475/1130 1335/473/1128 1338/476/1131
f 1339/477/1132 1337/475/1130 1338/476/1131
f 1337/475/1130 1339/477/1132 1340/478/1133
f 1340/478/1133 1339/477/1132 1341/479/1134
f 1344/377/1135 1343/376/1136 1342/375/1137
f 1343/376/1136 1345/378/1138 1342/375/1137
f 1345/378/1138 1343/376/1136 1346/379/1139
f 1347/380/1140 1345/378/1138 1346/379/1139
f 1345/378/1138 1347/380/1140 1348/381/1141
f 1349/382/1142 1348/381/1141 1347/380/1140
f 1348/381/1141 1349/382/1142 1350/383/1143
f 1349/382/1142 1351/384/1144 1350/383/1143
f 1351/384/1144 1349/382/1142 1352/385/1145
f 1352/385/1145 1353/386/1146 1351/384/1144
f 1353/386/1146 1352/385/1145 1354/387/1147
f 1354/387/1147 1355/388/1148 1353/386/1146
f 1355/388/1148 1354/387/1147 1356/389/1149
f 1357/390/1150 1355/388/1148 1356/389/1149
f 1360/393/1151 1359/392/1152 1358/391/1153
f 1358/391/1153 1361/394/1154 1360/393/1151
f 1361/394/1154 1358/391/1153 1362/395/1155
f 1363/396/1156 1361/394/1154 1362/395/1155
f 1361/394/1154 1363/396/1156 1364/397/1157
f 1365/398/1158 1364/397/1157 1363/396/1156
f 1364/397/1157 1365/398/1158 1366/399/1159
f 1367/400/1160 1366/399/1159 1365/398/1158
f 1366/399/1159 1367/400/1160 1368/401/1161
f 1369/402/1162 1368/401/1161 1367/400/1160
f 1368/401/1161 1369/402/1162 1370/403/1163
f 1369/402/1162 1371/404/1164 1370/403/1163
f 1371/404/1164 1369/402/1162 1372/405/1165
f 1371/404/1164 1372/405/1165 1373/406/1166
f 1376/409/1167 1375/408/1168 1374/407/1169
f 1375/408/1168 1377/410/1170 1374/407/1169
f 1377/410/1170 1375/408/1168 1378/411/1171
f 1379/412/1172 1377/410/1170 1378/411/1171
f 1377/410/1170 1379/412/1172 1380/413/1173
f 1381/414/1174 1380/413/1173 1379/412/1172
f 1380/413/1173 1381/414/1174 1382/415/1175
f 1381/414/1174 1383/416/1176 1382/415/1175
f 1383/416/1176 1381/414/1174 1384/417/1177
f 1384/417/1177 1385/418/1178 1383/416/1176
f 1385/418/1178 1384/417/1177 1386/419/1179
f 1387/420/1180 1385/418/1178 1386/419/1179
f 1385/418/1178 1387/420/1180 1388/421/1181
f 1389/422/1182 1388/421/1181 1387/420/1180
f 1392/425/1183 1391/424/1183 1390/423/1183
f 1395/426/1184 1394/423/1185 1393/427/1186
f 1394/423/1185 1395/426/1184 1396/425/1187
f 1397/428/1188 1395/426/1184 1393/427/1186
f 1395/426/1184 1397/428/1188 1398/429/1189
f 1398/429/1189 1397/428/1188 1399/430/1190
f 1399/430/1190 1397/428/1188 1400/435/1191
f 1398/429/1189 1399/430/1190 1401/431/1192
f 1402/432/1193 1401/431/1192 1399/430/1190
f 1401/431/1192 1402/432/1193 1403/433/1194
f 1403/433/1194 1402/432/1193 1404/434/1195
f 1407/436/1196 1406/437/1197 1405/439/1198
f 1406/437/1197 1407/436/1196 1408/438/1199
f 1408/438/1199 1409/440/1200 1406/437/1197
f 1409/440/1200 1408/438/1199 1410/441/1201
f 1410/441/1201 1411/442/1202 1409/440/1200
f 1411/442/1202 1410/441/1201 1412/443/1203
f 1413/444/1204 1407/436/1196 1405/439/1198
f 1414/445/1205 1411/442/1202 1412/443/1203
f 1411/442/1202 1414/445/1205 1415/446/1206
f 1416/447/1207 1415/446/1206 1414/445/1205
f 1415/446/1206 1416/447/1207 1417/448/1208
f 1418/449/1209 1417/448/1208 1416/447/1207
f 1417/448/1208 1418/449/1209 1419/450/1210
f 1420/451/1211 1419/450/1210 1418/449/1209
f 1423/452/1212 1422/453/1213 1421/455/1214
f 1422/453/1213 1423/452/1212 1424/454/1215
f 1424/454/1215 1423/452/1212 1425/456/1216
f 1426/457/1217 1421/455/1214 1422/453/1213
f 1421/455/1214 1426/457/1217 1427/458/1218
f 1426/457/1217 1428/459/1219 1427/458/1218
f 1428/459/1219 1426/457/1217 1429/460/1220
f 1429/460/1220 1430/461/1221 1428/459/1219
f 1433/464/1222 1432/463/1223 1431/462/1224
f 1432/463/1223 1434/465/1225 1431/462/1224
f 1434/465/1225 1432/463/1223 1435/466/1226
f 1436/467/1227 1434/465/1225 1435/466/1226
f 1434/465/1225 1436/467/1227 1437/468/1228
f 1438/469/1229 1437/468/1228 1436/467/1227
f 1437/468/1228 1438/469/1229 1439/470/1230
f 1438/469/1229 1440/471/1231 1439/470/1230
f 1440/471/1231 1438/469/1229 1441/472/1232
f 1441/472/1232 1442/473/1233 1440/471/1231
f 1442/473/1233 1441/472/1232 1443/474/1234
f 1444/475/1235 1442/473/1233 1443/474/1234
f 1442/473/1233 1444/475/1235 1445/476/1236
f 1446/478/1237 1445/476/1236 1444/475/1235
f 1445/476/1236 1446/478/1237 1447/477/1238
f 1447/477/1238 1446/478/1237 1448/479/1239
f 1451/480/1240 1450/481/1241 1449/482/674
f 1452/483/1242 1450/481/1241 1451/480/1240
f 1450/481/1241 1452/483/1242 1453/484/1243
f 1454/485/1244 1453/484/1243 1452/483/1242
f 1453/484/1243 1454/485/1244 1455/486/1245
f 1456/487/1246 1455/486/1245 1454/485/1244
f 1459/488/1247 1458/489/1248 1457/490/674
f 1460/491/1249 1458/489/1248 1459/488/1247
f 1458/489/1248 1460/491/1249 1461/492/1250
f 1462/493/1251 1461/492/1250 1460/491/1249
f 1461/492/1250 1462/493/1251 1463/494/1252
f 1464/495/1253 1463/494/1252 1462/493/1251
f 1463/494/1252 1464/495/1253 1465/496/1254
f 1465/496/1254 1464/495/1253 1466/497/1255
f 1469/498/1256 1468/499/1257 1467/500/674
f 1470/501/1258 1468/499/1257 1469/498/1256
f 1468/499/1257 1470/501/1258 1471/502/1259
f 1472/503/1260 1471/502/1259 1470/501/1258
f 1471/502/1259 1472/503/1260 1473/504/1261
f 1474/505/1262 1473/504/1261 1472/503/1260
f 1473/504/1261 1474/505/1262 1475/506/1263
f 1475/506/1263 1474/505/1262 1476/507/1264
f 1479/482/1167 1478/481/1265 1477/480/1266
f 1478/481/1265 1480/483/1267 1477/480/1266
f 1480/483/1267 1478/481/1265 1481/484/1268
f 1481/484/1268 1482/485/1269 1480/483/1267
f 1482/485/1269 1481/484/1268 1483/486/1270
f 1482/485/1269 1483/486/1270 1484/487/1271
f 1487/490/1167 1486/489/1272 1485/488/1273
f 1486/489/1272 1488/491/1274 1485/488/1273
f 1488/491/1274 1486/489/1272 1489/492/1275
f 1489/492/1275 1490/493/1276 1488/491/1274
f 1490/493/1276 1489/492/1275 1491/494/1277
f 1491/494/1277 1492/495/1278 1490/493/1276
f 1492/495/1278 1491/494/1277 1493/496/1279
f 1494/508/1280 1492/495/1278 1493/496/1279
f 1497/500/1167 1496/499/1281 1495/498/1282
f 1496/499/1281 1498/501/1283 1495/498/1282
f 1498/501/1283 1496/499/1281 1499/502/1284
f 1499/502/1284 1500/503/1285 1498/501/1283
f 1500/503/1285 1499/502/1284 1501/504/1286
f 1501/504/1286 1502/505/1287 1500/503/1285
f 1502/505/1287 1501/504/1286 1503/506/1288
f 1504/507/1289 1502/505/1287 1503/506/1288
f 1507/509/674 1506/510/674 1505/511/674
f 1508/512/674 1505/511/674 1506/510/674
f 1505/511/674 1508/512/674 1509/513/674
f 1510/514/674 1509/513/674 1508/512/674
f 1509/513/674 1510/514/674 1511/515/674
f 1510/514/674 1512/516/674 1511/515/674
f 1512/516/674 1510/514/674 1513/517/674
f 1513/517/674 1514/518/674 1512/516/674
f 1514/518/674 1513/517/674 1515/519/674
f 1515/519/674 1516/520/674 1514/518/674
f 1516/520/674 1515/519/674 1517/521/674
f 1516/520/674 1517/521/674 1518/522/674
f 1521/516/674 1520/515/674 1519/523/674
f 1519/523/674 1520/515/674 1522/524/674
f 1525/525/1290 1524/526/1291 1523/527/1292
f 1524/526/1291 1525/525/1290 1526/528/1293
f 1523/527/1292 1527/529/1294 1525/525/1290
f 1527/529/1294 1528/530/1295 1525/525/1290
f 1528/530/1295 1527/529/1294 1529/531/1296
f 1529/531/1296 1530/532/1297 1528/530/1295
f 1530/532/1297 1529/531/1296 1531/533/1298
f 1529/531/1296 1532/534/1299 1531/533/1298
f 1532/534/1299 1533/535/1300 1531/533/1298
f 1525/525/1290 1534/536/1301 1526/528/1293
f 1534/536/1301 1525/525/1290 1528/530/1295
f 1537/537/1302 1536/538/1303 1535/539/1304
f 1536/538/1303 1537/537/1302 1538/540/1305
f 1539/541/1306 1538/540/1305 1537/537/1302
f 1538/540/1305 1539/541/1306 1540/542/1307
f 1538/540/1305 1541/543/1308 1536/538/1303
f 1541/543/1308 1538/540/1305 1542/544/1309
f 1542/544/1309 1538/540/1305 1540/542/1307
f 1545/545/1310 1544/546/1311 1543/547/1312
f 1544/546/1311 1545/545/1310 1546/548/1313
f 1547/549/1314 1543/547/1312 1544/546/1311
f 1543/547/1312 1547/549/1314 1548/550/1315
f 1549/541/1316 1546/548/1313 1545/545/1310
f 1545/545/1310 1550/542/1317 1549/541/1316
f 1547/549/1314 1551/551/1318 1548/550/1315
f 1552/552/1319 1551/551/1318 1547/549/1314
f 1551/551/1318 1552/552/1319 1553/553/1320
f 1551/551/1318 1553/553/1320 1554/554/1321
f 1550/542/1317 1545/545/1310 1555/544/1322
f 1558/525/1323 1557/526/1324 1556/528/1325
f 1557/526/1324 1558/525/1323 1559/527/1326
f 1558/525/1323 1560/529/1327 1559/527/1326
f 1561/530/1328 1560/529/1327 1558/525/1323
f 1560/529/1327 1561/530/1328 1562/531/1329
f 1563/532/1330 1562/531/1329 1561/530/1328
f 1562/531/1329 1563/532/1330 1564/533/1331
f 1564/533/1331 1565/534/1332 1562/531/1329
f 1564/533/1331 1566/535/1333 1565/534/1332
f 1558/525/1323 1567/536/1334 1561/530/1328
f 1567/536/1334 1558/525/1323 1556/528/1325
f 1570/555/1335 1569/556/1336 1568/557/1337
f 1569/556/1336 1570/555/1335 1571/558/1338
f 1568/557/1337 1572/559/1339 1570/555/1335
f 1572/559/1339 1568/557/1337 1573/560/1340
f 1574/543/1341 1568/557/1337 1569/556/1336
f 1568/557/1337 1574/543/1341 1575/544/1342
f 1573/560/1340 1568/557/1337 1575/544/1342
f 1578/545/1343 1577/561/1344 1576/562/1345
f 1577/561/1344 1578/545/1343 1579/547/1346
f 1579/547/1346 1580/563/1347 1577/561/1344
f 1580/563/1347 1579/547/1346 1581/550/1348
f 1578/545/1343 1576/562/1345 1582/559/1349
f 1582/559/1349 1583/560/1350 1578/545/1343
f 1581/550/1348 1584/551/1351 1580/563/1347
f 1580/563/1347 1584/551/1351 1585/564/1352
f 1586/565/1353 1585/564/1352 1584/551/1351
f 1587/554/1354 1586/565/1353 1584/551/1351
f 1588/544/1355 1578/545/1343 1583/560/1350
f 1591/566/1356 1590/567/1357 1589/568/1358
f 1590/567/1357 1591/566/1356 1592/569/1359
f 1591/566/1356 1593/570/1360 1592/569/1359
f 1596/568/1361 1595/571/1362 1594/566/1363
f 1595/571/1362 1596/568/1361 1597/572/1364
f 1595/571/1362 1598/570/1365 1594/566/1363
f 1601/572/1366 1600/569/1367 1599/571/1368
f 1600/569/1367 1601/572/1366 1602/567/1369
f 1599/571/1368 1600/569/1367 1603/570/1370
f 1606/567/1371 1605/566/1372 1604/569/1373
f 1605/566/1372 1606/567/1371 1607/568/1374
f 1605/566/1372 1608/570/1375 1604/569/1373
f 1611/566/1376 1610/572/1377 1609/571/1378
f 1610/572/1377 1611/566/1376 1612/568/1379
f 1609/571/1378 1613/570/1380 1611/566/1376
f 1616/569/1381 1615/572/1382 1614/567/1383
f 1615/572/1382 1616/569/1381 1617/571/1384
f 1617/571/1384 1616/569/1381 1618/570/1385
f 1621/566/1386 1620/567/1387 1619/569/1388
f 1620/567/1387 1621/566/1386 1622/568/1389
f 1619/569/1388 1623/570/1390 1621/566/1386
f 1626/568/1391 1625/571/1392 1624/572/1393
f 1625/571/1392 1626/568/1391 1627/566/1394
f 1627/566/1394 1628/570/1395 1625/571/1392
f 1631/572/1396 1630/569/1397 1629/567/1398
f 1630/569/1397 1631/572/1396 1632/571/1399
f 1633/570/1400 1630/569/1397 1632/571/1399
f 1636/567/1401 1635/566/1402 1634/568/1403
f 1635/566/1402 1636/567/1401 1637/569/1404
f 1637/569/1404 1638/570/1405 1635/566/1402
f 1641/566/1406 1640/572/1407 1639/568/1408
f 1640/572/1407 1641/566/1406 1642/571/1409
f 1641/566/1406 1643/570/1410 1642/571/1409
f 1646/569/1411 1645/572/1412 1644/571/1413
f 1645/572/1412 1646/569/1411 1647/567/1414
f 1648/570/1415 1646/569/1411 1644/571/1413
f 1651/573/1416 1650/574/1417 1649/575/1418
f 1650/574/1417 1651/573/1416 1652/576/1419
f 1653/577/1420 1649/575/1418 1650/574/1417
f 1649/575/1418 1653/577/1420 1654/578/1421
f 1655/579/1422 1654/578/1421 1653/577/1420
f 1654/578/1421 1655/579/1422 1656/580/1423
f 1657/581/1424 1656/580/1423 1655/579/1422
f 1660/573/1425 1659/574/1426 1658/576/1427
f 1659/574/1426 1660/573/1425 1661/575/1428
f 1661/575/1428 1662/577/1429 1659/574/1426
f 1662/577/1429 1661/575/1428 1663/578/1430
f 1663/578/1430 1664/579/1431 1662/577/1429
f 1664/579/1431 1663/578/1430 1665/580/1432
f 1664/579/1431 1665/580/1432 1666/581/1433
f 1669/582/1434 1668/583/1435 1667/584/1436
f 1668/583/1435 1669/582/1434 1670/585/1437
f 1671/586/1438 1669/582/1434 1667/584/1436
f 1669/582/1434 1671/586/1438 1672/587/1439
f 1671/586/1438 1673/588/1440 1672/587/1439
f 1673/588/1440 1671/586/1438 1674/589/1441
f 1674/589/1441 1675/590/1442 1673/588/1440
f 1675/590/1442 1674/589/1441 1676/591/1443
f 1677/592/1444 1675/590/1442 1676/591/1443
f 1675/590/1442 1677/592/1444 1678/593/1445
f 1679/594/1446 1678/593/1445 1677/592/1444
f 1678/593/1445 1679/594/1446 1680/595/1447
f 1681/596/1448 1680/595/1447 1679/594/1446
f 1680/595/1447 1681/596/1448 1682/597/1449
f 1681/596/1448 1683/598/1450 1682/597/1449
f 1683/598/1450 1681/596/1448 1684/599/1451
f 1685/600/1452 1683/598/1450 1684/599/1451
f 1683/598/1450 1685/600/1452 1686/601/1453
f 1687/602/1454 1686/601/1453 1685/600/1452
f 1686/601/1453 1687/602/1454 1688/603/1455
f 1687/602/1454 1685/600/1452 1689/604/1456
f 1692/582/1457 1691/583/1458 1690/585/1459
f 1691/583/1458 1692/582/1457 1693/584/1460
f 1692/582/1457 1694/586/1461 1693/584/1460
f 1694/586/1461 1692/582/1457 1695/587/1462
f 1696/588/1463 1694/586/1461 1695/587/1462
f 1694/586/1461 1696/588/1463 1697/589/1464
f 1698/590/1465 1697/589/1464 1696/588/1463
f 1697/589/1464 1698/590/1465 1699/591/1466
f 1698/590/1465 1700/592/1467 1699/591/1466
f 1700/592/1467 1698/590/1465 1701/593/1468
f 1701/593/1468 1702/594/1469 1700/592/1467
f 1702/594/1469 1701/593/1468 1703/595/1470
f 1703/595/1470 1704/596/1471 1702/594/1469
f 1704/596/1471 1703/595/1470 1705/597/1472
f 1706/598/1473 1704/596/1471 1705/597/1472
f 1704/596/1471 1706/598/1473 1707/599/1474
f 1706/598/1473 1708/600/1475 1707/599/1474
f 1708/600/1475 1706/598/1473 1709/601/1476
f 1708/600/1475 1709/601/1476 1710/602/1477
f 1711/603/1478 1710/602/1477 1709/601/1476
f 1712/604/1479 1708/600/1475 1710/602/1477
f 1715/605/1480 1714/606/1481 1713/607/1482
f 1714/606/1481 1715/605/1480 1716/608/1483
f 1716/608/1483 1717/609/1484 1714/606/1481
f 1717/609/1484 1716/608/1483 1718/610/1485
f 1718/610/1485 1719/611/1486 1717/609/1484
f 1719/611/1486 1718/610/1485 1720/612/1486
f 1713/607/1482 1721/613/1487 1715/605/1480
f 1721/613/1487 1713/607/1482 1722/614/1488
f 1722/614/1488 1723/615/1489 1721/613/1487
f 1723/615/1489 1722/614/1488 1724/616/1490
f 1724/616/1490 1725/617/1491 1723/615/1489
f 1725/617/1491 1724/616/1490 1726/618/1492
f 1729/605/1493 1728/606/1494 1727/608/1495
f 1728/606/1494 1729/605/1493 1730/607/1496
f 1731/609/1497 1727/608/1495 1728/606/1494
f 1727/608/1495 1731/609/1497 1732/610/1498
f 1733/611/1499 1732/610/1498 1731/609/1497
f 1732/610/1498 1733/611/1499 1734/612/1500
f 1735/613/1501 1730/607/1496 1729/605/1493
f 1730/607/1496 1735/613/1501 1736/614/1502
f 1737/615/1503 1736/614/1502 1735/613/1501
f 1736/614/1502 1737/615/1503 1738/616/1504
f 1739/617/1505 1738/616/1504 1737/615/1503
f 1738/616/1504 1739/617/1505 1740/618/1506
f 1743/619/1507 1742/620/1508 1741/621/1509
f 1742/620/1508 1743/619/1507 1744/622/1510
f 1744/622/1510 1745/623/1511 1742/620/1508
f 1745/623/1511 1744/622/1510 1746/624/1512
f 1747/625/1513 1745/623/1511 1746/624/1512
f 1748/626/1514 1743/619/1507 1741/621/1509
f 1749/627/1515 1743/619/1507 1748/626/1514
f 1752/619/1516 1751/620/1517 1750/622/1518
f 1751/620/1517 1752/619/1516 1753/621/1519
f 1754/623/1520 1750/622/1518 1751/620/1517
f 1750/622/1518 1754/623/1520 1755/624/1521
f 1755/624/1521 1754/623/1520 1756/625/1522
f 1753/621/1519 1752/619/1516 1757/626/1523
f 1757/626/1523 1752/619/1516 1758/627/1524
f 1761/619/1525 1760/620/1526 1759/621/1527
f 1760/620/1526 1761/619/1525 1762/622/1528
f 1763/628/1529 1760/620/1526 1762/622/1528
f 1764/626/1530 1761/619/1525 1759/621/1527
f 1765/627/1531 1761/619/1525 1764/626/1530
f 1766/624/1532 1763/628/1529 1762/622/1528
f 1767/623/1533 1763/628/1529 1766/624/1532
f 1768/625/1534 1767/623/1533 1766/624/1532
f 1771/619/1535 1770/620/1536 1769/622/1537
f 1770/620/1536 1771/619/1535 1772/621/1538
f 1773/623/1539 1769/622/1537 1770/620/1536
f 1769/622/1537 1773/623/1539 1774/624/1540
f 1774/624/1540 1773/623/1539 1775/625/1541
f 1772/621/1538 1771/619/1535 1776/626/1542
f 1776/626/1542 1771/619/1535 1777/627/1543
f 1780/619/1544 1779/620/1545 1778/622/1546
f 1779/620/1545 1780/619/1544 1781/621/1547
f 1782/623/1548 1778/622/1546 1779/620/1545
f 1778/622/1546 1782/623/1548 1783/624/1549
f 1783/624/1549 1782/623/1548 1784/625/1550
f 1781/621/1547 1780/619/1544 1785/626/1551
f 1785/626/1551 1780/619/1544 1786/627/1552
f 1789/619/1553 1788/620/1554 1787/621/1555
f 1788/620/1554 1789/619/1553 1790/622/1556
f 1790/622/1556 1791/623/1557 1788/620/1554
f 1791/623/1557 1790/622/1556 1792/624/1558
f 1793/625/1559 1791/623/1557 1792/624/1558
f 1794/626/1560 1789/619/1553 1787/621/1555
f 1795/627/1561 1789/619/1553 1794/626/1560
f 1798/619/1562 1797/620/1563 1796/622/1564
f 1797/620/1563 1798/619/1562 1799/621/1565
f 1796/622/1564 1797/620/1563 1800/629/1566
f 1799/621/1565 1798/619/1562 1801/626/1567
f 1801/626/1567 1798/619/1562 1802/627/1568
f 1803/624/1569 1796/622/1564 1800/629/1566
f 1804/623/1570 1803/624/1569 1800/629/1566
f 1803/624/1569 1804/623/1570 1805/625/1571
f 1808/619/1572 1807/620/1573 1806/621/1574
f 1807/620/1573 1808/619/1572 1809/622/1575
f 1809/622/1575 1810/623/1576 1807/620/1573
f 1810/623/1576 1809/622/1575 1811/624/1577
f 1812/625/1578 1810/623/1576 1811/624/1577
f 1813/626/1579 1808/619/1572 1806/621/1574
f 1814/627/1580 1808/619/1572 1813/626/1579
f 1817/619/1581 1816/620/1582 1815/621/1583
f 1816/620/1582 1817/619/1581 1818/622/1584
f 1818/622/1584 1819/623/1585 1816/620/1582
f 1819/623/1585 1818/622/1584 1820/624/1586
f 1821/625/1587 1819/623/1585 1820/624/1586
f 1822/626/1588 1817/619/1581 1815/621/1583
f 1823/627/1589 1817/619/1581 1822/626/1588
f 1826/619/1590 1825/620/1591 1824/622/1592
f 1825/620/1591 1826/619/1590 1827/621/1593
f 1828/623/1594 1824/622/1592 1825/620/1591
f 1824/622/1592 1828/623/1594 1829/624/1595
f 1829/624/1595 1828/623/1594 1830/625/1596
f 1827/621/1593 1826/619/1590 1831/626/1597
f 1831/626/1597 1826/619/1590 1832/627/1598
f 1835/619/1599 1834/620/1600 1833/622/1601
f 1834/620/1600 1835/619/1599 1836/621/1602
f 1837/623/1603 1833/622/1601 1834/620/1600
f 1833/622/1601 1837/623/1603 1838/624/1604
f 1838/624/1604 1837/623/1603 1839/625/1605
f 1836/621/1602 1835/619/1599 1840/626/1606
f 1840/626/1606 1835/619/1599 1841/627/1607
f 1844/619/1608 1843/620/1609 1842/621/1610
f 1843/620/1609 1844/619/1608 1845/622/1611
f 1845/622/1611 1846/623/1612 1843/620/1609
f 1846/623/1612 1845/622/1611 1847/624/1613
f 1848/625/1614 1846/623/1612 1847/624/1613
f 1849/626/1615 1844/619/1608 1842/621/1610
f 1850/627/1616 1844/619/1608 1849/626/1615
f 1853/619/1617 1852/620/1618 1851/622/1619
f 1852/620/1618 1853/619/1617 1854/621/1620
f 1855/623/1621 1851/622/1619 1852/620/1618
f 1851/622/1619 1855/623/1621 1856/624/1622
f 1856/624/1622 1855/623/1621 1857/625/1623
f 1854/621/1620 1853/619/1617 1858/626/1624
f 1858/626/1624 1853/619/1617 1859/627/1625
f 1862/619/1626 1861/620/1627 1860/621/1628
f 1861/620/1627 1862/619/1626 1863/622/1629
f 1863/622/1629 1864/623/1630 1861/620/1627
f 1864/623/1630 1863/622/1629 1865/624/1631
f 1866/625/1632 1864/623/1630 1865/624/1631
f 1867/626/1633 1862/619/1626 1860/621/1628
f 1868/627/1634 1862/619/1626 1867/626/1633
f 1871/619/1635 1870/620/1636 1869/622/1637
f 1870/620/1636 1871/619/1635 1872/621/1638
f 1869/622/1637 1870/620/1636 1873/628/1639
f 1872/621/1638 1871/619/1635 1874/626/1640
f 1874/626/1640 1871/619/1635 1875/627/1641
f 1869/622/1637 1873/628/1639 1876/624/1642
f 1876/624/1642 1873/628/1639 1877/623/1643
f 1876/624/1642 1877/623/1643 1878/625/1644
f 1881/619/1645 1880/620/1646 1879/621/1647
f 1880/620/1646 1881/619/1645 1882/622/1648
f 1882/622/1648 1883/623/1649 1880/620/1646
f 1883/623/1649 1882/622/1648 1884/624/1650
f 1885/625/1651 1883/623/1649 1884/624/1650
f 1886/626/1652 1881/619/1645 1879/621/1647
f 1887/627/1653 1881/619/1645 1886/626/1652
f 1890/619/1654 1889/620/1655 1888/621/1656
f 1889/620/1655 1890/619/1654 1891/622/1657
f 1891/622/1657 1892/623/1658 1889/620/1655
f 1892/623/1658 1891/622/1657 1893/624/1659
f 1894/625/1660 1892/623/1658 1893/624/1659
f 1895/626/1661 1890/619/1654 1888/621/1656
f 1896/627/1662 1890/619/1654 1895/626/1661
f 1899/619/1663 1898/620/1664 1897/622/1665
f 1898/620/1664 1899/619/1663 1900/621/1666
f 1901/623/1667 1897/622/1665 1898/620/1664
f 1897/622/1665 1901/623/1667 1902/624/1668
f 1902/624/1668 1901/623/1667 1903/625/1669
f 1900/621/1666 1899/619/1663 1904/626/1670
f 1904/626/1670 1899/619/1663 1905/627/1671
f 1908/619/1672 1907/620/1673 1906/621/1674
f 1907/620/1673 1908/619/1672 1909/622/1675
f 1910/629/1676 1907/620/1673 1909/622/1675
f 1911/626/1677 1908/619/1672 1906/621/1674
f 1912/627/1678 1908/619/1672 1911/626/1677
f 1910/629/1676 1909/622/1675 1913/624/1679
f 1910/629/1676 1913/624/1679 1914/623/1680
f 1915/625/1681 1914/623/1680 1913/624/1679
f 1918/619/1682 1917/620/1683 1916/622/1684
f 1917/620/1683 1918/619/1682 1919/621/1685
f 1920/623/1686 1916/622/1684 1917/620/1683
f 1916/622/1684 1920/623/1686 1921/624/1687
f 1921/624/1687 1920/623/1686 1922/625/1688
f 1919/621/1685 1918/619/1682 1923/626/1689
f 1923/626/1689 1918/619/1682 1924/627/1690
f 1927/619/1691 1926/620/1692 1925/622/1693
f 1926/620/1692 1927/619/1691 1928/621/1694
f 1929/623/1695 1925/622/1693 1926/620/1692
f 1925/622/1693 1929/623/1695 1930/624/1696
f 1930/624/1696 1929/623/1695 1931/625/1697
f 1928/621/1694 1927/619/1691 1932/626/1698
f 1932/626/1698 1927/619/1691 1933/627/1699
f 1936/619/1700 1935/620/1701 1934/621/1702
f 1935/620/1701 1936/619/1700 1937/622/1703
f 1937/622/1703 1938/623/1704 1935/620/1701
f 1938/623/1704 1937/622/1703 1939/624/1705
f 1940/625/1706 1938/623/1704 1939/624/1705
f 1941/626/1707 1936/619/1700 1934/621/1702
f 1942/627/1708 1936/619/1700 1941/626/1707
f 1945/619/1709 1944/620/1710 1943/621/1711
f 1944/620/1710 1945/619/1709 1946/622/1712
f 1946/622/1712 1947/623/1713 1944/620/1710
f 1947/623/1713 1946/622/1712 1948/624/1714
f 1949/625/1715 1947/623/1713 1948/624/1714
f 1950/626/1716 1945/619/1709 1943/621/1711
f 1951/627/1717 1945/619/1709 1950/626/1716
f 1954/619/1718 1953/620/1719 1952/622/1720
f 1953/620/1719 1954/619/1718 1955/621/1721
f 1956/623/1722 1952/622/1720 1953/620/1719
f 1952/622/1720 1956/623/1722 1957/624/1723
f 1957/624/1723 1956/623/1722 1958/625/1724
f 1955/621/1721 1954/619/1718 1959/626/1725
f 1959/626/1725 1954/619/1718 1960/627/1726
f 1963/630/1727 1962/631/1728 1961/632/1729
f 1963/630/1727 1961/632/1729 1964/633/1730
f 1967/631/1731 1966/630/1732 1965/632/1733
f 1965/632/1733 1966/630/1732 1968/633/1734
f 1971/634/1735 1970/635/1736 1969/636/1737
f 1970/635/1736 1971/634/1735 1972/637/1738
f 1973/638/1739 1969/636/1737 1970/635/1736
f 1969/636/1737 1973/638/1739 1974/639/1740
f 1974/639/1740 1975/640/1741 1969/636/1737
f 1975/640/1741 1974/639/1740 1976/641/1742
f 1977/642/1743 1973/638/1739 1970/635/1736
f 1973/638/1739 1977/642/1743 1978/643/1744
f 1978/643/1744 1977/642/1743 1979/644/1745
f 1977/642/1743 1980/645/1746 1979/644/1745
f 1980/645/1746 1981/646/1747 1979/644/1745
f 1981/646/1747 1980/645/1746 1982/647/1748
f 1982/647/1748 1983/648/1749 1981/646/1747
f 1983/648/1749 1982/647/1748 1984/649/1750
f 1984/649/1750 1985/650/1751 1983/648/1749
f 1985/650/1751 1984/649/1750 1986/651/1752
f 1984/649/1750 1987/652/1753 1986/651/1752
f 1987/652/1753 1984/649/1750 1988/653/1754
f 1984/649/1750 1982/647/1748 1988/653/1754
f 1986/651/1752 1989/654/1755 1985/650/1751
f 1989/654/1755 1986/651/1752 1990/655/1756
f 1991/656/1757 1989/654/1755 1990/655/1756
f 1989/654/1755 1991/656/1757 1992/657/1758
f 1993/658/1759 1992/657/1758 1991/656/1757
f 1992/657/1758 1993/658/1759 1994/659/1760
f 1993/658/1759 1995/660/1761 1994/659/1760
f 1995/660/1761 1993/658/1759 1996/661/1762
f 1996/661/1762 1997/662/1763 1995/660/1761
f 1997/662/1763 1996/661/1762 1998/663/1764
f 1999/664/1765 1998/663/1764 1996/661/1762
f 1993/658/1759 1999/664/1765 1996/661/1762
f 1998/663/1764 1999/664/1765 2000/665/1766
f 1998/663/1764 2000/665/1766 2001/666/1767
f 1998/663/1764 2001/666/1767 1997/662/1763
f 2002/667/1768 1986/651/1752 1987/652/1753
f 1990/655/1756 2003/668/1769 1991/656/1757
f 2003/668/1769 1990/655/1756 2004/669/1770
f 1991/656/1757 2005/670/1771 1993/658/1759
f 2005/670/1771 1991/656/1757 2003/668/1769
f 1999/664/1765 1993/658/1759 2005/670/1771
f 1990/655/1756 2006/671/1772 2004/669/1770
f 2006/671/1772 2002/667/1768 2007/672/1773
f 2007/672/1773 2002/667/1768 2008/673/1774
f 2007/672/1773 2008/673/1774 2009/674/1775
f 1986/651/1752 2002/667/1768 2006/671/1772
f 1986/651/1752 2006/671/1772 1990/655/1756
f 2006/671/1772 2010/675/1776 2004/669/1770
f 2010/675/1776 2006/671/1772 2007/672/1773
f 2007/672/1773 2009/674/1775 2010/675/1776
f 1980/645/1746 2012/676/1777 2011/677/1778
f 1980/645/1746 2011/677/1778 1982/647/1748
f 1977/642/1743 2012/676/1777 1980/645/1746
f 2012/676/1777 1977/642/1743 2013/678/1779
f 2011/677/1778 2014/679/1780 1982/647/1748
f 2014/679/1780 2011/677/1778 2015/680/1781
f 1988/653/1754 1982/647/1748 2014/679/1780
f 1970/635/1736 2013/678/1779 1977/642/1743
f 2016/681/1782 2013/678/1779 1970/635/1736
f 2013/678/1779 2016/681/1782 2017/682/1783
f 2016/681/1782 2018/683/1784 2017/682/1783
f 2016/681/1782 1970/635/1736 1972/637/1738
f 2018/683/1784 2016/681/1782 1972/637/1738
f 1975/640/1741 2020/684/1785 2019/685/1786
f 2020/684/1785 1975/640/1741 2021/686/1787
f 1975/640/1741 2022/687/1788 2021/686/1787
f 2022/687/1788 1975/640/1741 1976/641/1742
f 2019/685/1786 1969/636/1737 1975/640/1741
f 1969/636/1737 2019/685/1786 1971/634/1735
f 2025/635/1789 2024/634/1790 2023/636/1791
f 2024/634/1790 2025/635/1789 2026/637/1792
f 2023/636/1791 2027/638/1793 2025/635/1789
f 2027/638/1793 2023/636/1791 2028/639/1794
f 2029/685/1795 2023/636/1791 2024/634/1790
f 2023/636/1791 2029/685/1795 2030/640/1796
f 2030/640/1796 2028/639/1794 2023/636/1791
f 2027/638/1793 2031/642/1797 2025/635/1789
f 2025/635/1789 2031/642/1797 2032/678/1798
f 2031/642/1797 2027/638/1793 2033/643/1799
f 2031/642/1797 2033/643/1799 2034/644/1800
f 2035/645/1801 2031/642/1797 2034/644/1800
f 2036/646/1802 2035/645/1801 2034/644/1800
f 2035/645/1801 2036/646/1802 2037/647/1803
f 2038/648/1804 2037/647/1803 2036/646/1802
f 2037/647/1803 2038/648/1804 2039/649/1805
f 2039/649/1805 2040/653/1806 2037/647/1803
f 2039/649/1805 2041/652/1807 2040/653/1806
f 2041/652/1807 2039/649/1805 2042/651/1808
f 2039/649/1805 2043/650/1809 2042/651/1808
f 2043/650/1809 2039/649/1805 2038/648/1804
f 2044/654/1810 2042/651/1808 2043/650/1809
f 2042/651/1808 2044/654/1810 2045/655/1811
f 2044/654/1810 2046/656/1812 2045/655/1811
f 2046/656/1812 2044/654/1810 2047/657/1813
f 2047/657/1813 2048/658/1814 2046/656/1812
f 2048/658/1814 2047/657/1813 2049/659/1815
f 2050/660/1816 2048/658/1814 2049/659/1815
f 2048/658/1814 2050/660/1816 2051/661/1817
f 2052/662/1818 2051/661/1817 2050/660/1816
f 2051/661/1817 2052/662/1818 2053/663/1819
f 2053/663/1819 2054/664/1820 2051/661/1817
f 2054/664/1820 2048/658/1814 2051/661/1817
f 2054/664/1820 2053/663/1819 2055/665/1821
f 2055/665/1821 2053/663/1819 2056/666/1822
f 2056/666/1822 2053/663/1819 2052/662/1818
f 2042/651/1808 2045/655/1811 2057/671/1823
f 2058/668/1824 2045/655/1811 2046/656/1812
f 2045/655/1811 2058/668/1824 2059/669/1825
f 2057/671/1823 2045/655/1811 2059/669/1825
f 2060/670/1826 2046/656/1812 2048/658/1814
f 2046/656/1812 2060/670/1826 2058/668/1824
f 2048/658/1814 2054/664/1820 2060/670/1826
f 2061/675/1827 2057/671/1823 2059/669/1825
f 2057/671/1823 2061/675/1827 2062/672/1828
f 2062/672/1828 2061/675/1827 2063/674/1829
f 2062/672/1828 2063/674/1829 2064/673/1830
f 2065/667/1831 2062/672/1828 2064/673/1830
f 2065/667/1831 2057/671/1823 2062/672/1828
f 2065/667/1831 2042/651/1808 2057/671/1823
f 2042/651/1808 2065/667/1831 2041/652/1807
f 2067/676/1832 2035/645/1801 2066/677/1833
f 2067/676/1832 2031/642/1797 2035/645/1801
f 2031/642/1797 2067/676/1832 2032/678/1798
f 2037/647/1803 2066/677/1833 2035/645/1801
f 2068/679/1834 2066/677/1833 2037/647/1803
f 2066/677/1833 2068/679/1834 2069/680/1835
f 2037/647/1803 2040/653/1806 2068/679/1834
f 2071/681/1836 2032/678/1798 2070/682/1837
f 2072/683/1838 2071/681/1836 2070/682/1837
f 2071/681/1836 2072/683/1838 2026/637/1792
f 2025/635/1789 2071/681/1836 2026/637/1792
f 2032/678/1798 2071/681/1836 2025/635/1789
f 2028/639/1794 2030/640/1796 2073/641/1839
f 2076/632/1840 2075/631/1841 2074/630/1842
f 2077/633/1843 2076/632/1840 2074/630/1842
f 2080/632/1844 2079/630/1845 2078/631/1846
f 2081/633/1847 2079/630/1845 2080/632/1844
f 2084/634/1848 2083/635/1849 2082/637/1850
f 2083/635/1849 2084/634/1848 2085/636/1851
f 2085/636/1851 2086/638/1852 2083/635/1849
f 2086/638/1852 2085/636/1851 2087/639/1853
f 2088/640/1854 2087/639/1853 2085/636/1851
f 2087/639/1853 2088/640/1854 2089/641/1855
f 2086/638/1852 2090/642/1856 2083/635/1849
f 2090/642/1856 2086/638/1852 2091/643/1857
f 2092/644/1858 2090/642/1856 2091/643/1857
f 2092/644/1858 2093/645/1859 2090/642/1856
f 2092/644/1858 2094/646/1860 2093/645/1859
f 2095/647/1861 2093/645/1859 2094/646/1860
f 2096/648/1862 2095/647/1861 2094/646/1860
f 2095/647/1861 2096/648/1862 2097/649/1863
f 2098/650/1864 2097/649/1863 2096/648/1862
f 2097/649/1863 2098/650/1864 2099/651/1865
f 2100/652/1866 2097/649/1863 2099/651/1865
f 2097/649/1863 2100/652/1866 2101/653/1867
f 2101/653/1867 2095/647/1861 2097/649/1863
f 2102/654/1868 2099/651/1865 2098/650/1864
f 2099/651/1865 2102/654/1868 2103/655/1869
f 2102/654/1868 2104/656/1870 2103/655/1869
f 2104/656/1870 2102/654/1868 2105/657/1871
f 2105/657/1871 2106/658/1872 2104/656/1870
f 2106/658/1872 2105/657/1871 2107/659/1873
f 2108/660/1874 2106/658/1872 2107/659/1873
f 2106/658/1872 2108/660/1874 2109/661/1875
f 2110/662/1876 2109/661/1875 2108/660/1874
f 2109/661/1875 2110/662/1876 2111/663/1877
f 2111/663/1877 2112/664/1878 2109/661/1875
f 2112/664/1878 2106/658/1872 2109/661/1875
f 2112/664/1878 2111/663/1877 2113/665/1879
f 2114/666/1880 2113/665/1879 2111/663/1877
f 2110/662/1876 2114/666/1880 2111/663/1877
f 2099/651/1865 2115/667/1881 2100/652/1866
f 2115/667/1881 2099/651/1865 2116/671/1882
f 2103/655/1869 2116/671/1882 2099/651/1865
f 2117/672/1883 2115/667/1881 2116/671/1882
f 2118/673/1884 2115/667/1881 2117/672/1883
f 2119/674/1885 2118/673/1884 2117/672/1883
f 2106/658/1872 2112/664/1878 2120/670/1886
f 2116/671/1882 2121/675/1887 2117/672/1883
f 2121/675/1887 2119/674/1885 2117/672/1883
f 2121/675/1887 2116/671/1882 2122/669/1888
f 2122/669/1888 2116/671/1882 2103/655/1869
f 2103/655/1869 2123/668/1889 2122/669/1888
f 2123/668/1889 2103/655/1869 2104/656/1870
f 2104/656/1870 2120/670/1886 2123/668/1889
f 2120/670/1886 2104/656/1870 2106/658/1872
f 2125/677/1890 2124/676/1891 2093/645/1859
f 2095/647/1861 2125/677/1890 2093/645/1859
f 2124/676/1891 2090/642/1856 2093/645/1859
f 2090/642/1856 2124/676/1891 2126/678/1892
f 2127/679/1893 2125/677/1890 2095/647/1861
f 2125/677/1890 2127/679/1893 2128/680/1894
f 2127/679/1893 2095/647/1861 2101/653/1867
f 2090/642/1856 2126/678/1892 2083/635/1849
f 2126/678/1892 2129/681/1895 2083/635/1849
f 2129/681/1895 2126/678/1892 2130/682/1896
f 2130/682/1896 2131/683/1897 2129/681/1895
f 2082/637/1850 2083/635/1849 2129/681/1895
f 2082/637/1850 2129/681/1895 2131/683/1897
f 2088/640/1854 2133/684/1898 2132/686/1899
f 2133/684/1898 2088/640/1854 2134/685/1900
f 2135/687/1901 2088/640/1854 2132/686/1899
f 2088/640/1854 2135/687/1901 2089/641/1855
f 2085/636/1851 2134/685/1900 2088/640/1854
f 2134/685/1900 2085/636/1851 2084/634/1848
f 2138/635/1902 2137/634/1903 2136/637/1904
f 2137/634/1903 2138/635/1902 2139/636/1905
f 2140/638/1906 2139/636/1905 2138/635/1902
f 2139/636/1905 2140/638/1906 2141/639/1907
f 2139/636/1905 2142/685/1908 2137/634/1903
f 2142/685/1908 2139/636/1905 2143/640/1909
f 2141/639/1907 2143/640/1909 2139/636/1905
f 2144/642/1910 2140/638/1906 2138/635/1902
f 2145/678/1911 2144/642/1910 2138/635/1902
f 2140/638/1906 2144/642/1910 2146/643/1912
f 2147/644/1913 2146/643/1912 2144/642/1910
f 2147/644/1913 2144/642/1910 2148/645/1914
f 2147/644/1913 2148/645/1914 2149/646/1915
f 2150/647/1916 2149/646/1915 2148/645/1914
f 2150/647/1916 2151/648/1917 2149/646/1915
f 2151/648/1917 2150/647/1916 2152/649/1918
f 2150/647/1916 2153/653/1919 2152/649/1918
f 2154/652/1920 2152/649/1918 2153/653/1919
f 2152/649/1918 2154/652/1920 2155/651/1921
f 2152/649/1918 2156/650/1922 2151/648/1917
f 2156/650/1922 2152/649/1918 2155/651/1921
f 2155/651/1921 2157/654/1923 2156/650/1922
f 2157/654/1923 2155/651/1921 2158/655/1924
f 2159/656/1925 2157/654/1923 2158/655/1924
f 2157/654/1923 2159/656/1925 2160/657/1926
f 2161/658/1927 2160/657/1926 2159/656/1925
f 2160/657/1926 2161/658/1927 2162/659/1928
f 2161/658/1927 2163/660/1929 2162/659/1928
f 2163/660/1929 2161/658/1927 2164/661/1930
f 2164/661/1930 2165/662/1931 2163/660/1929
f 2165/662/1931 2164/661/1930 2166/663/1932
f 2167/664/1933 2166/663/1932 2164/661/1930
f 2161/658/1927 2167/664/1933 2164/661/1930
f 2166/663/1932 2167/664/1933 2168/665/1934
f 2169/666/1935 2166/663/1932 2168/665/1934
f 2165/662/1931 2166/663/1932 2169/666/1935
f 2170/671/1936 2158/655/1924 2155/651/1921
f 2158/655/1924 2171/668/1937 2159/656/1925
f 2171/668/1937 2158/655/1924 2172/669/1938
f 2172/669/1938 2158/655/1924 2170/671/1936
f 2173/670/1939 2159/656/1925 2171/668/1937
f 2159/656/1925 2173/670/1939 2161/658/1927
f 2167/664/1933 2161/658/1927 2173/670/1939
f 2170/671/1936 2174/675/1940 2172/669/1938
f 2174/675/1940 2170/671/1936 2175/672/1941
f 2176/674/1942 2174/675/1940 2175/672/1941
f 2177/673/1943 2176/674/1942 2175/672/1941
f 2177/673/1943 2175/672/1941 2178/667/1944
f 2175/672/1941 2170/671/1936 2178/667/1944
f 2155/651/1921 2178/667/1944 2170/671/1936
f 2178/667/1944 2155/651/1921 2154/652/1920
f 2180/677/1945 2148/645/1914 2179/676/1946
f 2144/642/1910 2179/676/1946 2148/645/1914
f 2179/676/1946 2144/642/1910 2145/678/1911
f 2148/645/1914 2180/677/1945 2150/647/1916
f 2180/677/1945 2181/679/1947 2150/647/1916
f 2181/679/1947 2180/677/1945 2182/680/1948
f 2181/679/1947 2153/653/1919 2150/647/1916
f 2183/681/1949 2145/678/1911 2138/635/1902
f 2136/637/1904 2183/681/1949 2138/635/1902
f 2136/637/1904 2184/683/1950 2183/681/1949
f 2185/682/1951 2183/681/1949 2184/683/1950
f 2145/678/1911 2183/681/1949 2185/682/1951
f 2143/640/1909 2141/639/1907 2186/641/1952
f 2189/688/1953 2188/689/1954 2187/690/1955
f 2190/691/1956 2187/690/1955 2188/689/1954
f 2187/690/1955 2190/691/1956 2191/692/1957
f 2190/691/1956 2192/693/1958 2191/692/1957
f 2193/694/1959 2192/693/1958 2190/691/1956
f 2192/693/1958 2193/694/1959 2194/695/1960
f 2194/695/1960 2195/696/1961 2192/693/1958
f 2192/693/1958 2195/696/1961 2196/697/1962
f 2192/693/1958 2196/697/1962 2197/698/1963
f 2196/697/1962 2195/696/1961 2198/699/1964
f 2198/699/1964 2195/696/1961 2199/700/1965
f 2198/699/1964 2200/701/1966 2196/697/1962
f 2200/701/1966 2198/699/1964 2201/702/1967
f 2202/703/1968 2200/701/1966 2201/702/1967
f 2203/704/1969 2202/703/1968 2201/702/1967
f 2203/704/1969 2201/702/1967 2204/705/1970
f 2204/705/1970 2201/702/1967 2205/706/1971
f 2205/706/1971 2201/702/1967 2206/707/1972
f 2200/701/1966 2202/703/1968 2207/708/1973
f 2198/699/1964 2208/709/1974 2201/702/1967
f 2208/709/1974 2198/699/1964 2209/710/1975
f 2207/708/1973 2202/703/1968 2210/711/1976
f 2211/712/1977 2204/705/1970 2205/706/1971
f 2212/713/1978 2202/703/1968 2203/704/1969
f 2202/703/1968 2212/713/1978 2213/714/1979
f 2213/714/1979 2212/713/1978 2214/715/1980
f 2215/716/1981 2213/714/1979 2214/715/1980
f 2215/716/1981 2214/715/1980 2216/717/1982
f 2211/712/1977 2216/717/1982 2214/715/1980
f 2216/717/1982 2211/712/1977 2205/706/1971
f 2217/718/1983 2213/714/1979 2215/716/1981
f 2217/718/1983 2215/716/1981 2218/719/1984
f 2215/716/1981 2219/720/1985 2218/719/1984
f 2219/720/1985 2215/716/1981 2220/721/1986
f 2218/719/1984 2219/720/1985 2221/722/1987
f 2222/723/1988 2219/720/1985 2220/721/1986
f 2223/724/1989 2222/723/1988 2220/721/1986
f 2222/723/1988 2223/724/1989 2224/725/1990
f 2225/726/1991 2224/725/1990 2223/724/1989
f 2225/726/1991 2223/724/1989 2226/727/1992
f 2226/727/1992 2223/724/1989 2227/728/1993
f 2227/728/1993 2228/729/1994 2226/727/1992
f 2228/729/1994 2227/728/1993 2229/730/1995
f 2229/730/1995 2230/731/1996 2228/729/1994
f 2230/731/1996 2229/730/1995 2231/732/1997
f 2225/726/1991 2226/727/1992 2232/733/1998
f 2232/733/1998 2233/734/1999 2225/726/1991
f 2233/734/1999 2232/733/1998 2234/735/2000
f 2234/735/2000 2235/736/2001 2233/734/1999
f 2222/723/1988 2235/736/2001 2236/737/2002
f 2235/736/2001 2234/735/2000 2236/737/2002
f 2236/737/2002 2237/738/2003 2222/723/1988
f 2219/720/1985 2222/723/1988 2237/738/2003
f 2238/739/2004 2219/720/1985 2237/738/2003
f 2219/720/1985 2238/739/2004 2239/740/2005
f 2239/740/2005 2238/739/2004 2240/741/2006
f 2237/738/2003 2236/737/2002 2241/742/2007
f 2241/742/2007 2242/743/2008 2237/738/2003
f 2242/743/2008 2241/742/2007 2243/744/2009
f 2242/743/2008 2243/744/2009 2244/745/2010
f 2236/737/2002 2245/746/2011 2241/742/2007
f 2245/746/2011 2236/737/2002 2246/747/2012
f 2245/746/2011 2246/747/2012 2247/748/2013
f 2250/749/2014 2249/750/2015 2248/751/2016
f 2251/752/2017 2250/749/2014 2248/751/2016
f 2250/749/2014 2251/752/2017 2252/753/2018
f 2252/753/2018 2251/752/2017 2253/754/2019
f 2252/753/2018 2253/754/2019 2254/755/2020
f 2252/753/2018 2254/755/2020 2255/756/2021
f 2256/757/2022 2255/756/2021 2254/755/2020
f 2255/756/2021 2256/757/2022 2257/758/2023
f 2258/759/2024 2257/758/2023 2256/757/2022
f 2257/758/2023 2258/759/2024 2259/760/2025
f 2253/754/2019 2231/732/1997 2254/755/2020
f 2231/732/1997 2253/754/2019 2230/731/1996
f 2258/759/2024 2260/761/2026 2259/760/2025
f 2260/761/2026 2258/759/2024 2261/762/2027
f 2260/761/2026 2261/762/2027 2262/763/2028
f 2260/761/2026 2262/763/2028 2263/764/2029
f 2266/765/2030 2265/766/2031 2264/767/2032
f 2265/766/2031 2266/765/2030 2267/768/2033
f 2264/767/2032 2265/766/2031 2268/769/2034
f 2269/770/2035 2264/767/2032 2268/769/2034
f 2264/767/2032 2269/770/2035 2270/771/2036
f 2269/770/2035 2271/772/2037 2270/771/2036
f 2271/772/2037 2269/770/2035 2272/773/2038
f 2273/774/2039 2271/772/2037 2272/773/2038
f 2271/772/2037 2273/774/2039 2274/775/2040
f 2275/776/2041 2271/772/2037 2274/775/2040
f 2271/772/2037 2275/776/2041 2276/777/2042
f 2275/776/2041 2277/778/2043 2276/777/2042
f 2277/778/2043 2275/776/2041 2278/779/2044
f 2279/780/2045 2277/778/2043 2278/779/2044
f 2277/778/2043 2279/780/2045 2280/781/2046
f 2280/781/2046 2279/780/2045 2281/782/2047
f 2281/782/2047 2279/780/2045 2282/783/2048
f 2281/782/2047 2282/783/2048 2283/784/2049
f 2283/784/2049 2282/783/2048 2284/785/2050
f 2283/784/2049 2284/785/2050 2285/786/2051
f 2285/786/2051 2284/785/2050 2190/691/1956
f 2190/691/1956 2284/785/2050 2286/787/2052
f 2287/788/2053 2286/787/2052 2284/785/2050
f 2288/789/2054 2286/787/2052 2287/788/2053
f 2286/787/2052 2288/789/2054 2193/694/1959
f 2190/691/1956 2286/787/2052 2193/694/1959
f 2194/695/1960 2193/694/1959 2288/789/2054
f 2194/695/1960 2288/789/2054 2289/790/2055
f 2280/781/2046 2281/782/2047 2290/791/2056
f 2290/791/2056 2281/782/2047 2291/792/2057
f 2290/791/2056 2291/792/2057 2292/793/2058
f 2292/793/2058 2291/792/2057 2293/794/2059
f 2296/795/2060 2295/796/2061 2294/797/2062
f 2295/796/2061 2296/795/2060 2297/798/2063
f 2296/795/2060 2294/797/2062 2298/799/2064
f 2298/799/2064 2294/797/2062 2299/800/2065
f 2297/798/2063 2192/693/1958 2295/796/2061
f 2192/693/1958 2297/798/2063 2191/692/1957
f 2272/773/2038 2269/770/2035 2300/801/2066
f 2272/773/2038 2300/801/2066 2301/802/2067
f 2272/773/2038 2301/802/2067 2302/803/2068
f 2273/774/2039 2272/773/2038 2303/804/2069
f 2303/804/2069 2304/805/2070 2273/774/2039
f 2304/805/2070 2303/804/2069 2305/806/2071
f 2304/805/2070 2305/806/2071 2306/807/2072
f 2309/690/2073 2308/689/2074 2307/688/2075
f 2309/690/2073 2310/691/2076 2308/689/2074
f 2310/691/2076 2309/690/2073 2311/692/2077
f 2311/692/2077 2312/693/2078 2310/691/2076
f 2312/693/2078 2313/694/2079 2310/691/2076
f 2313/694/2079 2312/693/2078 2314/695/2080
f 2312/693/2078 2315/696/2081 2314/695/2080
f 2316/697/2082 2315/696/2081 2312/693/2078
f 2316/697/2082 2312/693/2078 2317/698/2083
f 2318/699/2084 2315/696/2081 2316/697/2082
f 2319/700/2085 2315/696/2081 2318/699/2084
f 2320/701/2086 2318/699/2084 2316/697/2082
f 2318/699/2084 2320/701/2086 2321/702/2087
f 2320/701/2086 2322/703/2088 2321/702/2087
f 2321/702/2087 2322/703/2088 2323/704/2089
f 2321/702/2087 2323/704/2089 2324/705/2090
f 2321/702/2087 2324/705/2090 2325/706/2091
f 2321/702/2087 2325/706/2091 2326/707/2092
f 2322/703/2088 2320/701/2086 2327/708/2093
f 2328/709/2094 2318/699/2084 2321/702/2087
f 2318/699/2084 2328/709/2094 2329/710/2095
f 2330/711/2096 2322/703/2088 2327/708/2093
f 2325/706/2091 2324/705/2090 2331/712/2097
f 2322/703/2088 2332/713/2098 2323/704/2089
f 2332/713/2098 2322/703/2088 2333/714/2099
f 2334/715/2100 2332/713/2098 2333/714/2099
f 2334/715/2100 2333/714/2099 2335/716/2101
f 2335/716/2101 2333/714/2099 2336/718/2102
f 2335/716/2101 2336/718/2102 2337/719/2103
f 2338/720/2104 2335/716/2101 2337/719/2103
f 2335/716/2101 2338/720/2104 2339/721/2105
f 2340/722/2106 2338/720/2104 2337/719/2103
f 2338/720/2104 2341/723/2107 2339/721/2105
f 2341/723/2107 2342/724/2108 2339/721/2105
f 2342/724/2108 2341/723/2107 2343/725/2109
f 2342/724/2108 2343/725/2109 2344/726/2110
f 2342/724/2108 2344/726/2110 2345/727/2111
f 2342/724/2108 2345/727/2111 2346/728/2112
f 2347/729/2113 2346/728/2112 2345/727/2111
f 2346/728/2112 2347/729/2113 2348/730/2114
f 2349/731/2115 2348/730/2114 2347/729/2113
f 2348/730/2114 2349/731/2115 2350/732/2116
f 2351/733/2117 2345/727/2111 2344/726/2110
f 2352/734/2118 2351/733/2117 2344/726/2110
f 2351/733/2117 2352/734/2118 2353/735/2119
f 2354/736/2120 2353/735/2119 2352/734/2118
f 2355/737/2121 2354/736/2120 2341/723/2107
f 2353/735/2119 2354/736/2120 2355/737/2121
f 2356/738/2122 2355/737/2121 2341/723/2107
f 2341/723/2107 2338/720/2104 2356/738/2122
f 2338/720/2104 2357/739/2123 2356/738/2122
f 2357/739/2123 2338/720/2104 2358/740/2124
f 2359/741/2125 2357/739/2123 2358/740/2124
f 2355/737/2121 2356/738/2122 2360/742/2126
f 2361/743/2127 2360/742/2126 2356/738/2122
f 2360/742/2126 2361/743/2127 2362/744/2128
f 2363/745/2129 2362/744/2128 2361/743/2127
f 2364/746/2130 2355/737/2121 2360/742/2126
f 2355/737/2121 2364/746/2130 2365/747/2131
f 2366/748/2132 2365/747/2131 2364/746/2130
f 2369/751/2133 2368/750/2134 2367/749/2135
f 2367/749/2135 2370/752/2136 2369/751/2133
f 2370/752/2136 2367/749/2135 2371/753/2137
f 2372/754/2138 2370/752/2136 2371/753/2137
f 2372/754/2138 2371/753/2137 2373/755/2139
f 2373/755/2139 2371/753/2137 2374/756/2140
f 2374/756/2140 2375/757/2141 2373/755/2139
f 2375/757/2141 2374/756/2140 2376/758/2142
f 2376/758/2142 2377/759/2143 2375/757/2141
f 2377/759/2143 2376/758/2142 2378/760/2144
f 2350/732/2116 2372/754/2138 2373/755/2139
f 2372/754/2138 2350/732/2116 2349/731/2115
f 2379/761/2145 2377/759/2143 2378/760/2144
f 2377/759/2143 2379/761/2145 2380/762/2146
f 2381/763/2147 2380/762/2146 2379/761/2145
f 2382/764/2148 2381/763/2147 2379/761/2145
f 2385/765/2149 2384/766/2150 2383/768/2151
f 2384/766/2150 2385/765/2149 2386/767/2152
f 2387/769/2153 2384/766/2150 2386/767/2152
f 2386/767/2152 2388/770/2154 2387/769/2153
f 2388/770/2154 2386/767/2152 2389/771/2155
f 2390/772/2156 2388/770/2154 2389/771/2155
f 2388/770/2154 2390/772/2156 2391/773/2157
f 2390/772/2156 2392/774/2158 2391/773/2157
f 2392/774/2158 2390/772/2156 2393/775/2159
f 2390/772/2156 2394/776/2160 2393/775/2159
f 2394/776/2160 2390/772/2156 2395/777/2161
f 2396/778/2162 2394/776/2160 2395/777/2161
f 2394/776/2160 2396/778/2162 2397/779/2163
f 2396/778/2162 2398/780/2164 2397/779/2163
f 2398/780/2164 2396/778/2162 2399/781/2165
f 2400/782/2166 2398/780/2164 2399/781/2165
f 2401/783/2167 2398/780/2164 2400/782/2166
f 2401/783/2167 2400/782/2166 2402/784/2168
f 2403/785/2169 2401/783/2167 2402/784/2168
f 2404/786/2170 2403/785/2169 2402/784/2168
f 2310/691/2076 2403/785/2169 2404/786/2170
f 2405/787/2171 2403/785/2169 2310/691/2076
f 2403/785/2169 2405/787/2171 2406/788/2172
f 2405/787/2171 2407/789/2173 2406/788/2172
f 2407/789/2173 2405/787/2171 2313/694/2079
f 2405/787/2171 2310/691/2076 2313/694/2079
f 2407/789/2173 2313/694/2079 2314/695/2080
f 2408/790/2174 2407/789/2173 2314/695/2080
f 2409/791/2175 2400/782/2166 2399/781/2165
f 2410/792/2176 2400/782/2166 2409/791/2175
f 2411/793/2177 2410/792/2176 2409/791/2175
f 2412/794/2178 2410/792/2176 2411/793/2177
f 2415/795/2179 2414/796/2180 2413/798/2181
f 2414/796/2180 2415/795/2179 2416/797/2182
f 2417/799/2183 2416/797/2182 2415/795/2179
f 2418/800/2184 2416/797/2182 2417/799/2183
f 2312/693/2078 2413/798/2181 2414/796/2180
f 2413/798/2181 2312/693/2078 2311/692/2077
f 2419/801/2185 2388/770/2154 2391/773/2157
f 2420/802/2186 2419/801/2185 2391/773/2157
f 2421/803/2187 2420/802/2186 2391/773/2157
f 2422/804/2188 2391/773/2157 2392/774/2158
f 2423/805/2189 2422/804/2188 2392/774/2158
f 2422/804/2188 2423/805/2189 2424/806/2190
f 2425/807/2191 2424/806/2190 2423/805/2189
f 2334/715/2100 2335/716/2101 2426/717/2192
f 2426/717/2192 2331/712/2097 2334/715/2100
f 2331/712/2097 2426/717/2192 2325/706/2091
f 2429/606/2193 2428/605/2194 2427/607/2195
f 2428/605/2194 2429/606/2193 2430/608/2196
f 2431/609/2197 2430/608/2196 2429/606/2193
f 2430/608/2196 2431/609/2197 2432/610/2198
f 2433/611/2199 2432/610/2198 2431/609/2197
f 2432/610/2198 2433/611/2199 2434/612/2199
f 2435/613/2200 2427/607/2195 2428/605/2194
f 2427/607/2195 2435/613/2200 2436/614/2201
f 2437/615/2202 2436/614/2201 2435/613/2200
f 2436/614/2201 2437/615/2202 2438/616/2203
f 2439/617/2204 2438/616/2203 2437/615/2202
f 2438/616/2203 2439/617/2204 2440/618/2205
f 2443/606/2206 2442/605/2207 2441/608/2208
f 2442/605/2207 2443/606/2206 2444/607/2209
f 2441/608/2208 2445/609/2210 2443/606/2206
f 2445/609/2210 2441/608/2208 2446/610/2211
f 2446/610/2211 2447/611/2212 2445/609/2210
f 2447/611/2212 2446/610/2211 2448/612/2212
f 2444/607/2209 2449/613/2213 2442/605/2207
f 2449/613/2213 2444/607/2209 2450/614/2214
f 2450/614/2214 2451/615/2215 2449/613/2213
f 2451/615/2215 2450/614/2214 2452/616/2216
f 2452/616/2216 2453/617/2217 2451/615/2215
f 2453/617/2217 2452/616/2216 2454/618/2218
f 2457/289/2219 2456/288/2219 2455/290/2220
f 2458/291/2220 2457/289/2219 2455/290/2220
f 2457/289/2219 2458/291/2220 2459/292/2221
f 2459/292/2221 2458/291/2220 2460/293/2222
f 2461/294/2223 2458/291/2220 2455/290/2220
f 2462/295/2221 2458/291/2220 2461/294/2223
f 2462/295/2221 2461/294/2223 2463/296/2224
f 2464/297/2225 2462/295/2221 2463/296/2224
f 2462/295/2221 2464/297/2225 2465/298/2225
f 2465/298/2225 2464/297/2225 2466/299/2226
f 2462/295/2221 2467/300/2227 2458/291/2220
f 2462/295/2221 2468/301/2228 2467/300/2227
f 2469/302/2229 2467/300/2227 2468/301/2228
f 2467/300/2227 2469/302/2229 2470/303/2230
f 2469/302/2229 2471/304/1167 2470/303/2230
f 2470/303/2230 2471/304/1167 2472/305/1167
f 2473/306/2231 2470/303/2230 2472/305/1167
f 2474/307/2232 2470/303/2230 2473/306/2231
f 2470/303/2230 2474/307/2232 2475/308/2233
f 2476/309/2233 2475/308/2233 2474/307/2232
f 2477/310/2234 2475/308/2233 2476/309/2233
f 2477/310/2234 2478/311/2234 2475/308/2233
f 2479/312/2235 2478/311/2234 2477/310/2234
f 2478/311/2234 2480/313/2234 2475/308/2233
f 2481/314/2234 2475/308/2233 2480/313/2234
f 2475/308/2233 2481/314/2234 2482/315/2234
f 2482/315/2234 2481/314/2234 2483/316/2233
f 2472/305/1167 2471/304/1167 2484/317/1167
f 2485/318/2236 2482/315/2234 2483/316/2233
f 2485/318/2236 2486/319/2237 2482/315/2234
f 2487/320/2238 2486/319/2237 2485/318/2236
f 2486/319/2237 2488/321/2236 2482/315/2234
f 2488/321/2236 2489/322/2239 2482/315/2234
f 2490/323/2239 2489/322/2239 2488/321/2236
f 2489/322/2239 2490/323/2239 2491/324/2236
f 2491/324/2236 2490/323/2239 2492/325/2240
f 2495/320/2241 2494/319/2241 2493/318/2241
f 2493/318/2241 2494/319/2241 2496/315/2241
f 2494/319/2241 2497/321/2242 2496/315/2241
f 2493/318/2241 2496/315/2241 2498/316/2241
f 2497/321/2242 2499/322/2242 2496/315/2241
f 2500/323/2242 2499/322/2242 2497/321/2242
f 2499/322/2242 2500/323/2242 2501/324/2242
f 2501/324/2242 2500/323/2242 2502/325/2242
f 2505/320/2242 2504/319/2242 2503/318/2242
f 2503/318/2242 2504/319/2242 2506/315/2242
f 2504/319/2242 2507/321/2242 2506/315/2242
f 2503/318/2242 2506/315/2242 2508/316/2242
f 2507/321/2242 2509/322/2242 2506/315/2242
f 2510/323/2242 2509/322/2242 2507/321/2242
f 2509/322/2242 2510/323/2242 2511/324/2242
f 2511/324/2242 2510/323/2242 2512/325/2242
f 2515/320/1167 2514/319/1167 2513/318/1167
f 2513/318/1167 2514/319/1167 2516/315/2243
f 2514/319/1167 2517/321/1167 2516/315/2243
f 2513/318/1167 2516/315/2243 2518/316/2244
f 2517/321/1167 2519/322/1167 2516/315/2243
f 2520/323/1167 2519/322/1167 2517/321/1167
f 2519/322/1167 2520/323/1167 2521/324/1167
f 2521/324/1167 2520/323/1167 2522/325/1167
f 2525/320/1167 2524/319/1167 2523/318/1167
f 2523/318/1167 2524/319/1167 2526/315/1167
f 2524/319/1167 2527/321/1167 2526/315/1167
f 2523/318/1167 2526/315/1167 2528/316/1167
f 2527/321/1167 2529/322/1167 2526/315/1167
f 2530/323/1167 2529/322/1167 2527/321/1167
f 2529/322/1167 2530/323/1167 2531/324/1167
f 2531/324/1167 2530/323/1167 2532/325/1167
f 2535/320/1167 2534/319/1167 2533/318/1167
f 2533/318/1167 2534/319/1167 2536/315/1167
f 2534/319/1167 2537/321/1167 2536/315/1167
f 2533/318/1167 2536/315/1167 2538/316/1167
f 2537/321/1167 2539/322/1167 2536/315/1167
f 2540/323/1167 2539/322/1167 2537/321/1167
f 2539/322/1167 2540/323/1167 2541/324/1167
f 2541/324/1167 2540/323/1167 2542/325/1167
f 2545/320/1167 2544/319/1167 2543/318/1167
f 2543/318/1167 2544/319/1167 2546/315/1167
f 2544/319/1167 2547/321/1167 2546/315/1167
f 2543/318/1167 2546/315/1167 2548/316/1167
f 2547/321/1167 2549/322/1167 2546/315/1167
f 2550/323/1167 2549/322/1167 2547/321/1167
f 2549/322/1167 2550/323/1167 2551/324/1167
f 2551/324/1167 2550/323/1167 2552/325/1167
f 2555/320/2245 2554/319/2246 2553/318/2247
f 2553/318/2247 2554/319/2246 2556/315/2248
f 2554/319/2246 2557/321/2249 2556/315/2248
f 2553/318/2247 2556/315/2248 2558/316/2248
f 2557/321/2249 2559/322/2248 2556/315/2248
f 2560/323/2250 2559/322/2248 2557/321/2249
f 2559/322/2248 2560/323/2250 2561/324/2251
f 2561/324/2251 2560/323/2250 2562/325/2251
f 2565/320/2252 2564/319/2253 2563/318/2254
f 2563/318/2254 2564/319/2253 2566/315/2255
f 2564/319/2253 2567/321/2256 2566/315/2255
f 2563/318/2254 2566/315/2255 2568/316/2257
f 2567/321/2256 2569/322/2258 2566/315/2255
f 2570/323/2259 2569/322/2258 2567/321/2256
f 2569/322/2258 2570/323/2259 2571/324/2259
f 2571/324/2259 2570/323/2259 2572/325/2259
f 2575/320/1167 2574/319/1167 2573/318/1167
f 2573/318/1167 2574/319/1167 2576/315/1167
f 2574/319/1167 2577/321/1167 2576/315/1167
f 2573/318/1167 2576/315/1167 2578/316/1167
f 2577/321/1167 2579/322/1167 2576/315/1167
f 2580/323/1167 2579/322/1167 2577/321/1167
f 2579/322/1167 2580/323/1167 2581/324/1167
f 2581/324/1167 2580/323/1167 2582/325/1167
f 2585/320/1167 2584/319/1167 2583/318/1167
f 2583/318/1167 2584/319/1167 2586/315/1167
f 2584/319/1167 2587/321/1167 2586/315/1167
f 2583/318/1167 2586/315/1167 2588/316/1167
f 2587/321/1167 2589/322/1167 2586/315/1167
f 2590/323/1167 2589/322/1167 2587/321/1167
f 2589/322/1167 2590/323/1167 2591/324/1167
f 2591/324/1167 2590/323/1167 2592/325/1167
f 2595/320/1167 2594/319/1167 2593/318/1167
f 2593/318/1167 2594/319/1167 2596/315/1167
f 2594/319/1167 2597/321/1167 2596/315/1167
f 2593/318/1167 2596/315/1167 2598/316/1167
f 2597/321/1167 2599/322/1167 2596/315/1167
f 2600/323/2260 2599/322/1167 2597/321/1167
f 2599/322/1167 2600/323/2260 2601/324/1167
f 2601/324/1167 2600/323/2260 2602/325/1167
f 2605/320/1167 2604/319/1167 2603/318/1167
f 2603/318/1167 2604/319/1167 2606/315/1167
f 2604/319/1167 2607/321/1167 2606/315/1167
f 2603/318/1167 2606/315/1167 2608/316/1167
f 2607/321/1167 2609/322/1167 2606/315/1167
f 2610/323/1167 2609/322/1167 2607/321/1167
f 2609/322/1167 2610/323/1167 2611/324/1167
f 2611/324/1167 2610/323/1167 2612/325/1167
f 2613/326/1167 2611/324/1167 2612/325/1167
f 2613/326/1167 2614/327/1167 2611/324/1167
f 2615/328/1167 2614/327/1167 2613/326/1167
f 2614/327/1167 2616/329/1167 2611/324/1167
f 2616/329/1167 2617/330/2260 2611/324/1167
f 2616/329/1167 2618/331/2260 2617/330/2260
f 2621/59/2261 2620/58/2262 2619/60/2263
f 2620/58/2262 2622/61/2264 2619/60/2263
f 2622/61/2264 2620/58/2262 2623/62/2265
f 2623/62/2265 2624/63/2266 2622/61/2264
f 2624/63/2266 2623/62/2265 2625/64/2267
f 2625/64/2267 2626/65/2268 2624/63/2266
f 2626/65/2268 2625/64/2267 2627/66/2269
f 2627/66/2269 2628/67/2270 2626/65/2268
f 2628/67/2270 2627/66/2269 2629/68/2271
f 2629/68/2271 2630/69/2272 2628/67/2270
f 2630/69/2272 2629/68/2271 2631/70/2273
f 2631/70/2273 2632/71/2274 2630/69/2272
f 2632/71/2274 2631/70/2273 2633/72/2275
f 2633/72/2275 2634/73/2276 2632/71/2274
f 2634/73/2276 2633/72/2275 2635/74/2277
f 2636/75/2278 2634/73/2276 2635/74/2277
f 2634/73/2276 2636/75/2278 2637/76/2279
f 2636/75/2278 2638/77/2280 2637/76/2279
f 2638/77/2280 2636/75/2278 2639/78/2281
f 2640/79/2282 2638/77/2280 2639/78/2281
f 2638/77/2280 2640/79/2282 2641/80/2283
f 2639/78/2281 2642/81/2284 2640/79/2282
f 2639/78/2281 2643/82/2285 2642/81/2284
f 2646/59/2286 2645/60/2287 2644/58/2288
f 2647/61/2289 2644/58/2288 2645/60/2287
f 2644/58/2288 2647/61/2289 2648/62/2290
f 2649/63/2291 2648/62/2290 2647/61/2289
f 2648/62/2290 2649/63/2291 2650/64/2292
f 2651/65/2293 2650/64/2292 2649/63/2291
f 2650/64/2292 2651/65/2293 2652/66/2294
f 2653/67/2295 2652/66/2294 2651/65/2293
f 2652/66/2294 2653/67/2295 2654/68/2296
f 2655/69/2297 2654/68/2296 2653/67/2295
f 2654/68/2296 2655/69/2297 2656/70/2298
f 2657/71/2299 2656/70/2298 2655/69/2297
f 2656/70/2298 2657/71/2299 2658/72/2300
f 2659/73/2301 2658/72/2300 2657/71/2299
f 2658/72/2300 2659/73/2301 2660/74/2302
f 2659/73/2301 2661/75/2303 2660/74/2302
f 2661/75/2303 2659/73/2301 2662/76/2304
f 2663/77/2305 2661/75/2303 2662/76/2304
f 2661/75/2303 2663/77/2305 2664/78/2306
f 2665/79/2307 2664/78/2306 2663/77/2305
f 2663/77/2305 2666/80/2308 2665/79/2307
f 2664/78/2306 2665/79/2307 2667/81/2309
f 2664/78/2306 2667/81/2309 2668/82/2310
f 2671/42/2311 2670/43/2312 2669/44/2313
f 2672/45/2314 2670/43/2312 2671/42/2311
f 2672/45/2314 2671/42/2311 2673/46/2315
f 2674/47/2316 2670/43/2312 2672/45/2314
f 2674/47/2316 2672/45/2314 2675/48/2317
f 2674/47/2316 2676/49/2318 2670/43/2312
f 2679/50/2319 2678/51/2320 2677/52/2321
f 2678/51/2320 2679/50/2319 2680/53/2322
f 2681/54/2323 2680/53/2322 2679/50/2319
f 2680/53/2322 2681/54/2323 2682/55/2324
f 2683/56/2325 2682/55/2324 2681/54/2323
f 2682/55/2324 2683/56/2325 2684/57/2326
f 2687/52/2327 2686/57/2325 2685/51/2328
f 2686/57/2325 2687/52/2327 2688/56/2329
f 2686/57/2325 2689/53/2325 2685/51/2328
f 2689/53/2325 2686/57/2325 2690/55/2330
f 2687/52/2327 2691/54/2331 2688/56/2329
f 2691/54/2331 2687/52/2327 2692/50/2332
f 2695/52/2333 2694/53/2334 2693/51/2334
f 2694/53/2334 2695/52/2333 2696/55/2333
f 2695/52/2333 2697/57/2335 2696/55/2333
f 2697/57/2335 2695/52/2333 2698/50/2335
f 2698/50/2335 2699/56/2336 2697/57/2335
f 2699/56/2336 2698/50/2335 2700/54/2336
f 2703/52/2337 2702/57/2338 2701/51/2339
f 2702/57/2338 2703/52/2337 2704/56/2340
f 2702/57/2338 2705/53/2341 2701/51/2339
f 2705/53/2341 2702/57/2338 2706/55/2342
f 2703/52/2337 2707/54/2343 2704/56/2340
f 2707/54/2343 2703/52/2337 2708/50/2344
f 2711/43/2345 2710/42/2346 2709/44/2347
f 2711/43/2345 2712/45/2345 2710/42/2346
f 2710/42/2346 2712/45/2345 2713/46/2348
f 2711/43/2345 2714/47/2349 2712/45/2345
f 2712/45/2345 2714/47/2349 2715/48/2350
f 2716/49/2351 2714/47/2349 2711/43/2345
f 2719/51/2352 2718/50/2353 2717/52/2354
f 2718/50/2353 2719/51/2352 2720/53/2355
f 2720/53/2355 2721/54/2356 2718/50/2353
f 2721/54/2356 2720/53/2355 2722/55/2357
f 2722/55/2357 2723/56/2358 2721/54/2356
f 2723/56/2358 2722/55/2357 2724/57/2359
f 2727/57/2358 2726/52/2360 2725/51/2361
f 2726/52/2360 2727/57/2358 2728/56/2362
f 2729/53/2358 2727/57/2358 2725/51/2361
f 2727/57/2358 2729/53/2358 2730/55/2363
f 2731/54/2364 2726/52/2360 2728/56/2362
f 2726/52/2360 2731/54/2364 2732/50/2365
f 2735/53/2366 2734/52/2367 2733/51/2366
f 2734/52/2367 2735/53/2366 2736/55/2367
f 2737/57/2368 2734/52/2367 2736/55/2367
f 2734/52/2367 2737/57/2368 2738/50/2368
f 2739/56/2369 2738/50/2368 2737/57/2368
f 2738/50/2368 2739/56/2369 2740/54/2369
f 2743/57/2370 2742/52/2371 2741/51/2372
f 2742/52/2371 2743/57/2370 2744/56/2373
f 2745/53/2374 2743/57/2370 2741/51/2372
f 2743/57/2370 2745/53/2374 2746/55/2375
f 2747/54/2376 2742/52/2371 2744/56/2373
f 2742/52/2371 2747/54/2376 2748/50/2377
f 2751/2/2378 2750/3/2379 2749/1/2380
f 2752/4/2381 2749/1/2380 2750/3/2379
f 2749/1/2380 2752/4/2381 2753/5/2382
f 2752/4/2381 2754/6/2383 2753/5/2382
f 2754/6/2383 2752/4/2381 2755/7/2384
f 2756/8/2385 2754/6/2383 2755/7/2384
f 2754/6/2383 2756/8/2385 2757/9/2386
f 2756/8/2385 2758/10/2387 2757/9/2386
f 2758/10/2387 2756/8/2385 2759/11/2388
f 2759/11/2388 2760/12/2389 2758/10/2387
f 2760/12/2389 2759/11/2388 2761/13/2390
f 2762/14/2391 2760/12/2389 2761/13/2390
f 2760/12/2389 2762/14/2391 2763/15/2392
f 2762/14/2391 2764/16/2393 2763/15/2392
f 2764/16/2393 2762/14/2391 2765/17/2394
f 2765/17/2394 2766/18/2395 2764/16/2393
f 2766/18/2395 2765/17/2394 2767/19/2396
f 2767/19/2396 2768/20/2397 2766/18/2395
f 2768/20/2397 2767/19/2396 2769/21/2398
f 2770/22/2399 2768/20/2397 2769/21/2398
f 2768/20/2397 2770/22/2399 2771/23/2400
f 2774/27/2401 2773/26/2402 2772/24/2403
f 2773/26/2402 2774/27/2401 2775/25/2401
f 2776/28/2404 2772/24/2403 2773/26/2402
f 2772/24/2403 2776/28/2404 2777/29/2405
f 2776/28/2404 2778/30/2406 2777/29/2405
f 2778/30/2406 2776/28/2404 2779/31/2407
f 2779/31/2407 2780/33/2408 2778/30/2406
f 2780/33/2408 2779/31/2407 2781/32/2409
f 2782/34/2410 2780/33/2408 2781/32/2409
f 2781/32/2409 2783/35/2411 2782/34/2410
f 2782/34/2410 2784/36/2412 2780/33/2408
f 2787/808/2413 2786/809/2414 2785/810/2415
f 2786/809/2414 2787/808/2413 2788/811/2416
f 2785/810/2415 2789/812/2417 2787/808/2413
f 2789/812/2417 2785/810/2415 2790/813/2418
f 2790/813/2418 2791/814/2419 2789/812/2417
f 2791/814/2419 2790/813/2418 2792/815/2420
f 2792/815/2420 2793/816/2421 2791/814/2419
f 2793/816/2421 2792/815/2420 2794/817/2422
f 2794/817/2422 2795/818/2423 2793/816/2421
f 2795/818/2423 2794/817/2422 2796/819/2424
f 2796/819/2424 2797/820/2425 2795/818/2423
f 2797/820/2425 2796/819/2424 2798/821/2426
f 2798/821/2426 2799/822/2427 2797/820/2425
f 2799/822/2427 2798/821/2426 2800/823/2428
f 2801/824/2429 2799/822/2427 2800/823/2428
f 2799/822/2427 2801/824/2429 2802/825/2430
f 2803/826/2431 2802/825/2430 2801/824/2429
f 2806/809/2432 2805/808/2433 2804/810/2434
f 2805/808/2433 2806/809/2432 2807/811/2435
f 2808/812/2436 2804/810/2434 2805/808/2433
f 2804/810/2434 2808/812/2436 2809/813/2437
f 2810/814/2438 2809/813/2437 2808/812/2436
f 2809/813/2437 2810/814/2438 2811/815/2439
f 2812/816/2440 2811/815/2439 2810/814/2438
f 2811/815/2439 2812/816/2440 2813/817/2441
f 2814/818/2442 2813/817/2441 2812/816/2440
f 2813/817/2441 2814/818/2442 2815/819/2443
f 2816/820/2444 2815/819/2443 2814/818/2442
f 2815/819/2443 2816/820/2444 2817/821/2445
f 2818/822/2446 2817/821/2445 2816/820/2444
f 2817/821/2445 2818/822/2446 2819/823/2447
f 2818/822/2446 2820/824/2448 2819/823/2447
f 2820/824/2448 2818/822/2446 2821/825/2449
f 2821/825/2449 2822/826/2450 2820/824/2448
f 2825/827/2451 2824/828/2452 2823/829/2453
f 2824/828/2452 2825/827/2451 2826/830/2454
f 2827/831/2455 2823/829/2453 2824/828/2452
f 2828/832/2456 2824/828/2452 2826/830/2454
f 2824/828/2452 2828/832/2456 2829/833/2457
f 2825/827/2451 2830/834/2458 2826/830/2454
f 2830/834/2458 2825/827/2451 2831/835/2459
f 2830/834/2458 2832/836/2460 2826/830/2454
f 2826/830/2454 2832/836/2460 2828/832/2456
f 2832/836/2460 2830/834/2458 2833/837/2461
f 2834/838/2462 2829/833/2457 2828/832/2456
f 2829/833/2457 2834/838/2462 2835/839/2463
f 2831/835/2459 2825/827/2451 2836/840/2464
f 2837/841/2465 2836/840/2464 2825/827/2451
f 2827/831/2455 2837/841/2465 2823/829/2453
f 2825/827/2451 2823/829/2453 2837/841/2465
f 2836/840/2464 2838/842/2466 2831/835/2459
f 2838/842/2466 2839/843/2467 2831/835/2459
f 2839/843/2467 2840/844/2468 2831/835/2459
f 2840/844/2468 2839/843/2467 2841/845/2469
f 2839/843/2467 2842/846/2470 2841/845/2469
f 2842/846/2470 2839/843/2467 2843/847/2471
f 2844/848/2472 2840/844/2468 2841/845/2469
f 2841/845/2469 2842/846/2470 2845/849/2473
f 2844/848/2472 2841/845/2469 2845/849/2473
f 2846/850/2474 2845/849/2473 2842/846/2470
f 2847/851/2475 2846/850/2474 2842/846/2470
f 2847/851/2475 2842/846/2470 2843/847/2471
f 2846/850/2474 2847/851/2475 2848/852/2476
f 2847/851/2475 2849/853/2477 2848/852/2476
f 2849/853/2477 2847/851/2475 2850/854/2478
f 2850/854/2478 2851/855/2479 2849/853/2477
f 2851/855/2479 2850/854/2478 2852/856/2480
f 2853/857/2481 2851/855/2479 2852/856/2480
f 2851/855/2479 2853/857/2481 2854/858/2482
f 2853/857/2481 2855/859/2483 2854/858/2482
f 2855/859/2483 2853/857/2481 2856/860/2484
f 2856/860/2484 2857/861/2485 2855/859/2483
f 2857/861/2485 2856/860/2484 2858/862/2486
f 2854/858/2482 2855/859/2483 2859/863/2487
f 2859/863/2487 2851/855/2479 2854/858/2482
f 2857/861/2485 2860/864/2488 2855/859/2483
f 2855/859/2483 2860/864/2488 2859/863/2487
f 2860/864/2488 2861/865/2489 2859/863/2487
f 2861/865/2489 2860/864/2488 2862/866/2490
f 2863/867/2491 2861/865/2489 2862/866/2490
f 2861/865/2489 2863/867/2491 2864/868/2492
f 2864/868/2492 2863/867/2491 2865/869/2493
f 2851/855/2479 2859/863/2487 2866/870/2494
f 2866/870/2494 2867/871/2495 2851/855/2479
f 2867/871/2495 2866/870/2494 2868/872/2496
f 2869/873/2497 2868/872/2496 2866/870/2494
f 2859/863/2487 2870/874/2498 2866/870/2494
f 2870/874/2498 2859/863/2487 2871/875/2499
f 2870/874/2498 2871/875/2499 2872/876/2500
f 2867/871/2495 2849/853/2477 2851/855/2479
f 2849/853/2477 2867/871/2495 2873/877/2501
f 2874/878/2502 2849/853/2477 2873/877/2501
f 2875/811/2503 2849/853/2477 2874/878/2502
f 2875/811/2503 2848/852/2476 2849/853/2477
f 2876/879/2504 2875/811/2503 2874/878/2502
f 2875/811/2503 2876/879/2504 2877/880/2505
f 2878/881/2506 2873/877/2501 2867/871/2495
f 2873/877/2501 2878/881/2506 2879/882/2507
f 2878/881/2506 2880/883/2508 2879/882/2507
f 2880/883/2508 2878/881/2506 2881/884/2509
f 2882/885/2510 2880/883/2508 2881/884/2509
f 2883/886/2511 2877/880/2505 2876/879/2504
f 2877/880/2505 2883/886/2511 2884/887/2512
f 2885/888/2513 2884/887/2512 2883/886/2511
f 2886/889/2514 2875/811/2503 2877/880/2505
f 2887/809/2515 2848/852/2476 2875/811/2503
f 2887/809/2515 2846/850/2474 2848/852/2476
f 2846/850/2474 2887/809/2515 2888/890/2516
f 2889/810/2517 2888/890/2516 2887/809/2515
f 2887/809/2515 2890/808/2433 2889/810/2517
f 2890/808/2433 2887/809/2515 2875/811/2503
f 2891/812/2518 2889/810/2517 2890/808/2433
f 2889/810/2517 2891/812/2518 2892/813/2519
f 2893/814/2520 2892/813/2519 2891/812/2518
f 2892/813/2519 2893/814/2520 2894/815/2521
f 2895/816/2522 2894/815/2521 2893/814/2520
f 2894/815/2521 2895/816/2522 2896/817/2523
f 2897/818/2524 2896/817/2523 2895/816/2522
f 2896/817/2523 2897/818/2524 2898/819/2525
f 2899/820/2526 2898/819/2525 2897/818/2524
f 2898/819/2525 2899/820/2526 2900/821/2527
f 2901/822/2528 2900/821/2527 2899/820/2526
f 2900/821/2527 2901/822/2528 2902/823/2529
f 2901/822/2528 2903/824/2530 2902/823/2529
f 2903/824/2530 2901/822/2528 2904/825/2531
f 2903/824/2530 2904/825/2531 2905/826/2532
f 2907/891/2533 2828/832/2456 2906/892/2534
f 2906/892/2534 2828/832/2456 2832/836/2460
f 2906/892/2534 2832/836/2460 2908/893/2535
f 2906/892/2534 2908/893/2535 2909/894/2536
f 2909/894/2536 2910/895/2537 2906/892/2534
f 2907/891/2533 2906/892/2534 2910/895/2537
f 2910/895/2537 2911/896/2538 2907/891/2533
f 2911/896/2538 2910/895/2537 2912/897/2539
f 2913/898/2540 2912/897/2539 2910/895/2537
f 2910/895/2537 2909/894/2536 2913/898/2540
f 2914/899/2541 2913/898/2540 2909/894/2536
f 2913/898/2540 2914/899/2541 2915/900/2542
f 2912/897/2539 2913/898/2540 2916/901/2543
f 2917/902/2544 2913/898/2540 2915/900/2542
f 2913/898/2540 2917/902/2544 2916/901/2543
f 2918/903/2545 2917/902/2544 2915/900/2542
f 2914/899/2541 2918/903/2545 2915/900/2542
f 2917/902/2544 2918/903/2545 2919/904/2546
f 2908/893/2535 2832/836/2460 2833/837/2461
f 2911/896/2538 2834/838/2462 2907/891/2533
f 2828/832/2456 2907/891/2533 2834/838/2462
f 2919/904/2546 2918/903/2545 2920/905/2547
f 2920/905/2547 2918/903/2545 2921/906/2548
f 2922/907/2549 2921/906/2548 2918/903/2545
f 2922/907/2549 2918/903/2545 2923/908/2550
f 2918/903/2545 2914/899/2541 2923/908/2550
f 2924/909/2551 2922/907/2549 2923/908/2550
f 2924/909/2551 2923/908/2550 2925/910/2552
f 2925/910/2552 2923/908/2550 2914/899/2541
f 2914/899/2541 2926/911/2553 2925/910/2552
f 2927/912/2554 2925/910/2552 2926/911/2553
f 2926/911/2553 2908/893/2535 2927/912/2554
f 2927/912/2554 2908/893/2535 2833/837/2461
f 2925/910/2552 2927/912/2554 2928/913/2555
f 2925/910/2552 2928/913/2555 2924/909/2551
f 2927/912/2554 2929/914/2556 2928/913/2555
f 2929/914/2556 2924/909/2551 2928/913/2555
f 2929/914/2556 2927/912/2554 2930/915/2557
f 2930/915/2557 2927/912/2554 2833/837/2461
f 2909/894/2536 2908/893/2535 2926/911/2553
f 2926/911/2553 2914/899/2541 2909/894/2536
f 2924/909/2551 2931/916/2558 2922/907/2549
f 2931/916/2558 2924/909/2551 2932/917/2559
f 2924/909/2551 2933/918/2560 2932/917/2559
f 2930/915/2557 2933/918/2560 2929/914/2556
f 2924/909/2551 2929/914/2556 2933/918/2560
f 2933/918/2560 2934/919/2561 2932/917/2559
f 2935/920/2562 2934/919/2561 2933/918/2560
f 2934/919/2561 2844/848/2472 2932/917/2559
f 2844/848/2472 2936/921/2563 2932/917/2559
f 2844/848/2472 2934/919/2561 2840/844/2468
f 2935/920/2562 2840/844/2468 2934/919/2561
f 2935/920/2562 2831/835/2459 2840/844/2468
f 2831/835/2459 2935/920/2562 2830/834/2458
f 2937/922/2564 2830/834/2458 2935/920/2562
f 2933/918/2560 2937/922/2564 2935/920/2562
f 2933/918/2560 2930/915/2557 2937/922/2564
f 2830/834/2458 2937/922/2564 2833/837/2461
f 2930/915/2557 2833/837/2461 2937/922/2564
f 2936/921/2563 2844/848/2472 2938/923/2565
f 2939/924/2566 2932/917/2559 2936/921/2563
f 2932/917/2559 2939/924/2566 2931/916/2558
f 2939/924/2566 2940/925/2567 2931/916/2558
f 2922/907/2549 2931/916/2558 2940/925/2567
f 2922/907/2549 2940/925/2567 2941/926/2568
f 2942/927/2569 2941/926/2568 2940/925/2567
f 2939/924/2566 2942/927/2569 2940/925/2567
f 2941/926/2568 2942/927/2569 2943/928/2570
f 2942/927/2569 2944/929/2571 2943/928/2570
f 2945/930/2572 2943/928/2570 2944/929/2571
f 2944/929/2571 2946/931/2573 2945/930/2572
f 2946/931/2573 2944/929/2571 2947/932/2574
f 2944/929/2571 2948/933/2575 2947/932/2574
f 2943/928/2570 2945/930/2572 2949/934/2576
f 2943/928/2570 2950/935/2577 2941/926/2568
f 2950/935/2577 2943/928/2570 2951/936/2578
f 2950/935/2577 2951/936/2578 2952/937/2579
f 2953/938/2580 2952/937/2579 2951/936/2578
f 2943/928/2570 2953/938/2580 2951/936/2578
f 2952/937/2579 2953/938/2580 2954/939/2581
f 2955/940/2582 2954/939/2581 2953/938/2580
f 2954/939/2581 2955/940/2582 2956/941/2583
f 2957/942/2584 2950/935/2577 2952/937/2579
f 2958/943/2585 2957/942/2584 2952/937/2579
f 2953/938/2580 2943/928/2570 2959/944/2586
f 2959/944/2586 2955/940/2582 2953/938/2580
f 2947/932/2574 2960/945/2587 2959/944/2586
f 2960/945/2587 2947/932/2574 2961/946/2588
f 2948/933/2575 2961/946/2588 2947/932/2574
f 2962/947/2589 2961/946/2588 2948/933/2575
f 2961/946/2588 2962/947/2589 2963/948/2590
f 2963/948/2590 2964/949/2591 2961/946/2588
f 2964/949/2591 2963/948/2590 2965/950/2592
f 2966/951/2593 2965/950/2592 2963/948/2590
f 2962/947/2589 2966/951/2593 2963/948/2590
f 2965/950/2592 2966/951/2593 2967/952/2594
f 2967/952/2594 2968/953/2595 2965/950/2592
f 2968/953/2595 2967/952/2594 2969/954/2596
f 2970/955/2597 2968/953/2595 2969/954/2596
f 2970/955/2597 2969/954/2596 2971/956/2598
f 2970/955/2597 2971/956/2598 2972/957/2599
f 2973/958/2600 2965/950/2592 2968/953/2595
f 2965/950/2592 2973/958/2600 2964/949/2591
f 2968/953/2595 2974/959/2601 2973/958/2600
f 2966/951/2593 2962/947/2589 2975/960/2602
f 2975/960/2602 2976/961/2603 2966/951/2593
f 2976/961/2603 2975/960/2602 2977/962/2604
f 2978/963/2605 2977/962/2604 2975/960/2602
f 2976/961/2603 2979/964/2606 2966/951/2593
f 2979/964/2606 2976/961/2603 2980/965/2607
f 2976/961/2603 2981/966/2608 2980/965/2607
f 2981/966/2608 2976/961/2603 2982/967/2609
f 2979/964/2606 2980/965/2607 2983/968/2610
f 2980/965/2607 2981/966/2608 2984/969/2611
f 2976/961/2603 2985/970/2612 2982/967/2609
f 2985/970/2612 2976/961/2603 2977/962/2604
f 2985/970/2612 2977/962/2604 2986/971/2613
f 2987/972/2614 2986/971/2613 2977/962/2604
f 2987/972/2614 2977/962/2604 2978/963/2605
f 2986/971/2613 2987/972/2614 2988/973/2615
f 2985/970/2612 2986/971/2613 2989/974/2616
f 2988/973/2615 2989/974/2616 2986/971/2613
f 2985/970/2612 2989/974/2616 2982/967/2609
f 2989/974/2616 2988/973/2615 2990/975/2617
f 2989/974/2616 2991/976/2618 2982/967/2609
f 2992/977/2619 2991/976/2618 2989/974/2616
f 2993/978/2620 2991/976/2618 2992/977/2619
f 2993/978/2620 2992/977/2619 2994/979/2621
f 2994/979/2621 2992/977/2619 2995/980/2622
f 2993/978/2620 2996/981/2623 2991/976/2618
f 2991/976/2618 2997/982/2624 2982/967/2609
f 2997/982/2624 2991/976/2618 2998/983/2625
f 2995/980/2622 2999/984/2626 2994/979/2621
f 2999/984/2626 2995/980/2622 3000/985/2627
f 2999/984/2626 3000/985/2627 3001/986/2628
f 3002/987/2629 2997/982/2624 2998/983/2625
f 2997/982/2624 3002/987/2629 3003/988/2630
f 3004/989/2631 3003/988/2630 3002/987/2629
f 3003/988/2630 3004/989/2631 3005/990/2632
f 2990/975/2617 2988/973/2615 3006/991/2633
f 2987/972/2614 3006/991/2633 2988/973/2615
f 3006/991/2633 2987/972/2614 3007/992/2634
f 2987/972/2614 3008/993/2635 3007/992/2634
f 3008/993/2635 2987/972/2614 3009/994/2636
f 3007/992/2634 3010/995/2637 3006/991/2633
f 3010/995/2637 3007/992/2634 3011/996/2638
f 3011/996/2638 3007/992/2634 3008/993/2635
f 3012/997/2639 3010/995/2637 3011/996/2638
f 3010/995/2637 3012/997/2639 3013/998/2640
f 3011/996/2638 3014/845/2641 3012/997/2639
f 3014/845/2641 3011/996/2638 3008/993/2635
f 3014/845/2641 3008/993/2635 2844/848/2472
f 2839/843/2642 3012/997/2639 3014/845/2641
f 3013/998/2640 3012/997/2639 2839/843/2642
f 2844/848/2472 3008/993/2635 3015/999/2643
f 3015/999/2643 3008/993/2635 3009/994/2636
f 3009/994/2636 2987/972/2614 2978/963/2605
f 3015/999/2643 2978/963/2605 2844/848/2472
f 2978/963/2605 3015/999/2643 3009/994/2636
f 2938/923/2565 2844/848/2472 2978/963/2605
f 2962/947/2589 2938/923/2565 2978/963/2605
f 2975/960/2602 2962/947/2589 2978/963/2605
f 2962/947/2589 2936/921/2563 2938/923/2565
f 2936/921/2563 2962/947/2589 2948/933/2575
f 3016/1000/2644 2936/921/2563 2948/933/2575
f 2948/933/2575 2944/929/2571 3016/1000/2644
f 2944/929/2571 2942/927/2569 3016/1000/2644
f 2942/927/2569 2939/924/2566 3016/1000/2644
f 2936/921/2563 3016/1000/2644 2939/924/2566
f 3019/1001/2645 3018/1002/2646 3017/1003/2647
f 3018/1002/2646 3019/1001/2645 3020/1004/2648
f 3021/1005/2649 3019/1001/2645 3017/1003/2647
f 3019/1001/2645 3021/1005/2649 3022/1006/2650
f 3023/1007/2651 3021/1005/2649 3017/1003/2647
f 3023/1007/2651 3017/1003/2647 3024/1008/2652
f 3024/1008/2652 3017/1003/2647 3018/1002/2646
f 3024/1008/2652 2827/831/2455 3023/1007/2651
f 3025/1009/2653 3023/1007/2651 2827/831/2455
f 3023/1007/2651 3025/1009/2653 3026/1010/2654
f 3026/1010/2654 3027/1011/2655 3023/1007/2651
f 3023/1007/2651 3027/1011/2655 3021/1005/2649
f 3028/1012/2656 3027/1011/2655 3026/1010/2654
f 3027/1011/2655 3028/1012/2656 3029/1013/2657
f 3029/1013/2657 3030/1014/2658 3027/1011/2655
f 3021/1005/2649 3030/1014/2658 3022/1006/2650
f 3030/1014/2658 3021/1005/2649 3027/1011/2655
f 3029/1013/2657 3028/1012/2656 3031/1015/2659
f 3032/1016/2660 3028/1012/2656 3026/1010/2654
f 3032/1016/2660 3026/1010/2654 3025/1009/2653
f 3033/1017/2661 3028/1012/2656 3032/1016/2660
f 3028/1012/2656 3033/1017/2661 3034/1018/2662
f 3034/1018/2662 3031/1015/2659 3028/1012/2656
f 3032/1016/2660 2835/839/2463 3033/1017/2661
f 2835/839/2463 3032/1016/2660 2829/833/2457
f 3025/1009/2653 2829/833/2457 3032/1016/2660
f 2827/831/2455 3024/1008/2652 3035/1019/2663
f 2837/841/2465 2827/831/2455 3035/1019/2663
f 3031/1015/2659 3034/1018/2662 3036/1020/2664
f 3031/1015/2659 3036/1020/2664 3037/1021/2665
f 3038/1022/2666 3031/1015/2659 3037/1021/2665
f 3031/1015/2659 3038/1022/2666 3039/1023/2667
f 3030/1014/2658 3029/1013/2657 3039/1023/2667
f 3038/1022/2666 3030/1014/2658 3039/1023/2667
f 3029/1013/2657 3031/1015/2659 3039/1023/2667
f 3030/1014/2658 3038/1022/2666 3040/1024/2668
f 3030/1014/2658 3040/1024/2668 3022/1006/2650
f 2829/833/2457 3025/1009/2653 2824/828/2452
f 3025/1009/2653 2827/831/2455 2824/828/2452
f 3043/1025/2669 3042/1026/2670 3041/1027/2671
f 3042/1026/2670 3043/1025/2669 3044/1028/2672
f 3045/1029/2673 3043/1025/2669 3041/1027/2671
f 3043/1025/2669 3045/1029/2673 3046/1030/2674
f 3047/1031/2675 3042/1026/2670 3044/1028/2672
f 3042/1026/2670 3047/1031/2675 3048/1032/2676
f 3049/1033/2677 3048/1032/2676 3047/1031/2675
f 3048/1032/2676 3049/1033/2677 3050/1034/2678
f 3046/1030/2674 3045/1029/2673 3051/1035/2679
f 3045/1029/2673 3052/1036/2680 3051/1035/2679
f 3055/1037/2681 3054/1036/2682 3053/1038/2683
f 3054/1036/2682 3055/1037/2681 3056/1039/2684
f 3055/1037/2681 3053/1038/2683 3057/1040/2685
f 3057/1040/2685 3058/1041/2686 3055/1037/2681
f 3058/1041/2686 3057/1040/2685 3059/1042/2687
f 3058/1041/2686 3059/1042/2687 3060/1043/2688
f 3061/1044/2689 3058/1041/2686 3060/1043/2688
f 3058/1041/2686 3061/1044/2689 3062/1045/2690
f 3062/1045/2690 3061/1044/2689 3063/1046/2691
f 3064/1047/2692 3062/1045/2690 3063/1046/2691
f 3065/1048/2693 3064/1047/2692 3063/1046/2691
f 3064/1047/2692 3065/1048/2693 3066/1049/2694
f 3054/1036/2682 3056/1039/2684 3067/1035/2695
f 3068/1050/2696 2888/890/2516 2889/810/2517
f 3069/1051/2697 2846/850/2474 2888/890/2516
f 3070/1052/2698 2846/850/2474 3069/1051/2697
f 2846/850/2474 3070/1052/2698 2845/849/2473
f 2888/890/2516 3071/1053/2699 3069/1051/2697
f 3071/1053/2699 2888/890/2516 3072/1054/2700
f 3073/1055/2701 3071/1053/2699 3072/1054/2700
f 3071/1053/2699 3073/1055/2701 3074/1056/2702
f 3074/1056/2702 3073/1055/2701 3075/1057/2703
f 3076/1058/2704 3071/1053/2699 3074/1056/2702
f 3074/1056/2702 3077/1059/2705 3076/1058/2704
f 3071/1053/2699 3076/1058/2704 3078/1060/2706
f 3078/1060/2706 3069/1051/2697 3071/1053/2699
f 3069/1051/2697 3078/1060/2706 3070/1052/2698
f 3081/1061/2707 3080/1062/2708 3079/1063/2709
f 3079/1063/2709 3082/1064/2710 3081/1061/2707
f 3082/1064/2710 3079/1063/2709 3083/1065/2711
f 3083/1065/2711 3084/1066/2712 3082/1064/2710
f 3084/1066/2712 3083/1065/2711 3085/1067/2713
f 3085/1067/2713 2961/946/2588 3084/1066/2712
f 3085/1067/2713 2960/945/2587 2961/946/2588
f 2960/945/2587 3085/1067/2713 3086/1068/2714
f 3087/1069/2715 2960/945/2587 3086/1068/2714
f 3088/1070/2716 3087/1069/2715 3086/1068/2714
f 3087/1069/2715 3088/1070/2716 3089/1071/2717
f 3088/1070/2716 3090/1072/2718 3089/1071/2717
f 2960/945/2587 3087/1069/2715 2959/944/2586
f 3086/1068/2714 3091/1073/2719 3088/1070/2716
f 3091/1073/2719 3092/1074/2720 3088/1070/2716
f 3086/1068/2714 3093/1075/2721 3091/1073/2719
f 3093/1075/2721 3086/1068/2714 3085/1067/2713
f 3085/1067/2713 3094/1076/2722 3093/1075/2721
f 3094/1076/2722 3095/1077/2723 3093/1075/2721
f 3095/1077/2723 3094/1076/2722 3096/1078/2724
f 3093/1075/2721 3097/1079/2725 3091/1073/2719
f 3097/1079/2725 3093/1075/2721 3098/1080/2726
f 3099/1081/2727 3097/1079/2725 3098/1080/2726
f 3097/1079/2725 3099/1081/2727 3100/1082/2728
f 3101/1083/2729 3100/1082/2728 3099/1081/2727
f 3095/1077/2723 3096/1078/2724 3102/1084/2730
f 3090/1072/2718 3103/1085/2731 3089/1071/2717
f 3103/1085/2731 3087/1069/2715 3089/1071/2717
f 2955/940/2582 2959/944/2586 3087/1069/2715
f 3104/1086/2732 3087/1069/2715 3103/1085/2731
f 3105/1087/2733 3087/1069/2715 3104/1086/2732
f 3105/1087/2733 2955/940/2582 3087/1069/2715
f 3106/1088/2734 3105/1087/2733 3104/1086/2732
f 3105/1087/2733 3106/1088/2734 3107/1089/2735
f 3108/1090/2736 3104/1086/2732 3103/1085/2731
f 3103/1085/2731 3109/1091/2737 3108/1090/2736
f 3103/1085/2731 3090/1072/2718 3109/1091/2737
f 3110/1092/2738 3109/1091/2737 3090/1072/2718
f 3109/1091/2737 3110/1092/2738 3111/1093/2739
f 3112/1094/2740 3111/1093/2739 3110/1092/2738
f 3111/1093/2739 3112/1094/2740 3113/1095/2741
f 3114/1096/2742 3108/1090/2736 3109/1091/2737
f 2955/940/2582 3105/1087/2733 3115/1097/2743
f 3116/1098/2744 3115/1097/2743 3105/1087/2733
f 3115/1097/2743 3116/1098/2744 3117/1099/2745
f 3118/1100/2746 3107/1089/2735 3106/1088/2734
f 3107/1089/2735 3118/1100/2746 3119/1101/2747
f 3120/1102/2748 3119/1101/2747 3118/1100/2746
f 3119/1101/2747 3120/1102/2748 3121/1103/2749
f 3122/1104/2750 3121/1103/2749 3120/1102/2748
f 3123/1105/2751 3117/1099/2745 3116/1098/2744
f 3124/1106/2752 3113/1095/2741 3112/1094/2740
f 3113/1095/2741 3124/1106/2752 3125/1107/2753
f 3126/1108/2754 3125/1107/2753 3124/1106/2752
f 3125/1107/2753 3126/1108/2754 3127/1109/2755
f 3128/1110/2756 3127/1109/2755 3126/1108/2754
f 3127/1109/2755 3128/1110/2756 3129/1111/2757
f 3129/1111/2757 3128/1110/2756 3130/1112/2758
f 3131/1113/2759 2955/940/2582 3115/1097/2743
f 2955/940/2582 3131/1113/2759 2956/941/2583
f 3132/1114/2760 3131/1113/2759 3115/1097/2743
f 3131/1113/2759 3132/1114/2760 3133/1115/2761
f 3133/1115/2761 3132/1114/2760 3134/1116/2762
f 3136/1117/2763 2964/949/2591 3135/1118/2764
f 2964/949/2591 3136/1117/2763 3084/1066/2712
f 3137/1119/2765 3136/1117/2763 3135/1118/2764
f 3084/1066/2712 2961/946/2588 2964/949/2591
f 2945/930/2572 2946/931/2573 3138/1120/2766
f 2949/934/2576 2945/930/2572 3138/1120/2766
f 3141/827/2767 3140/828/2768 3139/830/2769
f 3140/828/2768 3141/827/2767 3142/829/2770
f 3140/828/2768 3142/829/2770 3143/831/2771
f 3140/828/2768 3144/832/2772 3139/830/2769
f 3144/832/2772 3140/828/2768 3145/833/2773
f 3146/834/2774 3141/827/2767 3139/830/2769
f 3141/827/2767 3146/834/2774 3147/835/2775
f 3148/836/2776 3146/834/2774 3139/830/2769
f 3144/832/2772 3148/836/2776 3139/830/2769
f 3146/834/2774 3148/836/2776 3149/837/2777
f 3145/833/2773 3150/838/2778 3144/832/2772
f 3150/838/2778 3145/833/2773 3151/839/2779
f 3152/840/2780 3141/827/2767 3147/835/2775
f 3141/827/2767 3152/840/2780 3153/841/2781
f 3153/841/2781 3143/831/2771 3142/829/2770
f 3153/841/2781 3142/829/2770 3141/827/2767
f 3147/835/2775 3154/842/2782 3152/840/2780
f 3147/835/2775 3155/843/2783 3154/842/2782
f 3156/844/2784 3155/843/2783 3147/835/2775
f 3155/843/2783 3156/844/2784 3157/845/2785
f 3158/846/2786 3155/843/2783 3157/845/2785
f 3155/843/2783 3158/846/2786 3159/847/2787
f 3157/845/2785 3156/844/2784 3160/848/2788
f 3161/849/2789 3158/846/2786 3157/845/2785
f 3161/849/2789 3157/845/2785 3160/848/2788
f 3158/846/2786 3161/849/2789 3162/850/2790
f 3162/850/2790 3163/851/2791 3158/846/2786
f 3159/847/2787 3158/846/2786 3163/851/2791
f 3163/851/2791 3162/850/2790 3164/852/2792
f 3165/853/2793 3163/851/2791 3164/852/2792
f 3163/851/2791 3165/853/2793 3166/854/2794
f 3167/855/2795 3166/854/2794 3165/853/2793
f 3166/854/2794 3167/855/2795 3168/856/2796
f 3167/855/2795 3169/857/2797 3168/856/2796
f 3169/857/2797 3167/855/2795 3170/858/2798
f 3171/859/2799 3169/857/2797 3170/858/2798
f 3169/857/2797 3171/859/2799 3172/860/2800
f 3173/861/2801 3172/860/2800 3171/859/2799
f 3172/860/2800 3173/861/2801 3174/862/2802
f 3175/863/2803 3171/859/2799 3170/858/2798
f 3167/855/2795 3175/863/2803 3170/858/2798
f 3171/859/2799 3176/864/2804 3173/861/2801
f 3175/863/2803 3176/864/2804 3171/859/2799
f 3177/865/2805 3176/864/2804 3175/863/2803
f 3176/864/2804 3177/865/2805 3178/866/2806
f 3177/865/2805 3179/867/2807 3178/866/2806
f 3179/867/2807 3177/865/2805 3180/868/2808
f 3181/869/2809 3179/867/2807 3180/868/2808
f 3175/863/2803 3167/855/2795 3182/870/2810
f 3183/871/2811 3182/870/2810 3167/855/2795
f 3182/870/2810 3183/871/2811 3184/872/2812
f 3182/870/2810 3184/872/2812 3185/873/2813
f 3186/874/2814 3175/863/2803 3182/870/2810
f 3175/863/2803 3186/874/2814 3187/875/2815
f 3188/876/2816 3187/875/2815 3186/874/2814
f 3165/853/2793 3183/871/2811 3167/855/2795
f 3183/871/2811 3165/853/2793 3189/877/2817
f 3165/853/2793 3190/878/2818 3189/877/2817
f 3165/853/2793 3191/811/2819 3190/878/2818
f 3165/853/2793 3164/852/2792 3191/811/2819
f 3191/811/2819 3192/879/2820 3190/878/2818
f 3192/879/2820 3191/811/2819 3193/880/2821
f 3189/877/2817 3194/881/2822 3183/871/2811
f 3194/881/2822 3189/877/2817 3195/882/2823
f 3196/883/2824 3194/881/2822 3195/882/2823
f 3194/881/2822 3196/883/2824 3197/884/2825
f 3197/884/2825 3196/883/2824 3198/885/2826
f 3193/880/2821 3199/886/2827 3192/879/2820
f 3199/886/2827 3193/880/2821 3200/887/2828
f 3199/886/2827 3200/887/2828 3201/888/2829
f 3193/880/2821 3191/811/2819 3202/889/2830
f 3191/811/2819 3164/852/2792 3203/809/2831
f 3162/850/2790 3203/809/2831 3164/852/2792
f 3203/809/2831 3162/850/2790 3204/890/2832
f 3203/809/2831 3204/890/2832 3205/810/2833
f 3206/808/2413 3203/809/2831 3205/810/2833
f 3203/809/2831 3206/808/2413 3191/811/2819
f 3205/810/2833 3207/812/2834 3206/808/2413
f 3207/812/2834 3205/810/2833 3208/813/2835
f 3208/813/2835 3209/814/2836 3207/812/2834
f 3209/814/2836 3208/813/2835 3210/815/2837
f 3210/815/2837 3211/816/2421 3209/814/2836
f 3211/816/2421 3210/815/2837 3212/817/2838
f 3212/817/2838 3213/818/2839 3211/816/2421
f 3213/818/2839 3212/817/2838 3214/819/2840
f 3214/819/2840 3215/820/2841 3213/818/2839
f 3215/820/2841 3214/819/2840 3216/821/2842
f 3216/821/2842 3217/822/2843 3215/820/2841
f 3217/822/2843 3216/821/2842 3218/823/2844
f 3219/824/2845 3217/822/2843 3218/823/2844
f 3217/822/2843 3219/824/2845 3220/825/2846
f 3221/826/2847 3220/825/2846 3219/824/2845
f 3223/892/2848 3144/832/2772 3222/891/2849
f 3148/836/2776 3144/832/2772 3223/892/2848
f 3224/893/2850 3148/836/2776 3223/892/2848
f 3225/894/2851 3224/893/2850 3223/892/2848
f 3226/895/2852 3225/894/2851 3223/892/2848
f 3226/895/2852 3223/892/2848 3222/891/2849
f 3227/896/2853 3226/895/2852 3222/891/2849
f 3226/895/2852 3227/896/2853 3228/897/2854
f 3228/897/2854 3229/898/2855 3226/895/2852
f 3225/894/2851 3226/895/2852 3229/898/2855
f 3229/898/2855 3230/899/2856 3225/894/2851
f 3230/899/2856 3229/898/2855 3231/900/2857
f 3229/898/2855 3228/897/2854 3232/901/2858
f 3233/902/2859 3229/898/2855 3232/901/2858
f 3229/898/2855 3233/902/2859 3231/900/2857
f 3233/902/2859 3234/903/2860 3231/900/2857
f 3234/903/2860 3230/899/2856 3231/900/2857
f 3234/903/2860 3233/902/2859 3235/904/2861
f 3149/837/2777 3148/836/2776 3224/893/2850
f 3236/905/2862 3234/903/2860 3235/904/2861
f 3237/906/2863 3234/903/2860 3236/905/2862
f 3234/903/2860 3237/906/2863 3238/907/2864
f 3239/908/2865 3234/903/2860 3238/907/2864
f 3230/899/2856 3234/903/2860 3239/908/2865
f 3239/908/2865 3238/907/2864 3240/909/2866
f 3241/910/2867 3239/908/2865 3240/909/2866
f 3230/899/2856 3239/908/2865 3241/910/2867
f 3242/911/2868 3230/899/2856 3241/910/2867
f 3241/910/2867 3243/912/2869 3242/911/2868
f 3243/912/2869 3224/893/2850 3242/911/2868
f 3149/837/2777 3224/893/2850 3243/912/2869
f 3243/912/2869 3241/910/2867 3244/913/2870
f 3240/909/2866 3244/913/2870 3241/910/2867
f 3245/914/2871 3243/912/2869 3244/913/2870
f 3244/913/2870 3240/909/2866 3245/914/2871
f 3243/912/2869 3245/914/2871 3246/915/2872
f 3149/837/2777 3243/912/2869 3246/915/2872
f 3238/907/2864 3247/916/2873 3240/909/2866
f 3248/917/2874 3240/909/2866 3247/916/2873
f 3248/917/2874 3249/918/2875 3240/909/2866
f 3249/918/2875 3246/915/2872 3245/914/2871
f 3249/918/2875 3245/914/2871 3240/909/2866
f 3248/917/2874 3250/919/2876 3249/918/2875
f 3249/918/2875 3250/919/2876 3251/920/2877
f 3160/848/2788 3250/919/2876 3248/917/2874
f 3248/917/2874 3252/921/2878 3160/848/2788
f 3250/919/2876 3160/848/2788 3156/844/2784
f 3250/919/2876 3156/844/2784 3251/920/2877
f 3156/844/2784 3147/835/2775 3251/920/2877
f 3146/834/2774 3251/920/2877 3147/835/2775
f 3146/834/2774 3253/922/2879 3251/920/2877
f 3251/920/2877 3253/922/2879 3249/918/2875
f 3246/915/2872 3249/918/2875 3253/922/2879
f 3253/922/2879 3146/834/2774 3149/837/2777
f 3253/922/2879 3149/837/2777 3246/915/2872
f 3254/923/2880 3160/848/2788 3252/921/2878
f 3255/924/2881 3248/917/2874 3247/916/2873
f 3248/917/2874 3255/924/2881 3252/921/2878
f 3247/916/2873 3256/925/2882 3255/924/2881
f 3256/925/2882 3247/916/2873 3238/907/2864
f 3257/926/2883 3256/925/2882 3238/907/2864
f 3257/926/2883 3258/927/2884 3256/925/2882
f 3258/927/2884 3255/924/2881 3256/925/2882
f 3258/927/2884 3257/926/2883 3259/928/2885
f 3259/928/2885 3260/929/2886 3258/927/2884
f 3259/928/2885 3261/930/2887 3260/929/2886
f 3262/931/2888 3260/929/2886 3261/930/2887
f 3260/929/2886 3262/931/2888 3263/932/2889
f 3263/932/2889 3264/933/2890 3260/929/2886
f 3261/930/2887 3259/928/2885 3265/934/2891
f 3266/935/2892 3259/928/2885 3257/926/2883
f 3259/928/2885 3266/935/2892 3267/936/2893
f 3268/937/2894 3267/936/2893 3266/935/2892
f 3268/937/2894 3269/938/2895 3267/936/2893
f 3269/938/2895 3259/928/2885 3267/936/2893
f 3269/938/2895 3268/937/2894 3270/939/2896
f 3270/939/2896 3271/940/2897 3269/938/2895
f 3271/940/2897 3270/939/2896 3272/941/2898
f 3268/937/2894 3266/935/2892 3273/942/2899
f 3268/937/2894 3273/942/2899 3274/943/2900
f 3259/928/2885 3269/938/2895 3275/944/2901
f 3271/940/2897 3275/944/2901 3269/938/2895
f 3275/944/2901 3276/945/2902 3263/932/2889
f 3277/946/2903 3263/932/2889 3276/945/2902
f 3263/932/2889 3277/946/2903 3264/933/2890
f 3264/933/2890 3277/946/2903 3278/947/2904
f 3279/948/2905 3278/947/2904 3277/946/2903
f 3280/949/2906 3279/948/2905 3277/946/2903
f 3279/948/2905 3280/949/2906 3281/950/2907
f 3281/950/2907 3282/951/2908 3279/948/2905
f 3282/951/2908 3278/947/2904 3279/948/2905
f 3282/951/2908 3281/950/2907 3283/952/2909
f 3284/953/2910 3283/952/2909 3281/950/2907
f 3283/952/2909 3284/953/2910 3285/954/2911
f 3285/954/2911 3284/953/2910 3286/955/2912
f 3287/956/2913 3285/954/2911 3286/955/2912
f 3288/957/2914 3287/956/2913 3286/955/2912
f 3289/958/2915 3281/950/2907 3280/949/2906
f 3281/950/2907 3289/958/2915 3284/953/2910
f 3289/958/2915 3290/959/2916 3284/953/2910
f 3278/947/2904 3282/951/2908 3291/960/2917
f 3292/961/2918 3291/960/2917 3282/951/2908
f 3291/960/2917 3292/961/2918 3293/962/2919
f 3291/960/2917 3293/962/2919 3294/963/2920
f 3295/964/2921 3292/961/2918 3282/951/2908
f 3292/961/2918 3295/964/2921 3296/965/2922
f 3297/966/2923 3292/961/2918 3296/965/2922
f 3292/961/2918 3297/966/2923 3298/967/2924
f 3299/968/2925 3296/965/2922 3295/964/2921
f 3300/969/2926 3297/966/2923 3296/965/2922
f 3292/961/2918 3301/970/2927 3293/962/2919
f 3301/970/2927 3292/961/2918 3298/967/2924
f 3302/971/2928 3293/962/2919 3301/970/2927
f 3293/962/2919 3302/971/2928 3303/972/2929
f 3294/963/2920 3293/962/2919 3303/972/2929
f 3304/973/2930 3303/972/2929 3302/971/2928
f 3305/974/2931 3302/971/2928 3301/970/2927
f 3305/974/2931 3304/973/2930 3302/971/2928
f 3298/967/2924 3305/974/2931 3301/970/2927
f 3304/973/2930 3305/974/2931 3306/975/2932
f 3298/967/2924 3307/976/2933 3305/974/2931
f 3305/974/2931 3307/976/2933 3308/977/2934
f 3308/977/2934 3307/976/2933 3309/978/2935
f 3308/977/2934 3309/978/2935 3310/979/2936
f 3308/977/2934 3310/979/2936 3311/980/2937
f 3307/976/2933 3312/981/2938 3309/978/2935
f 3313/982/2939 3307/976/2933 3298/967/2924
f 3307/976/2933 3313/982/2939 3314/983/2940
f 3315/984/2941 3311/980/2937 3310/979/2936
f 3311/980/2937 3315/984/2941 3316/985/2942
f 3317/986/2943 3316/985/2942 3315/984/2941
f 3313/982/2939 3318/987/2944 3314/983/2940
f 3318/987/2944 3313/982/2939 3319/988/2945
f 3319/988/2945 3320/989/2946 3318/987/2944
f 3320/989/2946 3319/988/2945 3321/990/2947
f 3322/991/2948 3304/973/2930 3306/975/2932
f 3322/991/2948 3303/972/2929 3304/973/2930
f 3303/972/2929 3322/991/2948 3323/992/2949
f 3324/993/2950 3303/972/2929 3323/992/2949
f 3303/972/2929 3324/993/2950 3325/994/2951
f 3326/995/2952 3323/992/2949 3322/991/2948
f 3323/992/2949 3326/995/2952 3327/996/2953
f 3324/993/2950 3323/992/2949 3327/996/2953
f 3326/995/2952 3328/997/2954 3327/996/2953
f 3328/997/2954 3326/995/2952 3329/998/2955
f 3327/996/2953 3330/845/2956 3324/993/2950
f 3330/845/2956 3327/996/2953 3328/997/2954
f 3160/848/2788 3324/993/2950 3330/845/2956
f 3330/845/2956 3328/997/2954 3155/843/2957
f 3155/843/2957 3328/997/2954 3329/998/2955
f 3331/999/2958 3324/993/2950 3160/848/2788
f 3325/994/2951 3324/993/2950 3331/999/2958
f 3294/963/2920 3303/972/2929 3325/994/2951
f 3160/848/2788 3294/963/2920 3331/999/2958
f 3325/994/2951 3331/999/2958 3294/963/2920
f 3294/963/2920 3160/848/2788 3254/923/2880
f 3294/963/2920 3254/923/2880 3278/947/2904
f 3294/963/2920 3278/947/2904 3291/960/2917
f 3252/921/2878 3278/947/2904 3254/923/2880
f 3278/947/2904 3252/921/2878 3264/933/2890
f 3252/921/2878 3332/1000/2959 3264/933/2890
f 3332/1000/2959 3260/929/2886 3264/933/2890
f 3332/1000/2959 3258/927/2884 3260/929/2886
f 3255/924/2881 3258/927/2884 3332/1000/2959
f 3332/1000/2959 3252/921/2878 3255/924/2881
f 3222/891/2849 3150/838/2778 3227/896/2853
f 3150/838/2778 3222/891/2849 3144/832/2772
f 3335/1001/2960 3334/1002/2961 3333/1004/2962
f 3334/1002/2961 3335/1001/2960 3336/1003/2963
f 3335/1001/2960 3337/1005/2964 3336/1003/2963
f 3337/1005/2964 3335/1001/2960 3338/1006/2965
f 3336/1003/2963 3337/1005/2964 3339/1007/2966
f 3340/1008/2967 3336/1003/2963 3339/1007/2966
f 3334/1002/2961 3336/1003/2963 3340/1008/2967
f 3143/831/2771 3340/1008/2967 3339/1007/2966
f 3339/1007/2966 3341/1009/2968 3143/831/2771
f 3341/1009/2968 3339/1007/2966 3342/1010/2969
f 3339/1007/2966 3343/1011/2970 3342/1010/2969
f 3337/1005/2964 3343/1011/2970 3339/1007/2966
f 3342/1010/2969 3343/1011/2970 3344/1012/2971
f 3345/1013/2972 3344/1012/2971 3343/1011/2970
f 3343/1011/2970 3346/1014/2973 3345/1013/2972
f 3337/1005/2964 3346/1014/2973 3343/1011/2970
f 3346/1014/2973 3337/1005/2964 3338/1006/2965
f 3347/1015/2974 3344/1012/2971 3345/1013/2972
f 3342/1010/2969 3344/1012/2971 3348/1016/2975
f 3341/1009/2968 3342/1010/2969 3348/1016/2975
f 3344/1012/2971 3349/1017/2976 3348/1016/2975
f 3349/1017/2976 3344/1012/2971 3350/1018/2977
f 3347/1015/2974 3350/1018/2977 3344/1012/2971
f 3151/839/2779 3348/1016/2975 3349/1017/2976
f 3348/1016/2975 3151/839/2779 3145/833/2773
f 3145/833/2773 3341/1009/2968 3348/1016/2975
f 3340/1008/2967 3143/831/2771 3351/1019/2978
f 3143/831/2771 3153/841/2781 3351/1019/2978
f 3350/1018/2977 3347/1015/2974 3352/1020/2979
f 3353/1021/2980 3352/1020/2979 3347/1015/2974
f 3347/1015/2974 3354/1022/2981 3353/1021/2980
f 3354/1022/2981 3347/1015/2974 3355/1023/2982
f 3355/1023/2982 3345/1013/2972 3346/1014/2973
f 3346/1014/2973 3354/1022/2981 3355/1023/2982
f 3355/1023/2982 3347/1015/2974 3345/1013/2972
f 3354/1022/2981 3346/1014/2973 3356/1024/2983
f 3338/1006/2965 3356/1024/2983 3346/1014/2973
f 3341/1009/2968 3145/833/2773 3140/828/2768
f 3140/828/2768 3143/831/2771 3341/1009/2968
f 3359/1025/2984 3358/1026/2985 3357/1028/2986
f 3358/1026/2985 3359/1025/2984 3360/1027/2987
f 3359/1025/2984 3361/1029/2988 3360/1027/2987
f 3361/1029/2988 3359/1025/2984 3362/1030/2989
f 3358/1026/2985 3363/1031/2990 3357/1028/2986
f 3363/1031/2990 3358/1026/2985 3364/1032/2991
f 3364/1032/2991 3365/1033/2992 3363/1031/2990
f 3365/1033/2992 3364/1032/2991 3366/1034/2993
f 3367/1035/2994 3361/1029/2988 3362/1030/2989
f 3367/1035/2994 3368/1036/2995 3361/1029/2988
f 3371/1037/2996 3370/1036/2997 3369/1039/2998
f 3370/1036/2997 3371/1037/2996 3372/1038/2999
f 3373/1040/3000 3372/1038/2999 3371/1037/2996
f 3374/1041/3001 3373/1040/3000 3371/1037/2996
f 3373/1040/3000 3374/1041/3001 3375/1042/3002
f 3376/1043/3003 3375/1042/3002 3374/1041/3001
f 3374/1041/3001 3377/1044/3004 3376/1043/3003
f 3377/1044/3004 3374/1041/3001 3378/1045/3005
f 3379/1046/3006 3377/1044/3004 3378/1045/3005
f 3379/1046/3006 3378/1045/3005 3380/1047/3007
f 3380/1047/3007 3381/1048/3008 3379/1046/3006
f 3381/1048/3008 3380/1047/3007 3382/1049/3009
f 3383/1035/3010 3369/1039/2998 3370/1036/2997
f 3230/899/2856 3242/911/2868 3225/894/2851
f 3242/911/2868 3224/893/2850 3225/894/2851
f 3205/810/2833 3204/890/2832 3384/1050/3011
f 3204/890/2832 3162/850/2790 3385/1051/3012
f 3162/850/2790 3386/1052/3013 3385/1051/3012
f 3386/1052/3013 3162/850/2790 3161/849/2789
f 3387/1053/3014 3204/890/2832 3385/1051/3012
f 3204/890/2832 3387/1053/3014 3388/1054/3015
f 3387/1053/3014 3389/1055/3016 3388/1054/3015
f 3389/1055/3016 3387/1053/3014 3390/1056/3017
f 3391/1057/3018 3389/1055/3016 3390/1056/3017
f 3387/1053/3014 3392/1058/3019 3390/1056/3017
f 3392/1058/3019 3393/1059/3020 3390/1056/3017
f 3392/1058/3019 3387/1053/3014 3394/1060/3021
f 3394/1060/3021 3385/1051/3012 3386/1052/3013
f 3385/1051/3012 3394/1060/3021 3387/1053/3014
f 3397/1063/3022 3396/1062/3023 3395/1061/3024
f 3398/1064/3025 3397/1063/3022 3395/1061/3024
f 3397/1063/3022 3398/1064/3025 3399/1065/3026
f 3400/1066/3027 3399/1065/3026 3398/1064/3025
f 3399/1065/3026 3400/1066/3027 3401/1067/3028
f 3400/1066/3027 3277/946/2903 3401/1067/3028
f 3276/945/2902 3401/1067/3028 3277/946/2903
f 3401/1067/3028 3276/945/2902 3402/1068/3029
f 3276/945/2902 3403/1069/3030 3402/1068/3029
f 3403/1069/3030 3404/1070/3031 3402/1068/3029
f 3404/1070/3031 3403/1069/3030 3405/1071/3032
f 3405/1071/3032 3406/1072/3033 3404/1070/3031
f 3403/1069/3030 3276/945/2902 3275/944/2901
f 3404/1070/3031 3407/1073/3034 3402/1068/3029
f 3404/1070/3031 3408/1074/3035 3407/1073/3034
f 3402/1068/3029 3409/1075/3036 3401/1067/3028
f 3409/1075/3036 3402/1068/3029 3407/1073/3034
f 3409/1075/3036 3410/1076/3037 3401/1067/3028
f 3411/1077/3038 3410/1076/3037 3409/1075/3036
f 3410/1076/3037 3411/1077/3038 3412/1078/3039
f 3413/1079/3040 3409/1075/3036 3407/1073/3034
f 3409/1075/3036 3413/1079/3040 3414/1080/3041
f 3413/1079/3040 3415/1081/3042 3414/1080/3041
f 3415/1081/3042 3413/1079/3040 3416/1082/3043
f 3415/1081/3042 3416/1082/3043 3417/1083/3044
f 3418/1084/3045 3412/1078/3039 3411/1077/3038
f 3419/1085/3046 3406/1072/3033 3405/1071/3032
f 3405/1071/3032 3403/1069/3030 3419/1085/3046
f 3275/944/2901 3271/940/2897 3403/1069/3030
f 3403/1069/3030 3420/1086/3047 3419/1085/3046
f 3403/1069/3030 3421/1087/3048 3420/1086/3047
f 3403/1069/3030 3271/940/2897 3421/1087/3048
f 3421/1087/3048 3422/1088/3049 3420/1086/3047
f 3422/1088/3049 3421/1087/3048 3423/1089/3050
f 3419/1085/3046 3420/1086/3047 3424/1090/3051
f 3424/1090/3051 3425/1091/3052 3419/1085/3046
f 3406/1072/3033 3419/1085/3046 3425/1091/3052
f 3425/1091/3052 3426/1092/3053 3406/1072/3033
f 3426/1092/3053 3425/1091/3052 3427/1093/3054
f 3427/1093/3054 3428/1094/3055 3426/1092/3053
f 3428/1094/3055 3427/1093/3054 3429/1095/3056
f 3425/1091/3052 3424/1090/3051 3430/1096/3057
f 3431/1097/3058 3421/1087/3048 3271/940/2897
f 3431/1097/3058 3432/1098/3059 3421/1087/3048
f 3432/1098/3059 3431/1097/3058 3433/1099/3060
f 3423/1089/3050 3434/1100/3061 3422/1088/3049
f 3434/1100/3061 3423/1089/3050 3435/1101/3062
f 3435/1101/3062 3436/1102/3063 3434/1100/3061
f 3436/1102/3063 3435/1101/3062 3437/1103/3064
f 3436/1102/3063 3437/1103/3064 3438/1104/3065
f 3432/1098/3059 3433/1099/3060 3439/1105/3066
f 3429/1095/3056 3440/1106/3067 3428/1094/3055
f 3440/1106/3067 3429/1095/3056 3441/1107/3068
f 3441/1107/3068 3442/1108/3069 3440/1106/3067
f 3442/1108/3069 3441/1107/3068 3443/1109/3070
f 3443/1109/3070 3444/1110/3071 3442/1108/3069
f 3444/1110/3071 3443/1109/3070 3445/1111/3072
f 3446/1112/3073 3444/1110/3071 3445/1111/3072
f 3271/940/2897 3447/1113/3074 3431/1097/3058
f 3447/1113/3074 3271/940/2897 3272/941/2898
f 3447/1113/3074 3448/1114/3075 3431/1097/3058
f 3448/1114/3075 3447/1113/3074 3449/1115/3076
f 3450/1116/3077 3448/1114/3075 3449/1115/3076
f 3451/1117/3078 3280/949/2906 3400/1066/3027
f 3280/949/2906 3451/1117/3078 3452/1118/3079
f 3452/1118/3079 3451/1117/3078 3453/1119/3080
f 3280/949/2906 3277/946/2903 3400/1066/3027
f 3454/1120/3081 3262/931/2888 3261/930/2887
f 3454/1120/3081 3261/930/2887 3265/934/2891
f 3457/937/3082 3456/938/3083 3455/936/3084
f 3456/938/3083 3458/928/3085 3455/936/3084
f 3456/938/3083 3457/937/3082 3459/939/3086
f 3459/939/3086 3460/940/3087 3456/938/3083
f 3460/940/3087 3459/939/3086 3461/941/3088
f 3458/928/3085 3456/938/3083 3462/944/3089
f 3460/940/3087 3462/944/3089 3456/938/3083
f 3462/944/3089 3460/940/3087 3463/1069/3090
f 3463/1069/3090 3464/945/3091 3462/944/3089
f 3464/945/3091 3465/932/3092 3462/944/3089
f 3465/932/3092 3464/945/3091 3466/946/3093
f 3466/946/3093 3467/933/3094 3465/932/3092
f 3466/946/3093 3468/947/3095 3467/933/3094
f 3468/947/3095 3466/946/3093 3469/948/3096
f 3470/949/3097 3469/948/3096 3466/946/3093
f 3469/948/3096 3470/949/3097 3471/950/3098
f 3471/950/3098 3472/951/3099 3469/948/3096
f 3472/951/3099 3468/947/3095 3469/948/3096
f 3472/951/3099 3471/950/3098 3473/952/3100
f 3474/953/3101 3473/952/3100 3471/950/3098
f 3473/952/3100 3474/953/3101 3475/954/3102
f 3474/953/3101 3476/955/3103 3475/954/3102
f 3475/954/3102 3476/955/3103 3477/956/3104
f 3477/956/3104 3476/955/3103 3478/957/3105
f 3471/950/3098 3479/958/3106 3474/953/3101
f 3479/958/3106 3471/950/3098 3470/949/3097
f 3480/959/3107 3474/953/3101 3479/958/3106
f 3468/947/3095 3472/951/3099 3481/960/3108
f 3482/961/3109 3481/960/3108 3472/951/3099
f 3481/960/3108 3482/961/3109 3483/962/3110
f 3484/964/3111 3482/961/3109 3472/951/3099
f 3482/961/3109 3484/964/3111 3485/965/3112
f 3486/966/3113 3482/961/3109 3485/965/3112
f 3482/961/3109 3486/966/3113 3487/967/3114
f 3485/965/3112 3484/964/3111 3488/968/3115
f 3486/966/3113 3485/965/3112 3489/969/3116
f 3490/970/3117 3482/961/3109 3487/967/3114
f 3482/961/3109 3490/970/3117 3483/962/3110
f 3491/974/3118 3490/970/3117 3487/967/3114
f 3492/976/3119 3491/974/3118 3487/967/3114
f 3492/976/3119 3493/977/3120 3491/974/3118
f 3492/976/3119 3494/978/3121 3493/977/3120
f 3493/977/3120 3494/978/3121 3495/979/3122
f 3493/977/3120 3495/979/3122 3496/980/3123
f 3497/981/3124 3494/978/3121 3492/976/3119
f 3498/982/3125 3492/976/3119 3487/967/3114
f 3492/976/3119 3498/982/3125 3499/983/3126
f 3500/984/3127 3496/980/3123 3495/979/3122
f 3496/980/3123 3500/984/3127 3501/985/3128
f 3501/985/3128 3500/984/3127 3502/986/3129
f 3498/982/3125 3503/987/3130 3499/983/3126
f 3503/987/3130 3498/982/3125 3504/988/3131
f 3504/988/3131 3505/989/3132 3503/987/3130
f 3505/989/3132 3504/988/3131 3506/990/3133
f 3509/1062/3134 3508/1061/3135 3507/1063/3136
f 3510/1064/3137 3507/1063/3136 3508/1061/3135
f 3507/1063/3136 3510/1064/3137 3511/1065/3138
f 3512/1066/3139 3511/1065/3138 3510/1064/3137
f 3511/1065/3138 3512/1066/3139 3513/1067/3140
f 3466/946/3093 3513/1067/3140 3512/1066/3139
f 3464/945/3091 3513/1067/3140 3466/946/3093
f 3513/1067/3140 3464/945/3091 3514/1068/3141
f 3464/945/3091 3463/1069/3090 3514/1068/3141
f 3463/1069/3090 3515/1070/3142 3514/1068/3141
f 3515/1070/3142 3463/1069/3090 3516/1071/3143
f 3517/1072/3144 3515/1070/3142 3516/1071/3143
f 3518/1073/3145 3514/1068/3141 3515/1070/3142
f 3519/1074/3146 3518/1073/3145 3515/1070/3142
f 3520/1075/3147 3514/1068/3141 3518/1073/3145
f 3514/1068/3141 3520/1075/3147 3513/1067/3140
f 3521/1076/3148 3513/1067/3140 3520/1075/3147
f 3522/1077/3149 3521/1076/3148 3520/1075/3147
f 3521/1076/3148 3522/1077/3149 3523/1078/3150
f 3524/1079/3151 3520/1075/3147 3518/1073/3145
f 3520/1075/3147 3524/1079/3151 3525/1080/3152
f 3524/1079/3151 3526/1081/3153 3525/1080/3152
f 3526/1081/3153 3524/1079/3151 3527/1082/3154
f 3527/1082/3154 3528/1083/3155 3526/1081/3153
f 3523/1078/3150 3522/1077/3149 3529/1084/3156
f 3530/1085/3157 3517/1072/3144 3516/1071/3143
f 3463/1069/3090 3530/1085/3157 3516/1071/3143
f 3463/1069/3090 3531/1086/3158 3530/1085/3157
f 3463/1069/3090 3532/1087/3159 3531/1086/3158
f 3460/940/3087 3532/1087/3159 3463/1069/3090
f 3532/1087/3159 3533/1088/3160 3531/1086/3158
f 3533/1088/3160 3532/1087/3159 3534/1089/3161
f 3531/1086/3158 3535/1090/3162 3530/1085/3157
f 3536/1091/3163 3530/1085/3157 3535/1090/3162
f 3517/1072/3144 3530/1085/3157 3536/1091/3163
f 3536/1091/3163 3537/1092/3164 3517/1072/3144
f 3537/1092/3164 3536/1091/3163 3538/1093/3165
f 3538/1093/3165 3539/1094/3166 3537/1092/3164
f 3539/1094/3166 3538/1093/3165 3540/1095/3167
f 3535/1090/3162 3541/1096/3168 3536/1091/3163
f 3532/1087/3159 3460/940/3087 3542/1097/3169
f 3542/1097/3169 3543/1098/3170 3532/1087/3159
f 3543/1098/3170 3542/1097/3169 3544/1099/3171
f 3534/1089/3161 3545/1100/3172 3533/1088/3160
f 3545/1100/3172 3534/1089/3161 3546/1101/3173
f 3546/1101/3173 3547/1102/3174 3545/1100/3172
f 3547/1102/3174 3546/1101/3173 3548/1103/3175
f 3548/1103/3175 3549/1104/3176 3547/1102/3174
f 3544/1099/3171 3550/1105/3177 3543/1098/3170
f 3540/1095/3167 3551/1106/3178 3539/1094/3166
f 3551/1106/3178 3540/1095/3167 3552/1107/3179
f 3552/1107/3179 3553/1108/3180 3551/1106/3178
f 3553/1108/3180 3552/1107/3179 3554/1109/3181
f 3554/1109/3181 3555/1110/3182 3553/1108/3180
f 3555/1110/3182 3554/1109/3181 3556/1111/3183
f 3555/1110/3182 3556/1111/3183 3557/1112/3184
f 3460/940/3087 3558/1113/3185 3542/1097/3169
f 3558/1113/3185 3460/940/3087 3461/941/3088
f 3558/1113/3185 3559/1114/3186 3542/1097/3169
f 3559/1114/3186 3558/1113/3185 3560/1115/3187
f 3559/1114/3186 3560/1115/3187 3561/1116/3188
f 3470/949/3097 3563/1117/3189 3562/1118/3190
f 3563/1117/3189 3470/949/3097 3512/1066/3139
f 3563/1117/3189 3564/1119/3191 3562/1118/3190
f 3466/946/3093 3512/1066/3139 3470/949/3097
f 3567/938/3192 3566/937/3193 3565/936/3194
f 3568/928/3195 3567/938/3192 3565/936/3194
f 3566/937/3193 3567/938/3192 3569/939/3196
f 3570/940/3197 3569/939/3196 3567/938/3192
f 3569/939/3196 3570/940/3197 3571/941/3198
f 3567/938/3192 3568/928/3195 3572/944/3199
f 3572/944/3199 3570/940/3197 3567/938/3192
f 3570/940/3197 3572/944/3199 3573/1069/3200
f 3574/945/3201 3573/1069/3200 3572/944/3199
f 3574/945/3201 3572/944/3199 3575/932/3202
f 3575/932/3202 3576/946/3203 3574/945/3201
f 3576/946/3203 3575/932/3202 3577/933/3204
f 3576/946/3203 3577/933/3204 3578/947/3205
f 3578/947/3205 3579/948/3206 3576/946/3203
f 3579/948/3206 3580/949/3207 3576/946/3203
f 3580/949/3207 3579/948/3206 3581/950/3208
f 3582/951/3209 3581/950/3208 3579/948/3206
f 3578/947/3205 3582/951/3209 3579/948/3206
f 3581/950/3208 3582/951/3209 3583/952/3210
f 3583/952/3210 3584/953/3211 3581/950/3208
f 3584/953/3211 3583/952/3210 3585/954/3212
f 3584/953/3211 3585/954/3212 3586/955/3213
f 3585/954/3212 3587/956/3214 3586/955/3213
f 3587/956/3214 3588/957/3215 3586/955/3213
f 3581/950/3208 3589/958/3216 3580/949/3207
f 3589/958/3216 3581/950/3208 3584/953/3211
f 3590/959/3217 3589/958/3216 3584/953/3211
f 3582/951/3209 3578/947/3205 3591/960/3218
f 3591/960/3218 3592/961/3219 3582/951/3209
f 3592/961/3219 3591/960/3218 3593/962/3220
f 3592/961/3219 3594/964/3221 3582/951/3209
f 3594/964/3221 3592/961/3219 3595/965/3222
f 3592/961/3219 3596/966/3223 3595/965/3222
f 3596/966/3223 3592/961/3219 3597/967/3224
f 3595/965/3222 3598/968/3225 3594/964/3221
f 3596/966/3223 3599/969/3226 3595/965/3222
f 3600/970/3227 3592/961/3219 3593/962/3220
f 3592/961/3219 3600/970/3227 3597/967/3224
f 3603/976/3228 3602/967/3229 3601/974/3230
f 3603/976/3228 3601/974/3230 3604/977/3231
f 3603/976/3228 3604/977/3231 3605/978/3232
f 3605/978/3232 3604/977/3231 3606/979/3233
f 3606/979/3233 3604/977/3231 3607/980/3234
f 3608/981/3235 3603/976/3228 3605/978/3232
f 3603/976/3228 3609/982/3236 3602/967/3229
f 3609/982/3236 3603/976/3228 3610/983/3237
f 3607/980/3234 3611/984/3238 3606/979/3233
f 3611/984/3238 3607/980/3234 3612/985/3239
f 3612/985/3239 3613/986/3240 3611/984/3238
f 3614/987/3241 3609/982/3236 3610/983/3237
f 3609/982/3236 3614/987/3241 3615/988/3242
f 3616/989/3243 3615/988/3242 3614/987/3241
f 3615/988/3242 3616/989/3243 3617/990/3244
f 3620/1062/3245 3619/1063/3246 3618/1061/3247
f 3619/1063/3246 3621/1064/3248 3618/1061/3247
f 3621/1064/3248 3619/1063/3246 3622/1065/3249
f 3622/1065/3249 3623/1066/3250 3621/1064/3248
f 3623/1066/3250 3622/1065/3249 3624/1067/3251
f 3576/946/3203 3623/1066/3250 3624/1067/3251
f 3624/1067/3251 3574/945/3201 3576/946/3203
f 3574/945/3201 3624/1067/3251 3625/1068/3252
f 3573/1069/3200 3574/945/3201 3625/1068/3252
f 3626/1070/3253 3573/1069/3200 3625/1068/3252
f 3573/1069/3200 3626/1070/3253 3627/1071/3254
f 3628/1072/3255 3627/1071/3254 3626/1070/3253
f 3629/1073/3256 3626/1070/3253 3625/1068/3252
f 3630/1074/3257 3626/1070/3253 3629/1073/3256
f 3631/1075/3258 3625/1068/3252 3624/1067/3251
f 3625/1068/3252 3631/1075/3258 3629/1073/3256
f 3632/1076/3259 3631/1075/3258 3624/1067/3251
f 3632/1076/3259 3633/1077/3260 3631/1075/3258
f 3633/1077/3260 3632/1076/3259 3634/1078/3261
f 3631/1075/3258 3635/1079/3262 3629/1073/3256
f 3635/1079/3262 3631/1075/3258 3636/1080/3263
f 3637/1081/3264 3635/1079/3262 3636/1080/3263
f 3635/1079/3262 3637/1081/3264 3638/1082/3265
f 3638/1082/3265 3637/1081/3264 3639/1083/3266
f 3634/1078/3261 3640/1084/3267 3633/1077/3260
f 3628/1072/3255 3641/1085/3268 3627/1071/3254
f 3573/1069/3200 3627/1071/3254 3641/1085/3268
f 3642/1086/3269 3573/1069/3200 3641/1085/3268
f 3643/1087/3270 3573/1069/3200 3642/1086/3269
f 3570/940/3197 3573/1069/3200 3643/1087/3270
f 3644/1088/3271 3643/1087/3270 3642/1086/3269
f 3643/1087/3270 3644/1088/3271 3645/1089/3272
f 3642/1086/3269 3641/1085/3268 3646/1090/3273
f 3647/1091/3274 3646/1090/3273 3641/1085/3268
f 3641/1085/3268 3628/1072/3255 3647/1091/3274
f 3648/1092/3275 3647/1091/3274 3628/1072/3255
f 3647/1091/3274 3648/1092/3275 3649/1093/3276
f 3650/1094/3277 3649/1093/3276 3648/1092/3275
f 3649/1093/3276 3650/1094/3277 3651/1095/3278
f 3646/1090/3273 3647/1091/3274 3652/1096/3279
f 3643/1087/3270 3653/1097/3280 3570/940/3197
f 3654/1098/3281 3653/1097/3280 3643/1087/3270
f 3653/1097/3280 3654/1098/3281 3655/1099/3282
f 3656/1100/3283 3645/1089/3272 3644/1088/3271
f 3645/1089/3272 3656/1100/3283 3657/1101/3284
f 3658/1102/3285 3657/1101/3284 3656/1100/3283
f 3657/1101/3284 3658/1102/3285 3659/1103/3286
f 3659/1103/3286 3658/1102/3285 3660/1104/3287
f 3655/1099/3282 3654/1098/3281 3661/1105/3288
f 3662/1106/3289 3651/1095/3278 3650/1094/3277
f 3651/1095/3278 3662/1106/3289 3663/1107/3290
f 3664/1108/3291 3663/1107/3290 3662/1106/3289
f 3663/1107/3290 3664/1108/3291 3665/1109/3292
f 3666/1110/3293 3665/1109/3292 3664/1108/3291
f 3665/1109/3292 3666/1110/3293 3667/1111/3294
f 3666/1110/3293 3668/1112/3295 3667/1111/3294
f 3669/1113/3296 3570/940/3197 3653/1097/3280
f 3570/940/3197 3669/1113/3296 3571/941/3198
f 3670/1114/3297 3669/1113/3296 3653/1097/3280
f 3669/1113/3296 3670/1114/3297 3671/1115/3298
f 3670/1114/3297 3672/1116/3299 3671/1115/3298
f 3580/949/3207 3673/1117/3300 3623/1066/3250
f 3673/1117/3300 3580/949/3207 3674/1118/3301
f 3673/1117/3300 3674/1118/3301 3675/1119/3302
f 3576/946/3203 3580/949/3207 3623/1066/3250
f 3678/3/3303 3677/2/3304 3676/1/3305
f 3676/1/3305 3679/4/3306 3678/3/3303
f 3679/4/3306 3676/1/3305 3680/5/3307
f 3681/6/3308 3679/4/3306 3680/5/3307
f 3679/4/3306 3681/6/3308 3682/7/3309
f 3681/6/3308 3683/8/3310 3682/7/3309
f 3683/8/3310 3681/6/3308 3684/9/3311
f 3685/10/3312 3683/8/3310 3684/9/3311
f 3683/8/3310 3685/10/3312 3686/11/3313
f 3687/12/3314 3686/11/3313 3685/10/3312
f 3686/11/3313 3687/12/3314 3688/13/3315
f 3687/12/3314 3689/14/3316 3688/13/3315
f 3689/14/3316 3687/12/3314 3690/15/3317
f 3691/16/3318 3689/14/3316 3690/15/3317
f 3689/14/3316 3691/16/3318 3692/17/3319
f 3693/18/3320 3692/17/3319 3691/16/3318
f 3692/17/3319 3693/18/3320 3694/19/3321
f 3695/20/3322 3694/19/3321 3693/18/3320
f 3694/19/3321 3695/20/3322 3696/21/3323
f 3695/20/3322 3697/22/3324 3696/21/3323
f 3697/22/3324 3695/20/3322 3698/23/3325
f 3701/26/3326 3700/27/3327 3699/24/3328
f 3700/27/3327 3701/26/3326 3702/25/3327
f 3699/24/3328 3703/28/3329 3701/26/3326
f 3703/28/3329 3699/24/3328 3704/29/3330
f 3705/30/3331 3703/28/3329 3704/29/3330
f 3703/28/3329 3705/30/3331 3706/31/3332
f 3707/33/3333 3706/31/3332 3705/30/3331
f 3706/31/3332 3707/33/3333 3708/32/3334
f 3707/33/3333 3709/34/3335 3708/32/3334
f 3710/35/3336 3708/32/3334 3709/34/3335
f 3711/36/3337 3709/34/3335 3707/33/3333
f 3714/809/3338 3713/808/3339 3712/810/3340
f 3713/808/3339 3714/809/3338 3715/811/3341
f 3718/812/3342 3717/810/3343 3716/808/3344
f 3717/810/3343 3718/812/3342 3719/813/3345
f 3721/814/3346 3720/813/3347 3718/812/3348
f 3720/813/3347 3721/814/3346 3722/815/3349
f 3725/816/3350 3724/815/3351 3723/814/3352
f 3724/815/3351 3725/816/3350 3726/817/3353
f 3727/818/3354 3726/817/3353 3725/816/3350
f 3726/817/3353 3727/818/3354 3728/819/3355
f 3729/820/3356 3728/819/3355 3727/818/3354
f 3728/819/3355 3729/820/3356 3730/821/3357
f 3731/822/3358 3730/821/3357 3729/820/3356
f 3730/821/3357 3731/822/3358 3732/823/3359
f 3731/822/3358 3733/824/3360 3732/823/3359
f 3733/824/3360 3731/822/3358 3734/825/3361
f 3734/825/3361 3735/826/3362 3733/824/3360
f 3738/859/3363 3737/863/3364 3736/858/3365
f 3737/863/3364 3739/855/3366 3736/858/3365
f 3740/864/3367 3737/863/3364 3738/859/3363
f 3740/864/3367 3738/859/3363 3741/861/3368
f 3740/864/3367 3742/865/3369 3737/863/3364
f 3742/865/3369 3740/864/3367 3743/866/3370
f 3744/867/3371 3742/865/3369 3743/866/3370
f 3742/865/3369 3744/867/3371 3745/868/3372
f 3744/867/3371 3746/869/3373 3745/868/3372
f 3739/855/3366 3737/863/3364 3747/870/3374
f 3747/870/3374 3748/871/3375 3739/855/3366
f 3748/871/3375 3749/853/3376 3739/855/3366
f 3749/853/3376 3748/871/3375 3750/877/3377
f 3751/878/3378 3749/853/3376 3750/877/3377
f 3752/811/3379 3749/853/3376 3751/878/3378
f 3753/852/3380 3749/853/3376 3752/811/3379
f 3754/879/3381 3752/811/3379 3751/878/3378
f 3752/811/3379 3754/879/3381 3755/880/3382
f 3748/871/3375 3747/870/3374 3756/872/3383
f 3756/872/3383 3747/870/3374 3757/873/3384
f 3758/881/3385 3750/877/3377 3748/871/3375
f 3750/877/3377 3758/881/3385 3759/882/3386
f 3758/881/3385 3760/883/3387 3759/882/3386
f 3760/883/3387 3758/881/3385 3761/884/3388
f 3760/883/3387 3761/884/3388 3762/885/3389
f 3763/886/3390 3755/880/3382 3754/879/3381
f 3755/880/3382 3763/886/3390 3764/887/3391
f 3764/887/3391 3763/886/3390 3765/888/3392
f 3752/811/3379 3755/880/3382 3766/889/3393
f 3753/852/3380 3752/811/3379 3767/809/3394
f 3767/809/3394 3768/850/3395 3753/852/3380
f 3768/850/3395 3767/809/3394 3769/890/3396
f 3769/890/3396 3767/809/3394 3770/810/3397
f 3767/809/3394 3771/808/3398 3770/810/3397
f 3771/808/3398 3767/809/3394 3752/811/3379
f 3772/812/3399 3770/810/3397 3771/808/3398
f 3770/810/3397 3772/812/3399 3773/813/3400
f 3774/814/3401 3773/813/3400 3772/812/3399
f 3773/813/3400 3774/814/3401 3775/815/3402
f 3776/816/3403 3775/815/3402 3774/814/3401
f 3775/815/3402 3776/816/3403 3777/817/3404
f 3778/818/3354 3777/817/3404 3776/816/3403
f 3777/817/3404 3778/818/3354 3779/819/3355
f 3780/820/3356 3779/819/3355 3778/818/3354
f 3779/819/3355 3780/820/3356 3781/821/3405
f 3782/822/3406 3781/821/3405 3780/820/3356
f 3781/821/3405 3782/822/3406 3783/823/3407
f 3782/822/3406 3784/824/3408 3783/823/3407
f 3784/824/3408 3782/822/3406 3785/825/3409
f 3785/825/3409 3786/826/3410 3784/824/3408
f 3789/875/3411 3788/876/3412 3787/874/3413
f 3787/874/3413 3737/863/3364 3789/875/3411
f 3737/863/3364 3787/874/3413 3747/870/3374
f 3769/890/3396 3770/810/3397 3790/1050/3414
f 3768/850/3395 3769/890/3396 3791/1051/3415
f 3792/1052/3416 3768/850/3395 3791/1051/3415
f 3769/890/3396 3793/1053/3417 3791/1051/3415
f 3793/1053/3417 3769/890/3396 3794/1054/3418
f 3795/1055/3419 3793/1053/3417 3794/1054/3418
f 3793/1053/3417 3795/1055/3419 3796/1056/3420
f 3795/1055/3419 3797/1057/3421 3796/1056/3420
f 3798/1058/3422 3793/1053/3417 3796/1056/3420
f 3799/1059/3423 3798/1058/3422 3796/1056/3420
f 3793/1053/3417 3798/1058/3422 3800/1060/3424
f 3791/1051/3415 3800/1060/3424 3792/1052/3416
f 3800/1060/3424 3791/1051/3415 3793/1053/3417
f 3803/808/3425 3802/809/3426 3801/810/3427
f 3802/809/3426 3803/808/3425 3804/811/3428
f 3801/810/3427 3805/812/3429 3803/808/3425
f 3805/812/3429 3801/810/3427 3806/813/3430
f 3806/813/3430 3807/814/3431 3805/812/3429
f 3807/814/3431 3806/813/3430 3808/815/3432
f 3808/815/3432 3809/816/3433 3807/814/3431
f 3809/816/3433 3808/815/3432 3810/817/3434
f 3810/817/3434 3811/818/3435 3809/816/3433
f 3811/818/3435 3810/817/3434 3812/819/3436
f 3812/819/3436 3813/820/3437 3811/818/3435
f 3813/820/3437 3812/819/3436 3814/821/3438
f 3814/821/3438 3815/822/3439 3813/820/3437
f 3815/822/3439 3814/821/3438 3816/823/3440
f 3817/824/3441 3815/822/3439 3816/823/3440
f 3815/822/3439 3817/824/3441 3818/825/3442
f 3819/826/3443 3818/825/3442 3817/824/3441
f 3822/863/3444 3821/859/3445 3820/858/3446
f 3823/855/3447 3822/863/3444 3820/858/3446
f 3822/863/3444 3824/864/3448 3821/859/3445
f 3821/859/3445 3824/864/3448 3825/861/3449
f 3826/865/3450 3824/864/3448 3822/863/3444
f 3824/864/3448 3826/865/3450 3827/866/3451
f 3826/865/3450 3828/867/3452 3827/866/3451
f 3828/867/3452 3826/865/3450 3829/868/3453
f 3830/869/3454 3828/867/3452 3829/868/3453
f 3822/863/3444 3823/855/3447 3831/870/3455
f 3832/871/3456 3831/870/3455 3823/855/3447
f 3833/853/3457 3832/871/3456 3823/855/3447
f 3832/871/3456 3833/853/3457 3834/877/3458
f 3833/853/3457 3835/878/3459 3834/877/3458
f 3833/853/3457 3836/811/3460 3835/878/3459
f 3833/853/3457 3837/852/3461 3836/811/3460
f 3836/811/3460 3838/879/3462 3835/878/3459
f 3838/879/3462 3836/811/3460 3839/880/3463
f 3831/870/3455 3832/871/3456 3840/872/3464
f 3831/870/3455 3840/872/3464 3841/873/3465
f 3834/877/3458 3842/881/3466 3832/871/3456
f 3842/881/3466 3834/877/3458 3843/882/3467
f 3844/883/3468 3842/881/3466 3843/882/3467
f 3842/881/3466 3844/883/3468 3845/884/3469
f 3845/884/3469 3844/883/3468 3846/885/3470
f 3839/880/3463 3847/886/3471 3838/879/3462
f 3847/886/3471 3839/880/3463 3848/887/3472
f 3847/886/3471 3848/887/3472 3849/888/3473
f 3839/880/3463 3836/811/3460 3850/889/3474
f 3836/811/3460 3837/852/3461 3851/809/3475
f 3852/850/3476 3851/809/3475 3837/852/3461
f 3851/809/3475 3852/850/3476 3853/890/3477
f 3851/809/3475 3853/890/3477 3854/810/3478
f 3855/808/3425 3851/809/3475 3854/810/3478
f 3851/809/3475 3855/808/3425 3836/811/3460
f 3854/810/3478 3856/812/3479 3855/808/3425
f 3856/812/3479 3854/810/3478 3857/813/3480
f 3857/813/3480 3858/814/3481 3856/812/3479
f 3858/814/3481 3857/813/3480 3859/815/3482
f 3859/815/3482 3860/816/3433 3858/814/3481
f 3860/816/3433 3859/815/3482 3861/817/3434
f 3861/817/3434 3862/818/3435 3860/816/3433
f 3862/818/3435 3861/817/3434 3863/819/3436
f 3863/819/3436 3864/820/3437 3862/818/3435
f 3864/820/3437 3863/819/3436 3865/821/3438
f 3865/821/3438 3866/822/3483 3864/820/3437
f 3866/822/3483 3865/821/3438 3867/823/3440
f 3868/824/3484 3866/822/3483 3867/823/3440
f 3866/822/3483 3868/824/3484 3869/825/3485
f 3870/826/3486 3869/825/3485 3868/824/3484
f 3873/876/3487 3872/875/3488 3871/874/3489
f 3822/863/3444 3871/874/3489 3872/875/3488
f 3871/874/3489 3822/863/3444 3831/870/3455
f 3854/810/3478 3853/890/3477 3874/1050/3490
f 3853/890/3477 3852/850/3476 3875/1051/3491
f 3852/850/3476 3876/1052/3492 3875/1051/3491
f 3877/1053/3493 3853/890/3477 3875/1051/3491
f 3853/890/3477 3877/1053/3493 3878/1054/3494
f 3877/1053/3493 3879/1055/3495 3878/1054/3494
f 3879/1055/3495 3877/1053/3493 3880/1056/3496
f 3881/1057/3497 3879/1055/3495 3880/1056/3496
f 3877/1053/3493 3882/1058/3498 3880/1056/3496
f 3882/1058/3498 3883/1059/3499 3880/1056/3496
f 3882/1058/3498 3877/1053/3493 3884/1060/3500
f 3884/1060/3500 3875/1051/3491 3876/1052/3492
f 3875/1051/3491 3884/1060/3500 3877/1053/3493
f 3887/1121/3501 3886/1122/3502 3885/1123/3503
f 3886/1122/3502 3887/1121/3501 3888/1124/3504
f 3889/1125/3505 3887/1121/3501 3885/1123/3503
f 3887/1121/3501 3889/1125/3505 3890/1126/3506
f 3885/1123/3503 3891/1127/3507 3889/1125/3505
f 3891/1127/3507 3885/1123/3503 3892/1128/3508
f 3885/1123/3503 3893/1129/3509 3892/1128/3508
f 3893/1129/3509 3885/1123/3503 3886/1122/3502
f 3894/1130/3510 3893/1129/3509 3886/1122/3502
f 3893/1129/3509 3894/1130/3510 3895/1131/3511
f 3896/1132/3512 3895/1131/3511 3894/1130/3510
f 3895/1131/3511 3896/1132/3512 3897/1133/3513
f 3892/1128/3508 3898/1134/3514 3891/1127/3507
f 3898/1134/3514 3892/1128/3508 3899/1135/3515
f 3900/1136/3516 3892/1128/3508 3893/1129/3509
f 3892/1128/3508 3900/1136/3516 3899/1135/3515
f 3895/1131/3511 3900/1136/3516 3893/1129/3509
f 3901/1137/3517 3899/1135/3515 3900/1136/3516
f 3902/1138/3518 3901/1137/3517 3900/1136/3516
f 3900/1136/3516 3895/1131/3511 3902/1138/3518
f 3897/1133/3513 3902/1138/3518 3895/1131/3511
f 3901/1137/3517 3902/1138/3518 3903/1139/3519
f 3904/1140/3520 3903/1139/3519 3902/1138/3518
f 3902/1138/3518 3897/1133/3513 3904/1140/3520
f 3903/1139/3519 3904/1140/3520 3905/1141/3521
f 3906/1142/3522 3898/1134/3514 3899/1135/3515
f 3898/1134/3514 3906/1142/3522 3907/1143/3523
f 3908/1144/3524 3899/1135/3515 3901/1137/3517
f 3899/1135/3515 3908/1144/3524 3906/1142/3522
f 3909/1145/3525 3901/1137/3517 3903/1139/3519
f 3901/1137/3517 3909/1145/3525 3908/1144/3524
f 3910/1146/3526 3909/1145/3525 3903/1139/3519
f 3910/1146/3526 3903/1139/3519 3911/1139/3527
f 3911/1139/3527 3903/1139/3519 3905/1141/3521
f 3912/1147/3528 3908/1144/3524 3909/1145/3525
f 3912/1147/3528 3913/1148/3529 3908/1144/3524
f 3913/1148/3529 3912/1147/3528 3914/1149/3530
f 3915/1150/3531 3914/1149/3530 3912/1147/3528
f 3916/1151/3532 3906/1142/3522 3908/1144/3524
f 3916/1151/3532 3908/1144/3524 3913/1148/3529
f 3917/1152/3533 3913/1148/3529 3914/1149/3530
f 3918/1153/3534 3917/1152/3533 3914/1149/3530
f 3915/1150/3531 3918/1153/3534 3914/1149/3530
f 3917/1152/3533 3918/1153/3534 3919/1154/3535
f 3913/1148/3529 3917/1152/3533 3920/1155/3536
f 3909/1145/3525 3921/85/3537 3912/1147/3528
f 3915/1150/3531 3912/1147/3528 3921/85/3537
f 3909/1145/3525 3922/83/3538 3921/85/3537
f 3922/83/3538 3909/1145/3525 3923/1156/3539
f 3923/1156/3539 3909/1145/3525 3910/1146/3526
f 3915/1150/3531 3921/85/3537 3924/1157/3540
f 3925/84/3541 3924/1157/3540 3921/85/3537
f 3924/1157/3540 3925/84/3541 3926/1158/3542
f 3924/1157/3540 3926/1158/3542 3927/88/3543
f 3928/87/3544 3915/1150/3531 3924/1157/3540
f 3915/1150/3531 3928/87/3544 3918/1153/3534
f 3928/87/3544 3924/1157/3540 3927/88/3543
f 3919/1154/3535 3918/1153/3534 3929/1159/3545
f 3929/1159/3545 3918/1153/3534 3928/87/3544
f 3920/1155/3536 3917/1152/3533 3930/1160/3546
f 3917/1152/3533 3931/1161/3547 3930/1160/3546
f 3931/1161/3547 3917/1152/3533 3932/1162/3548
f 3919/1154/3535 3932/1162/3548 3917/1152/3533
f 3932/1162/3548 3919/1154/3535 3933/1163/3549
f 3933/1163/3549 3934/1164/3550 3932/1162/3548
f 3934/1164/3550 3935/1165/3551 3932/1162/3548
f 3932/1162/3548 3935/1165/3551 3931/1161/3547
f 3935/1165/3551 3934/1164/3550 3936/1166/3552
f 3934/1164/3550 3933/1163/3549 3937/1167/3553
f 3938/1168/3554 3937/1167/3553 3933/1163/3549
f 3939/86/3555 3929/1159/3545 3928/87/3544
f 3929/1159/3545 3939/86/3555 3940/1169/3556
f 3940/1169/3556 3941/91/3557 3929/1159/3545
f 3938/1168/3554 3933/1163/3549 3942/93/3558
f 3933/1163/3549 3943/1170/3559 3942/93/3558
f 3943/1170/3559 3933/1163/3549 3919/1154/3535
f 3919/1154/3535 3929/1159/3545 3944/90/3560
f 3943/1170/3559 3919/1154/3535 3944/90/3560
f 3944/90/3560 3929/1159/3545 3941/91/3557
f 3945/89/3561 3943/1170/3559 3944/90/3560
f 3943/1170/3559 3945/89/3561 3946/1171/3562
f 3943/1170/3559 3946/1171/3562 3947/94/3563
f 3942/93/3558 3943/1170/3559 3947/94/3563
f 3937/1167/3553 3938/1168/3554 3948/96/3564
f 3948/96/3564 3949/1172/3565 3937/1167/3553
f 3949/1172/3565 3948/96/3564 3950/102/3566
f 3951/92/3567 3938/1168/3554 3942/93/3558
f 3938/1168/3554 3951/92/3567 3952/1173/3568
f 3938/1168/3554 3952/1173/3568 3953/97/3569
f 3948/96/3564 3938/1168/3554 3953/97/3569
f 3954/1174/3570 3949/1172/3565 3950/102/3566
f 3954/1174/3570 3955/1175/3571 3949/1172/3565
f 3956/1176/3572 3949/1172/3565 3955/1175/3571
f 3949/1172/3565 3956/1176/3572 3957/1177/3573
f 3958/1178/3574 3956/1176/3572 3955/1175/3571
f 3956/1176/3572 3958/1178/3574 3959/1179/3575
f 3960/1180/3576 3956/1176/3572 3959/1179/3575
f 3956/1176/3572 3960/1180/3576 3961/1181/3577
f 3961/1181/3577 3957/1177/3573 3956/1176/3572
f 3962/1182/3578 3959/1179/3575 3958/1178/3574
f 3959/1179/3575 3962/1182/3578 3963/1183/3579
f 3959/1179/3575 3964/1184/3580 3960/1180/3576
f 3964/1184/3580 3959/1179/3575 3963/1183/3579
f 3964/1184/3580 3965/1185/3581 3960/1180/3576
f 3965/1185/3581 3964/1184/3580 3966/1186/3582
f 3966/1186/3582 3967/1187/3583 3965/1185/3581
f 3967/1187/3583 3966/1186/3582 3968/1188/3584
f 3969/1189/3585 3960/1180/3576 3965/1185/3581
f 3960/1180/3576 3969/1189/3585 3961/1181/3577
f 3970/1190/3586 3957/1177/3573 3961/1181/3577
f 3971/1191/3587 3970/1190/3586 3961/1181/3577
f 3972/1192/3588 3971/1191/3587 3961/1181/3577
f 3972/1192/3588 3961/1181/3577 3969/1189/3585
f 3970/1190/3586 3934/1164/3550 3957/1177/3573
f 3934/1164/3550 3970/1190/3586 3936/1166/3552
f 3936/1166/3552 3970/1190/3586 3971/1191/3587
f 3965/1185/3581 3973/1193/3589 3969/1189/3585
f 3967/1187/3583 3973/1193/3589 3965/1185/3581
f 3967/1187/3583 3974/1194/3590 3973/1193/3589
f 3936/1166/3552 3971/1191/3587 3975/1195/3591
f 3975/1195/3591 3976/1196/3592 3936/1166/3552
f 3976/1196/3592 3975/1195/3591 3977/1197/3593
f 3978/1198/3594 3977/1197/3593 3975/1195/3591
f 3977/1197/3593 3978/1198/3594 3979/1199/3595
f 3979/1199/3595 3980/1200/3596 3977/1197/3593
f 3980/1200/3596 3931/1161/3547 3977/1197/3593
f 3977/1197/3593 3931/1161/3547 3976/1196/3592
f 3931/1161/3547 3980/1200/3596 3930/1160/3546
f 3930/1160/3546 3980/1200/3596 3920/1155/3536
f 3981/1201/3597 3920/1155/3536 3980/1200/3596
f 3920/1155/3536 3981/1201/3597 3913/1148/3529
f 3981/1201/3597 3982/1202/3598 3913/1148/3529
f 3982/1202/3598 3981/1201/3597 3983/1203/3599
f 3984/1204/3600 3982/1202/3598 3983/1203/3599
f 3982/1202/3598 3984/1204/3600 3985/1205/3601
f 3907/1143/3523 3982/1202/3598 3985/1205/3601
f 3982/1202/3598 3907/1143/3523 3906/1142/3522
f 3913/1148/3529 3982/1202/3598 3916/1151/3532
f 3916/1151/3532 3982/1202/3598 3906/1142/3522
f 3980/1200/3596 3979/1199/3595 3986/1206/3602
f 3986/1206/3602 3981/1201/3597 3980/1200/3596
f 3981/1201/3597 3986/1206/3602 3983/1203/3599
f 3987/1207/3603 3986/1206/3602 3979/1199/3595
f 3986/1206/3602 3987/1207/3603 3988/1208/3604
f 3988/1208/3604 3983/1203/3599 3986/1206/3602
f 3983/1203/3599 3988/1208/3604 3984/1204/3600
f 3978/1198/3594 3987/1207/3603 3979/1199/3595
f 3987/1207/3603 3978/1198/3594 3989/1209/3605
f 3990/1210/3606 3989/1209/3605 3978/1198/3594
f 3989/1209/3605 3990/1210/3606 3991/1211/3607
f 3992/1212/3608 3991/1211/3607 3990/1210/3606
f 3991/1211/3607 3992/1212/3608 3993/1213/3609
f 3994/1214/3610 3978/1198/3594 3975/1195/3591
f 3994/1214/3610 3975/1195/3591 3971/1191/3587
f 3994/1214/3610 3971/1191/3587 3972/1192/3588
f 3937/1167/3553 3957/1177/3573 3934/1164/3550
f 3957/1177/3573 3937/1167/3553 3949/1172/3565
f 3936/1166/3552 3976/1196/3592 3935/1165/3551
f 3931/1161/3547 3935/1165/3551 3976/1196/3592
f 3905/1141/3521 3995/1139/3611 3911/1139/3527
f 3911/1139/3527 3995/1139/3611 3910/1146/3526
f 3910/1146/3526 3996/1145/3612 3923/1156/3539
f 3958/1178/3574 3955/1175/3571 3997/99/3613
f 3955/1175/3571 3954/1174/3570 3997/99/3613
f 3997/99/3613 3954/1174/3570 3998/100/3614
f 3999/1215/3615 3998/100/3614 3954/1174/3570
f 3954/1174/3570 4000/101/3616 3999/1215/3615
f 4000/101/3616 3954/1174/3570 3950/102/3566
f 3958/1178/3574 3997/99/3613 4001/98/3617
f 3950/102/3566 3948/96/3564 4002/103/3618
f 4002/103/3618 3948/96/3564 4003/95/3619
f 4006/1216/3620 4005/1217/3621 4004/1218/3622
f 4005/1217/3621 4006/1216/3620 4007/1219/3623
f 4006/1216/3620 4008/1220/3624 4007/1219/3623
f 4006/1216/3620 4009/1221/3625 4008/1220/3624
f 4009/1221/3625 4006/1216/3620 4010/1222/3626
f 4011/1223/3627 4009/1221/3625 4010/1222/3626
f 4009/1221/3625 4011/1223/3627 4012/1224/3628
f 4011/1223/3627 4013/1225/3629 4012/1224/3628
f 4013/1225/3629 4011/1223/3627 4014/1226/3630
f 4014/1226/3630 4015/1227/3631 4013/1225/3629
f 4015/1227/3631 4014/1226/3630 4016/1228/3632
f 4016/1228/3632 4017/1229/3633 4015/1227/3631
f 4018/1230/3634 4017/1229/3633 4016/1228/3632
f 4018/1230/3634 4019/1231/3635 4017/1229/3633
f 4018/1230/3634 4020/1232/3636 4019/1231/3635
f 4020/1232/3636 4018/1230/3634 4021/1233/3637
f 4022/1234/3638 4020/1232/3636 4021/1233/3637
f 4020/1232/3636 4022/1234/3638 4023/1235/3639
f 4022/1234/3638 4024/1236/3640 4023/1235/3639
f 4024/1236/3640 4022/1234/3638 4025/1237/3641
f 4026/1238/3642 4024/1236/3640 4025/1237/3641
f 4024/1236/3640 4026/1238/3642 4027/1239/3643
f 4027/1239/3643 4026/1238/3642 4028/1240/3644
f 4029/1241/3645 4027/1239/3643 4028/1240/3644
f 4027/1239/3643 4029/1241/3645 4030/1242/3646
f 4029/1241/3645 4031/1243/3647 4030/1242/3646
f 4031/1243/3647 4029/1241/3645 4032/1244/3648
f 4033/1245/3649 4031/1243/3647 4032/1244/3648
f 4031/1243/3647 4033/1245/3649 4034/1246/3650
f 4037/1247/3651 4036/1248/3652 4035/1249/3653
f 4036/1248/3652 4037/1247/3651 4038/1250/3654
f 4039/1251/3655 4035/1249/3653 4036/1248/3652
f 4035/1249/3653 4039/1251/3655 4040/1252/3656
f 4037/1247/3651 4005/1217/3621 4038/1250/3654
f 4005/1217/3621 4037/1247/3651 4004/1218/3622
f 4043/1253/3657 4042/1254/3658 4041/1255/3659
f 4042/1254/3658 4043/1253/3657 4044/1256/3660
f 4044/1256/3660 4043/1253/3657 4045/1257/3661
f 4046/1258/3662 4041/1255/3659 4042/1254/3658
f 4041/1255/3659 4046/1258/3662 4047/1259/3663
f 4048/1260/3664 4047/1259/3663 4046/1258/3662
f 4047/1259/3663 4048/1260/3664 4049/1261/3665
f 4050/1262/3666 4044/1256/3660 4045/1257/3661
f 4044/1256/3660 4050/1262/3666 4051/1263/3667
f 4052/1264/3668 4051/1263/3667 4050/1262/3666
f 4051/1263/3667 4052/1264/3668 4053/1265/3669
f 4053/1265/3669 4054/1266/3670 4051/1263/3667
f 4044/1256/3660 4051/1263/3667 4054/1266/3670
f 4054/1266/3670 4046/1258/3662 4042/1254/3658
f 4044/1256/3660 4054/1266/3670 4042/1254/3658
f 4054/1266/3670 4053/1265/3669 4055/1267/3671
f 4048/1260/3664 4046/1258/3662 4056/1268/3672
f 4056/1268/3672 4057/1269/3673 4048/1260/3664
f 4057/1269/3673 4056/1268/3672 4058/1270/3674
f 4058/1270/3674 4059/1271/3675 4057/1269/3673
f 4059/1271/3675 4058/1270/3674 4008/1220/3624
f 4007/1219/3623 4008/1220/3624 4058/1270/3674
f 4046/1258/3662 4054/1266/3670 4060/1272/3676
f 4056/1268/3672 4046/1258/3662 4060/1272/3676
f 4061/1273/3677 4060/1272/3676 4054/1266/3670
f 4061/1273/3677 4054/1266/3670 4055/1267/3671
f 4064/1217/3678 4063/1216/3679 4062/1218/3680
f 4063/1216/3679 4064/1217/3678 4065/1219/3681
f 4066/1220/3682 4063/1216/3679 4065/1219/3681
f 4067/1221/3683 4063/1216/3679 4066/1220/3682
f 4063/1216/3679 4067/1221/3683 4068/1222/3684
f 4067/1221/3683 4069/1223/3685 4068/1222/3684
f 4069/1223/3685 4067/1221/3683 4070/1224/3686
f 4071/1225/3687 4069/1223/3685 4070/1224/3686
f 4069/1223/3685 4071/1225/3687 4072/1226/3688
f 4073/1227/3689 4072/1226/3688 4071/1225/3687
f 4072/1226/3688 4073/1227/3689 4074/1228/3690
f 4075/1229/3691 4074/1228/3690 4073/1227/3689
f 4075/1229/3691 4076/1230/3692 4074/1228/3690
f 4077/1231/3693 4076/1230/3692 4075/1229/3691
f 4078/1232/3694 4076/1230/3692 4077/1231/3693
f 4076/1230/3692 4078/1232/3694 4079/1233/3695
f 4078/1232/3694 4080/1234/3696 4079/1233/3695
f 4080/1234/3696 4078/1232/3694 4081/1235/3697
f 4082/1236/3698 4080/1234/3696 4081/1235/3697
f 4080/1234/3696 4082/1236/3698 4083/1237/3699
f 4086/1248/3700 4085/1247/3701 4084/1249/3702
f 4085/1247/3701 4086/1248/3700 4087/1250/3703
f 4086/1248/3700 4084/1249/3702 4088/1251/3704
f 4088/1251/3704 4084/1249/3702 4089/1251/3705
f 4089/1251/3705 4084/1249/3702 4090/1252/3706
f 4064/1217/3678 4085/1247/3701 4087/1250/3703
f 4085/1247/3701 4064/1217/3678 4062/1218/3680
f 4089/1251/3705 4091/1249/3707 4088/1251/3704
f 4094/1254/3708 4093/1253/3709 4092/1255/3710
f 4093/1253/3709 4094/1254/3708 4095/1256/3711
f 4093/1253/3709 4095/1256/3711 4096/1257/3712
f 4092/1255/3710 4097/1258/3713 4094/1254/3708
f 4097/1258/3713 4092/1255/3710 4098/1259/3714
f 4098/1259/3714 4099/1260/3715 4097/1258/3713
f 4099/1260/3715 4098/1259/3714 4100/1261/3716
f 4095/1256/3711 4101/1274/3717 4096/1257/3712
f 4101/1274/3717 4095/1256/3711 4102/1275/3718
f 4094/1254/3708 4102/1275/3718 4095/1256/3711
f 4102/1275/3718 4094/1254/3708 4103/1266/3719
f 4097/1258/3713 4103/1266/3719 4094/1254/3708
f 4102/1275/3718 4103/1266/3719 4104/1276/3720
f 4097/1258/3713 4099/1260/3715 4105/1268/3721
f 4106/1269/3722 4105/1268/3721 4099/1260/3715
f 4105/1268/3721 4106/1269/3722 4107/1270/3723
f 4108/1271/3724 4107/1270/3723 4106/1269/3722
f 4107/1270/3723 4108/1271/3724 4066/1220/3682
f 4066/1220/3682 4065/1219/3681 4107/1270/3723
f 4103/1266/3719 4097/1258/3713 4109/1272/3725
f 4097/1258/3713 4105/1268/3721 4109/1272/3725
f 4109/1272/3725 4110/1277/3726 4103/1266/3719
f 4103/1266/3719 4110/1277/3726 4104/1276/3720
f 4110/1277/3726 4109/1272/3725 4111/1278/3727
f 4114/1279/3728 4113/1280/3729 4112/1281/3730
f 4113/1280/3729 4114/1279/3728 4115/1282/3731
f 4112/1281/3730 4116/1283/3732 4114/1279/3728
f 4116/1283/3732 4112/1281/3730 4117/1284/3733
f 4117/1284/3733 4118/1285/3734 4116/1283/3732
f 4118/1285/3734 4117/1284/3733 4119/1286/3735
f 4119/1286/3735 4120/1287/3736 4118/1285/3734
f 4120/1287/3736 4119/1286/3735 4121/1288/3737
f 4121/1288/3737 4122/1289/3738 4120/1287/3736
f 4122/1289/3738 4121/1288/3737 4123/1290/3739
f 4123/1290/3739 4124/1291/3740 4122/1289/3738
f 4124/1291/3740 4123/1290/3739 4125/1292/3741
f 4125/1292/3741 4126/1293/3742 4124/1291/3740
f 4126/1293/3742 4125/1292/3741 4127/1294/3743
f 4127/1294/3743 4128/1295/3744 4126/1293/3742
f 4128/1295/3744 4127/1294/3743 4129/1296/3745
f 4129/1296/3745 4130/1297/3746 4128/1295/3744
f 4130/1297/3746 4129/1296/3745 4131/1298/3747
f 4131/1298/3747 4132/1299/3748 4130/1297/3746
f 4135/1300/3749 4134/1301/3750 4133/1302/3751
f 4134/1301/3750 4135/1300/3749 4136/1303/3752
f 4136/1303/3752 4137/1304/3753 4134/1301/3750
f 4137/1304/3753 4136/1303/3752 4138/1305/3754
f 4133/1302/3751 4115/1282/3731 4135/1300/3749
f 4115/1282/3731 4133/1302/3751 4113/1280/3729
f 4141/1306/3755 4140/1307/3756 4139/1308/3757
f 4140/1307/3756 4141/1306/3755 4142/1309/3758
f 4139/1308/3757 4143/1310/3759 4141/1306/3755
f 4143/1310/3759 4139/1308/3757 4144/1311/3760
f 4142/1309/3758 4145/1312/3761 4140/1307/3756
f 4145/1312/3761 4142/1309/3758 4146/1313/3762
f 4146/1313/3762 4147/1314/3763 4145/1312/3761
f 4147/1314/3763 4146/1313/3762 4148/1315/3764
f 4151/1121/3765 4150/1122/3766 4149/1124/3767
f 4150/1122/3766 4151/1121/3765 4152/1123/3768
f 4151/1121/3765 4153/1125/3769 4152/1123/3768
f 4153/1125/3769 4151/1121/3765 4154/1126/3770
f 4155/1127/3771 4152/1123/3768 4153/1125/3769
f 4152/1123/3768 4155/1127/3771 4156/1128/3772
f 4152/1123/3768 4157/1129/3773 4150/1122/3766
f 4157/1129/3773 4152/1123/3768 4156/1128/3772
f 4157/1129/3773 4158/1130/3774 4150/1122/3766
f 4158/1130/3774 4157/1129/3773 4159/1131/3775
f 4159/1131/3775 4160/1132/3776 4158/1130/3774
f 4160/1132/3776 4159/1131/3775 4161/1133/3777
f 4162/1134/3778 4156/1128/3772 4155/1127/3771
f 4156/1128/3772 4162/1134/3778 4163/1135/3779
f 4164/1136/3780 4156/1128/3772 4163/1135/3779
f 4156/1128/3772 4164/1136/3780 4157/1129/3773
f 4164/1136/3780 4159/1131/3775 4157/1129/3773
f 4164/1136/3780 4163/1135/3779 4165/1137/3781
f 4165/1137/3781 4166/1138/3782 4164/1136/3780
f 4159/1131/3775 4164/1136/3780 4166/1138/3782
f 4166/1138/3782 4161/1133/3777 4159/1131/3775
f 4166/1138/3782 4165/1137/3781 4167/1139/3783
f 4167/1139/3783 4168/1140/3784 4166/1138/3782
f 4161/1133/3777 4166/1138/3782 4168/1140/3784
f 4168/1140/3784 4167/1139/3783 4169/1141/3785
f 4162/1134/3778 4170/1142/3786 4163/1135/3779
f 4170/1142/3786 4162/1134/3778 4171/1143/3787
f 4172/1144/3788 4163/1135/3779 4170/1142/3786
f 4163/1135/3779 4172/1144/3788 4165/1137/3781
f 4173/1145/3789 4165/1137/3781 4172/1144/3788
f 4165/1137/3781 4173/1145/3789 4167/1139/3783
f 4167/1139/3783 4173/1145/3789 4174/1146/3790
f 4173/1145/3789 4172/1144/3788 4175/1147/3791
f 4176/1148/3792 4175/1147/3791 4172/1144/3788
f 4175/1147/3791 4176/1148/3792 4177/1316/3793
f 4175/1147/3791 4177/1316/3793 4178/1150/3794
f 4172/1144/3788 4170/1142/3786 4179/1151/3795
f 4176/1148/3792 4172/1144/3788 4179/1151/3795
f 4176/1148/3792 4180/1317/3796 4177/1316/3793
f 4180/1317/3796 4181/1318/3797 4177/1316/3793
f 4177/1316/3793 4181/1318/3797 4178/1150/3794
f 4181/1318/3797 4180/1317/3796 4182/1319/3798
f 4180/1317/3796 4176/1148/3792 4183/1155/3799
f 4175/1147/3791 4184/85/3800 4173/1145/3789
f 4184/85/3800 4175/1147/3791 4178/1150/3794
f 4184/85/3800 4185/83/3801 4173/1145/3789
f 4186/1156/3802 4173/1145/3789 4185/83/3801
f 4187/1157/3803 4184/85/3800 4178/1150/3794
f 4187/1157/3803 4188/84/3804 4184/85/3800
f 4188/84/3804 4187/1157/3803 4189/1158/3805
f 4190/88/3806 4189/1158/3805 4187/1157/3803
f 4191/87/3807 4178/1150/3794 4181/1318/3797
f 4178/1150/3794 4191/87/3807 4187/1157/3803
f 4190/88/3806 4187/1157/3803 4191/87/3807
f 4192/1159/3808 4181/1318/3797 4182/1319/3798
f 4191/87/3807 4181/1318/3797 4192/1159/3808
f 4193/1160/3809 4180/1317/3796 4183/1155/3799
f 4194/1161/3810 4180/1317/3796 4193/1160/3809
f 4180/1317/3796 4194/1161/3810 4195/1320/3811
f 4195/1320/3811 4182/1319/3798 4180/1317/3796
f 4182/1319/3798 4195/1320/3811 4196/1163/3812
f 4197/1321/3813 4196/1163/3812 4195/1320/3811
f 4198/1165/3814 4197/1321/3813 4195/1320/3811
f 4194/1161/3810 4198/1165/3814 4195/1320/3811
f 4197/1321/3813 4198/1165/3814 4199/1166/3815
f 4196/1163/3812 4197/1321/3813 4200/1167/3816
f 4196/1163/3812 4200/1167/3816 4201/1168/3817
f 4192/1159/3808 4202/86/3818 4191/87/3807
f 4202/86/3818 4192/1159/3808 4203/1169/3819
f 4192/1159/3808 4204/91/3820 4203/1169/3819
f 4205/93/3821 4196/1163/3812 4201/1168/3817
f 4205/93/3821 4206/1170/3822 4196/1163/3812
f 4182/1319/3798 4196/1163/3812 4206/1170/3822
f 4207/90/3823 4192/1159/3808 4182/1319/3798
f 4207/90/3823 4182/1319/3798 4206/1170/3822
f 4206/1170/3822 4208/89/3824 4207/90/3823
f 4208/89/3824 4206/1170/3822 4209/1171/3825
f 4210/94/3826 4209/1171/3825 4206/1170/3822
f 4210/94/3826 4206/1170/3822 4205/93/3821
f 4211/96/3827 4201/1168/3817 4200/1167/3816
f 4212/1172/3828 4211/96/3827 4200/1167/3816
f 4211/96/3827 4212/1172/3828 4213/102/3829
f 4201/1168/3817 4214/92/3830 4205/93/3821
f 4214/92/3830 4201/1168/3817 4215/1173/3831
f 4216/97/3832 4215/1173/3831 4201/1168/3817
f 4216/97/3832 4201/1168/3817 4211/96/3827
f 4204/91/3820 4192/1159/3808 4207/90/3823
f 4213/102/3829 4212/1172/3828 4217/1174/3833
f 4212/1172/3828 4218/1175/3834 4217/1174/3833
f 4212/1172/3828 4219/1176/3835 4218/1175/3834
f 4219/1176/3835 4212/1172/3828 4220/1322/3836
f 4219/1176/3835 4221/1178/3837 4218/1175/3834
f 4221/1178/3837 4219/1176/3835 4222/1179/3838
f 4219/1176/3835 4223/1180/3839 4222/1179/3838
f 4223/1180/3839 4219/1176/3835 4224/1181/3840
f 4219/1176/3835 4220/1322/3836 4224/1181/3840
f 4222/1179/3838 4225/1182/3841 4221/1178/3837
f 4225/1182/3841 4222/1179/3838 4226/1183/3842
f 4222/1179/3838 4227/1184/3843 4226/1183/3842
f 4227/1184/3843 4222/1179/3838 4223/1180/3839
f 4228/1185/3844 4227/1184/3843 4223/1180/3839
f 4227/1184/3843 4228/1185/3844 4229/1186/3845
f 4230/1187/3846 4229/1186/3845 4228/1185/3844
f 4229/1186/3845 4230/1187/3846 4231/1188/3847
f 4232/1189/3848 4223/1180/3839 4224/1181/3840
f 4223/1180/3839 4232/1189/3848 4228/1185/3844
f 4224/1181/3840 4220/1322/3836 4233/1190/3849
f 4224/1181/3840 4233/1190/3849 4234/1191/3850
f 4224/1181/3840 4234/1191/3850 4235/1192/3851
f 4232/1189/3848 4224/1181/3840 4235/1192/3851
f 4197/1321/3813 4233/1190/3849 4220/1322/3836
f 4233/1190/3849 4197/1321/3813 4199/1166/3815
f 4234/1191/3850 4233/1190/3849 4199/1166/3815
f 4232/1189/3848 4236/1193/3852 4228/1185/3844
f 4228/1185/3844 4236/1193/3852 4230/1187/3846
f 4236/1193/3852 4237/1194/3853 4230/1187/3846
f 4238/1195/3854 4234/1191/3850 4199/1166/3815
f 4239/1196/3855 4238/1195/3854 4199/1166/3815
f 4238/1195/3854 4239/1196/3855 4240/1197/3856
f 4240/1197/3856 4241/1198/3857 4238/1195/3854
f 4241/1198/3857 4240/1197/3856 4242/1199/3858
f 4243/1200/3859 4242/1199/3858 4240/1197/3856
f 4194/1161/3810 4243/1200/3859 4240/1197/3856
f 4239/1196/3855 4194/1161/3810 4240/1197/3856
f 4243/1200/3859 4194/1161/3810 4193/1160/3809
f 4183/1155/3799 4243/1200/3859 4193/1160/3809
f 4243/1200/3859 4183/1155/3799 4244/1201/3860
f 4176/1148/3792 4244/1201/3860 4183/1155/3799
f 4245/1202/3861 4244/1201/3860 4176/1148/3792
f 4244/1201/3860 4245/1202/3861 4246/1203/3862
f 4245/1202/3861 4247/1204/3863 4246/1203/3862
f 4247/1204/3863 4245/1202/3861 4248/1205/3864
f 4245/1202/3861 4171/1143/3787 4248/1205/3864
f 4171/1143/3787 4245/1202/3861 4170/1142/3786
f 4179/1151/3795 4245/1202/3861 4176/1148/3792
f 4170/1142/3786 4245/1202/3861 4179/1151/3795
f 4242/1199/3858 4243/1200/3859 4249/1206/3865
f 4249/1206/3865 4244/1201/3860 4246/1203/3862
f 4244/1201/3860 4249/1206/3865 4243/1200/3859
f 4249/1206/3865 4250/1207/3866 4242/1199/3858
f 4250/1207/3866 4249/1206/3865 4251/1208/3867
f 4251/1208/3867 4246/1203/3862 4247/1204/3863
f 4246/1203/3862 4251/1208/3867 4249/1206/3865
f 4250/1207/3866 4241/1198/3857 4242/1199/3858
f 4241/1198/3857 4250/1207/3866 4252/1209/3868
f 4252/1209/3868 4253/1210/3869 4241/1198/3857
f 4253/1210/3869 4252/1209/3868 4254/1211/3870
f 4254/1211/3870 4255/1212/3871 4253/1210/3869
f 4255/1212/3871 4254/1211/3870 4256/1213/3872
f 4238/1195/3854 4241/1198/3857 4257/1214/3873
f 4234/1191/3850 4238/1195/3854 4257/1214/3873
f 4235/1192/3851 4234/1191/3850 4257/1214/3873
f 4220/1322/3836 4200/1167/3816 4197/1321/3813
f 4200/1167/3816 4220/1322/3836 4212/1172/3828
f 4198/1165/3814 4239/1196/3855 4199/1166/3815
f 4239/1196/3855 4198/1165/3814 4194/1161/3810
f 4258/99/3874 4218/1175/3834 4221/1178/3837
f 4258/99/3874 4217/1174/3833 4218/1175/3834
f 4259/100/3875 4217/1174/3833 4258/99/3874
f 4217/1174/3833 4259/100/3875 4260/1215/3876
f 4261/101/3877 4217/1174/3833 4260/1215/3876
f 4217/1174/3833 4261/101/3877 4213/102/3829
f 4258/99/3874 4221/1178/3837 4262/98/3878
f 4263/103/3879 4211/96/3827 4213/102/3829
f 4264/95/3880 4211/96/3827 4263/103/3879
f 4267/1216/3881 4266/1217/3882 4265/1219/3883
f 4266/1217/3882 4267/1216/3881 4268/1218/3884
f 4265/1219/3883 4269/1220/3885 4267/1216/3881
f 4270/1221/3886 4267/1216/3881 4269/1220/3885
f 4267/1216/3881 4270/1221/3886 4271/1222/3887
f 4270/1221/3886 4272/1223/3888 4271/1222/3887
f 4272/1223/3888 4270/1221/3886 4273/1224/3889
f 4274/1225/3890 4272/1223/3888 4273/1224/3889
f 4272/1223/3888 4274/1225/3890 4275/1226/3891
f 4276/1227/3892 4275/1226/3891 4274/1225/3890
f 4275/1226/3891 4276/1227/3892 4277/1228/3893
f 4276/1227/3892 4278/1229/3894 4277/1228/3893
f 4277/1228/3893 4278/1229/3894 4279/1230/3895
f 4278/1229/3894 4280/1231/3896 4279/1230/3895
f 4281/1232/3897 4279/1230/3895 4280/1231/3896
f 4279/1230/3895 4281/1232/3897 4282/1233/3898
f 4281/1232/3897 4283/1234/3899 4282/1233/3898
f 4283/1234/3899 4281/1232/3897 4284/1235/3900
f 4285/1236/3901 4283/1234/3899 4284/1235/3900
f 4283/1234/3899 4285/1236/3901 4286/1237/3902
f 4285/1236/3901 4287/1238/3903 4286/1237/3902
f 4287/1238/3903 4285/1236/3901 4288/1239/3904
f 4289/1240/3905 4287/1238/3903 4288/1239/3904
f 4288/1239/3904 4290/1241/3906 4289/1240/3905
f 4290/1241/3906 4288/1239/3904 4291/1242/3907
f 4292/1243/3908 4290/1241/3906 4291/1242/3907
f 4290/1241/3906 4292/1243/3908 4293/1244/3909
f 4292/1243/3908 4294/1245/3910 4293/1244/3909
f 4294/1245/3910 4292/1243/3908 4295/1246/3911
f 4298/1247/3912 4297/1248/3913 4296/1250/3914
f 4297/1248/3913 4298/1247/3912 4299/1249/3915
f 4299/1249/3915 4300/1251/3916 4297/1248/3913
f 4300/1251/3916 4299/1249/3915 4301/1252/3917
f 4266/1217/3882 4298/1247/3912 4296/1250/3914
f 4298/1247/3912 4266/1217/3882 4268/1218/3884
f 4304/1253/3918 4303/1254/3919 4302/1256/3920
f 4303/1254/3919 4304/1253/3918 4305/1255/3921
f 4306/1257/3922 4304/1253/3918 4302/1256/3920
f 4305/1255/3921 4307/1258/3923 4303/1254/3919
f 4307/1258/3923 4305/1255/3921 4308/1259/3924
f 4308/1259/3924 4309/1260/3925 4307/1258/3923
f 4309/1260/3925 4308/1259/3924 4310/1261/3926
f 4302/1256/3920 4311/1262/3927 4306/1257/3922
f 4311/1262/3927 4302/1256/3920 4312/1263/3928
f 4312/1263/3928 4313/1264/3929 4311/1262/3927
f 4313/1264/3929 4312/1263/3928 4314/1265/3930
f 4315/1266/3931 4314/1265/3930 4312/1263/3928
f 4315/1266/3931 4312/1263/3928 4302/1256/3920
f 4307/1258/3923 4315/1266/3931 4303/1254/3919
f 4303/1254/3919 4315/1266/3931 4302/1256/3920
f 4314/1265/3930 4315/1266/3931 4316/1267/3932
f 4317/1268/3933 4307/1258/3923 4309/1260/3925
f 4318/1269/3934 4317/1268/3933 4309/1260/3925
f 4317/1268/3933 4318/1269/3934 4319/1270/3935
f 4318/1269/3934 4320/1271/3936 4319/1270/3935
f 4269/1220/3885 4319/1270/3935 4320/1271/3936
f 4319/1270/3935 4269/1220/3885 4265/1219/3883
f 4315/1266/3931 4307/1258/3923 4321/1272/3937
f 4321/1272/3937 4307/1258/3923 4317/1268/3933
f 4315/1266/3931 4321/1272/3937 4322/1273/3938
f 4316/1267/3932 4315/1266/3931 4322/1273/3938
f 4325/1217/3939 4324/1216/3940 4323/1219/3941
f 4324/1216/3940 4325/1217/3939 4326/1218/3942
f 4323/1219/3941 4324/1216/3940 4327/1220/3943
f 4324/1216/3940 4328/1221/3944 4327/1220/3943
f 4328/1221/3944 4324/1216/3940 4329/1222/3945
f 4330/1223/3946 4328/1221/3944 4329/1222/3945
f 4328/1221/3944 4330/1223/3946 4331/1224/3947
f 4330/1223/3946 4332/1225/3948 4331/1224/3947
f 4332/1225/3948 4330/1223/3946 4333/1226/3949
f 4333/1226/3949 4334/1227/3950 4332/1225/3948
f 4334/1227/3950 4333/1226/3949 4335/1228/3951
f 4334/1227/3950 4335/1228/3951 4336/1229/3952
f 4335/1228/3951 4337/1230/3953 4336/1229/3952
f 4336/1229/3952 4337/1230/3953 4338/1231/3954
f 4337/1230/3953 4339/1232/3955 4338/1231/3954
f 4339/1232/3955 4337/1230/3953 4340/1233/3956
f 4341/1234/3957 4339/1232/3955 4340/1233/3956
f 4339/1232/3955 4341/1234/3957 4342/1235/3958
f 4341/1234/3957 4343/1236/3959 4342/1235/3958
f 4343/1236/3959 4341/1234/3957 4344/1237/3960
f 4347/1248/3961 4346/1247/3962 4345/1250/3963
f 4346/1247/3962 4347/1248/3961 4348/1249/3964
f 4349/1251/3965 4348/1249/3964 4347/1248/3961
f 4346/1247/3962 4325/1217/3939 4345/1250/3963
f 4325/1217/3939 4346/1247/3962 4326/1218/3942
f 4352/1252/3966 4351/1249/3966 4350/1251/3966
f 4355/1254/3967 4354/1253/3968 4353/1256/3969
f 4354/1253/3968 4355/1254/3967 4356/1255/3970
f 4357/1257/3971 4353/1256/3969 4354/1253/3968
f 4358/1258/3972 4356/1255/3970 4355/1254/3967
f 4356/1255/3970 4358/1258/3972 4359/1259/3973
f 4360/1260/3974 4359/1259/3973 4358/1258/3972
f 4359/1259/3973 4360/1260/3974 4361/1261/3975
f 4362/1274/3976 4353/1256/3969 4357/1257/3971
f 4353/1256/3969 4362/1274/3976 4363/1275/3977
f 4363/1275/3977 4355/1254/3967 4353/1256/3969
f 4355/1254/3967 4363/1275/3977 4364/1266/3978
f 4364/1266/3978 4358/1258/3972 4355/1254/3967
f 4365/1276/3979 4364/1266/3978 4363/1275/3977
f 4366/1268/3980 4360/1260/3974 4358/1258/3972
f 4366/1268/3980 4367/1269/3981 4360/1260/3974
f 4367/1269/3981 4366/1268/3980 4368/1270/3982
f 4367/1269/3981 4368/1270/3982 4369/1271/3983
f 4327/1220/3943 4369/1271/3983 4368/1270/3982
f 4368/1270/3982 4323/1219/3941 4327/1220/3943
f 4358/1258/3972 4364/1266/3978 4370/1272/3984
f 4370/1272/3984 4366/1268/3980 4358/1258/3972
f 4371/1277/3985 4370/1272/3984 4364/1266/3978
f 4365/1276/3979 4371/1277/3985 4364/1266/3978
f 4370/1272/3984 4371/1277/3985 4372/1278/3986
f 4375/1279/3987 4374/1280/3988 4373/1282/3989
f 4374/1280/3988 4375/1279/3987 4376/1281/3990
f 4377/1283/3991 4376/1281/3990 4375/1279/3987
f 4376/1281/3990 4377/1283/3991 4378/1284/3992
f 4379/1285/3993 4378/1284/3992 4377/1283/3991
f 4378/1284/3992 4379/1285/3993 4380/1286/3994
f 4381/1287/3995 4380/1286/3994 4379/1285/3993
f 4380/1286/3994 4381/1287/3995 4382/1288/3996
f 4383/1289/3997 4382/1288/3996 4381/1287/3995
f 4382/1288/3996 4383/1289/3997 4384/1290/3998
f 4385/1291/3999 4384/1290/3998 4383/1289/3997
f 4384/1290/3998 4385/1291/3999 4386/1292/4000
f 4387/1293/4001 4386/1292/4000 4385/1291/3999
f 4386/1292/4000 4387/1293/4001 4388/1294/4002
f 4389/1295/4003 4388/1294/4002 4387/1293/4001
f 4388/1294/4002 4389/1295/4003 4390/1296/4004
f 4391/1297/4005 4390/1296/4004 4389/1295/4003
f 4390/1296/4004 4391/1297/4005 4392/1298/4006
f 4391/1297/4005 4393/1299/4007 4392/1298/4006
f 4396/1300/4008 4395/1301/4009 4394/1303/4010
f 4395/1301/4009 4396/1300/4008 4397/1302/4011
f 4398/1304/4012 4394/1303/4010 4395/1301/4009
f 4394/1303/4010 4398/1304/4012 4399/1305/4013
f 4373/1282/3989 4397/1302/4011 4396/1300/4008
f 4397/1302/4011 4373/1282/3989 4374/1280/3988
f 4402/1306/4014 4401/1307/4015 4400/1309/4016
f 4401/1307/4015 4402/1306/4014 4403/1308/4017
f 4404/1310/4018 4403/1308/4017 4402/1306/4014
f 4403/1308/4017 4404/1310/4018 4405/1311/4019
f 4406/1312/4020 4400/1309/4016 4401/1307/4015
f 4400/1309/4016 4406/1312/4020 4407/1313/4021
f 4408/1314/4022 4407/1313/4021 4406/1312/4020
f 4407/1313/4021 4408/1314/4022 4409/1315/4023
f 4412/1323/4024 4411/1324/4025 4410/1325/4026
f 4411/1324/4025 4412/1323/4024 4413/1326/4027
f 4414/1327/4028 4410/1325/4026 4411/1324/4025
f 4410/1325/4026 4414/1327/4028 4415/1328/4029
f 4416/1329/4030 4415/1328/4029 4414/1327/4028
f 4415/1328/4029 4416/1329/4030 4417/1330/4031
f 4410/1325/4026 4418/1331/4032 4412/1323/4024
f 4418/1331/4032 4410/1325/4026 4419/1332/4033
f 4415/1328/4029 4419/1332/4033 4410/1325/4026
f 4419/1332/4033 4415/1328/4029 4420/1333/4034
f 4420/1333/4034 4421/1334/4035 4419/1332/4033
f 4421/1334/4035 4418/1331/4032 4419/1332/4033
f 4421/1334/4035 4420/1333/4034 4422/1335/4036
f 4418/1331/4032 4421/1334/4035 4423/1336/4037
f 4420/1333/4034 4424/1337/4038 4422/1335/4036
f 4424/1337/4038 4420/1333/4034 4425/1338/4039
f 4415/1328/4029 4425/1338/4039 4420/1333/4034
f 4425/1338/4039 4415/1328/4029 4417/1330/4031
f 4425/1338/4039 4426/1339/4040 4424/1337/4038
f 4426/1339/4040 4425/1338/4039 4427/1340/4041
f 4417/1330/4031 4427/1340/4041 4425/1338/4039
f 4427/1340/4041 4417/1330/4031 4428/1341/4042
f 4416/1329/4030 4428/1341/4042 4417/1330/4031
f 4428/1341/4042 4416/1329/4030 4429/1342/4043
f 4432/1325/4044 4431/1333/4045 4430/1332/4046
f 4431/1333/4045 4432/1325/4044 4433/1328/4047
f 4430/1332/4046 4434/1323/4048 4432/1325/4044
f 4434/1323/4048 4430/1332/4046 4435/1331/4049
f 4436/1330/4050 4431/1333/4045 4433/1328/4047
f 4431/1333/4045 4436/1330/4050 4437/1338/4051
f 4433/1328/4047 4438/1329/4052 4436/1330/4050
f 4438/1329/4052 4433/1328/4047 4439/1327/4053
f 4433/1328/4047 4440/1324/4054 4439/1327/4053
f 4440/1324/4054 4433/1328/4047 4432/1325/4044
f 4434/1323/4048 4440/1324/4054 4432/1325/4044
f 4440/1324/4054 4434/1323/4048 4441/1326/4055
f 4442/1342/4056 4436/1330/4050 4438/1329/4052
f 4436/1330/4050 4442/1342/4056 4443/1341/4057
f 4444/1340/4058 4436/1330/4050 4443/1341/4057
f 4436/1330/4050 4444/1340/4058 4437/1338/4051
f 4430/1332/4046 4445/1336/4059 4435/1331/4049
f 4445/1336/4059 4430/1332/4046 4446/1334/4060
f 4431/1333/4045 4446/1334/4060 4430/1332/4046
f 4446/1334/4060 4431/1333/4045 4447/1335/4061
f 4437/1338/4051 4447/1335/4061 4431/1333/4045
f 4447/1335/4061 4437/1338/4051 4448/1337/4062
f 4437/1338/4051 4449/1339/4063 4448/1337/4062
f 4449/1339/4063 4437/1338/4051 4444/1340/4058
f 4452/1343/4064 4451/1344/4065 4450/1345/4066
f 4451/1344/4065 4452/1343/4064 4453/1346/4067
f 4453/1346/4067 4454/1347/4068 4451/1344/4065
f 4454/1347/4068 4453/1346/4067 4455/1348/4069
f 4456/1349/4070 4450/1345/4066 4451/1344/4065
f 4454/1347/4068 4456/1349/4070 4451/1344/4065
f 4450/1345/4066 4456/1349/4070 4457/1350/4071
f 4456/1349/4070 4454/1347/4068 4458/1351/4072
f 4459/1352/4073 4454/1347/4068 4455/1348/4069
f 4454/1347/4068 4459/1352/4073 4460/1353/4074
f 4460/1353/4074 4458/1351/4072 4454/1347/4068
f 4461/1354/4075 4460/1353/4074 4459/1352/4073
f 4462/1355/4076 4461/1354/4075 4459/1352/4073
f 4461/1354/4075 4462/1355/4076 4463/1356/4077
f 4464/1357/4078 4461/1354/4075 4463/1356/4077
f 4461/1354/4075 4464/1357/4078 4465/1358/4079
f 4466/1359/4080 4464/1357/4078 4463/1356/4077
f 4462/1355/4076 4466/1359/4080 4463/1356/4077
f 4464/1357/4078 4466/1359/4080 4467/1360/4081
f 4465/1358/4079 4468/1361/4082 4461/1354/4075
f 4460/1353/4074 4461/1354/4075 4468/1361/4082
f 4468/1361/4082 4465/1358/4079 4469/1362/4083
f 4466/1359/4080 4470/1363/4084 4467/1360/4081
f 4470/1363/4084 4466/1359/4080 4471/1364/4085
f 4472/1365/4086 4468/1361/4082 4469/1362/4083
f 4468/1361/4082 4472/1365/4086 4473/1366/4087
f 4474/1367/4088 4469/1362/4083 4465/1358/4079
f 4469/1362/4083 4474/1367/4088 4475/1368/4089
f 4476/1369/4090 4464/1357/4078 4467/1360/4081
f 4464/1357/4078 4476/1369/4090 4477/1370/4091
f 4477/1370/4091 4465/1358/4079 4464/1357/4078
f 4465/1358/4079 4477/1370/4091 4474/1367/4088
f 4478/1371/4092 4468/1361/4082 4473/1366/4087
f 4468/1361/4082 4478/1371/4092 4460/1353/4074
f 4458/1351/4072 4460/1353/4074 4478/1371/4092
f 4467/1360/4081 4470/1363/4084 4479/1372/4093
f 4467/1360/4081 4479/1372/4093 4476/1369/4090
f 4478/1371/4092 4473/1366/4087 4480/1373/4094
f 4480/1373/4094 4458/1351/4072 4478/1371/4092
f 4481/1374/4095 4472/1365/4086 4469/1362/4083
f 4481/1374/4095 4469/1362/4083 4475/1368/4089
f 4475/1368/4089 4482/1375/4096 4481/1374/4095
f 4481/1374/4095 4482/1375/4096 4483/1376/4097
f 4458/1351/4072 4480/1373/4094 4484/1377/4098
f 4458/1351/4072 4484/1377/4098 4456/1349/4070
f 4456/1349/4070 4484/1377/4098 4485/1378/4099
f 4486/1379/4100 4475/1368/4089 4474/1367/4088
f 4476/1369/4090 4487/1380/4101 4477/1370/4091
f 4487/1380/4101 4476/1369/4090 4488/1381/4102
f 4482/1375/4096 4489/1382/4103 4483/1376/4097
f 4482/1375/4096 4475/1368/4089 4489/1382/4103
f 4475/1368/4089 4490/1383/4104 4489/1382/4103
f 4489/1382/4103 4490/1383/4104 4483/1376/4097
f 4490/1383/4104 4475/1368/4089 4491/1384/4105
f 4475/1368/4089 4486/1379/4100 4491/1384/4105
f 4456/1349/4070 4485/1378/4099 4457/1350/4071
f 4457/1350/4071 4492/1385/4106 4450/1345/4066
f 4492/1385/4106 4457/1350/4071 4493/1386/4107
f 4494/1387/4108 4450/1345/4066 4492/1385/4106
f 4450/1345/4066 4494/1387/4108 4452/1343/4064
f 4452/1343/4064 4495/1388/4109 4453/1346/4067
f 4495/1388/4109 4455/1348/4069 4453/1346/4067
f 4496/1389/4110 4455/1348/4069 4495/1388/4109
f 4495/1388/4109 4497/1390/4111 4496/1389/4110
f 4496/1389/4110 4459/1352/4073 4455/1348/4069
f 4459/1352/4073 4496/1389/4110 4462/1355/4076
f 4498/1391/4112 4462/1355/4076 4496/1389/4110
f 4497/1390/4111 4498/1391/4112 4496/1389/4110
f 4462/1355/4076 4498/1391/4112 4499/1392/4113
f 4498/1391/4112 4500/1393/4114 4499/1392/4113
f 4500/1393/4114 4498/1391/4112 4501/1394/4115
f 4497/1390/4111 4502/1395/4116 4498/1391/4112
f 4502/1395/4116 4497/1390/4111 4503/1396/4117
f 4497/1390/4111 4495/1388/4109 4503/1396/4117
f 4504/1397/4118 4498/1391/4112 4502/1395/4116
f 4498/1391/4112 4504/1397/4118 4505/1398/4119
f 4505/1398/4119 4501/1394/4115 4498/1391/4112
f 4500/1393/4114 4466/1359/4080 4499/1392/4113
f 4466/1359/4080 4462/1355/4076 4499/1392/4113
f 4466/1359/4080 4500/1393/4114 4471/1364/4085
f 4506/1399/4120 4502/1395/4116 4503/1396/4117
f 4502/1395/4116 4506/1399/4120 4507/1400/4121
f 4508/1401/4122 4502/1395/4116 4507/1400/4121
f 4502/1395/4116 4508/1401/4122 4504/1397/4118
f 4511/1402/4123 4510/1403/4124 4509/1404/4125
f 4510/1403/4124 4511/1402/4123 4512/1405/4126
f 4512/1405/4126 4513/1406/4127 4510/1403/4124
f 4513/1406/4127 4512/1405/4126 4514/1407/4128
f 4512/1405/4126 4515/1408/4129 4514/1407/4128
f 4515/1408/4129 4512/1405/4126 4516/1409/4130
f 4511/1402/4123 4516/1409/4130 4512/1405/4126
f 4516/1409/4130 4511/1402/4123 4517/1410/4131
f 4513/1406/4127 4518/1411/4132 4510/1403/4124
f 4518/1411/4132 4513/1406/4127 4519/1412/4133
f 4520/1413/4134 4509/1404/4125 4510/1403/4124
f 4518/1411/4132 4520/1413/4134 4510/1403/4124
f 4509/1404/4125 4520/1413/4134 4521/1414/4135
f 4522/1415/4136 4509/1404/4125 4521/1414/4135
f 4509/1404/4125 4522/1415/4136 4523/1416/4137
f 4523/1416/4137 4511/1402/4123 4509/1404/4125
f 4511/1402/4123 4523/1416/4137 4524/1417/4138
f 4511/1402/4123 4524/1417/4138 4517/1410/4131
f 4517/1410/4131 4524/1417/4138 4525/1418/4139
f 4518/1411/4132 4526/1419/4140 4520/1413/4134
f 4526/1419/4140 4518/1411/4132 4527/1420/4141
f 4528/1421/4142 4526/1419/4140 4527/1420/4141
f 4526/1419/4140 4528/1421/4142 4529/1422/4143
f 4518/1411/4132 4519/1412/4133 4530/1423/4144
f 4518/1411/4132 4530/1423/4144 4531/1424/4145
f 4531/1424/4145 4530/1423/4144 4532/1425/4146
f 4531/1424/4145 4532/1425/4146 4533/1426/4147
f 4536/1405/4148 4535/1406/4149 4534/1407/4150
f 4535/1406/4149 4536/1405/4148 4537/1403/4151
f 4538/1408/4152 4536/1405/4148 4534/1407/4150
f 4536/1405/4148 4538/1408/4152 4539/1409/4153
f 4540/1417/4154 4537/1403/4151 4536/1405/4148
f 4539/1409/4153 4540/1417/4154 4536/1405/4148
f 4537/1403/4151 4540/1417/4154 4541/1416/4155
f 4540/1417/4154 4539/1409/4153 4542/1410/4156
f 4542/1410/4156 4543/1418/4157 4540/1417/4154
f 4544/1415/4158 4537/1403/4151 4541/1416/4155
f 4537/1403/4151 4544/1415/4158 4545/1413/4159
f 4537/1403/4151 4546/1412/4160 4535/1406/4149
f 4546/1412/4160 4537/1403/4151 4547/1411/4161
f 4545/1413/4159 4547/1411/4161 4537/1403/4151
f 4546/1412/4160 4547/1411/4161 4548/1423/4162
f 4547/1411/4161 4549/1424/4163 4548/1423/4162
f 4549/1424/4163 4550/1425/4164 4548/1423/4162
f 4551/1419/4165 4547/1411/4161 4545/1413/4159
f 4547/1411/4161 4551/1419/4165 4552/1420/4166
f 4551/1419/4165 4553/1421/4167 4552/1420/4166
f 4553/1421/4167 4551/1419/4165 4554/1422/4167
f 4550/1425/4164 4549/1424/4163 4555/1426/4168
f 4558/1427/4169 4557/1428/4170 4556/1429/4171
f 4557/1428/4170 4558/1427/4169 4559/1430/4172
f 4560/1431/4173 4558/1427/4169 4556/1429/4171
f 4558/1427/4169 4560/1431/4173 4561/1432/4174
f 4560/1431/4173 4562/1433/4175 4561/1432/4174
f 4562/1433/4175 4560/1431/4173 4563/1434/4176
f 4557/1428/4170 4559/1430/4172 4564/1435/4177
f 4564/1435/4177 4559/1430/4172 4565/1436/4178
f 4566/1437/4179 4564/1435/4177 4565/1436/4178
f 4564/1435/4177 4566/1437/4179 4567/1438/4180
f 4566/1437/4179 4568/1439/4181 4567/1438/4180
f 4568/1439/4181 4566/1437/4179 4569/1440/4182
f 4570/1441/4183 4569/1440/4182 4566/1437/4179
f 4569/1440/4182 4570/1441/4183 4571/1442/4184
f 4566/1437/4179 4572/1443/4185 4570/1441/4183
f 4565/1436/4178 4559/1430/4172 4573/1444/4186
f 4573/1444/4186 4559/1430/4172 4574/1445/4187
f 4574/1445/4187 4575/1446/4188 4573/1444/4186
f 4575/1446/4188 4576/1447/4189 4573/1444/4186
f 4574/1445/4187 4577/1448/4190 4575/1446/4188
f 4578/1449/4191 4575/1446/4188 4577/1448/4190
f 4575/1446/4188 4578/1449/4191 4579/1450/4192
f 4580/1451/4193 4579/1450/4192 4578/1449/4191
f 4579/1450/4192 4580/1451/4193 4581/1452/4194
f 4582/1453/4195 4577/1448/4190 4574/1445/4187
f 4575/1446/4188 4583/1454/4196 4576/1447/4189
f 4584/1455/4197 4576/1447/4189 4583/1454/4196
f 4576/1447/4189 4584/1455/4197 4585/1456/4198
f 4586/1457/4199 4584/1455/4197 4583/1454/4196
f 4584/1455/4197 4586/1457/4199 4587/1458/4200
f 4588/1459/4201 4587/1458/4200 4586/1457/4199
f 4587/1458/4200 4588/1459/4201 4589/1460/4202
f 4575/1446/4188 4590/1461/4203 4583/1454/4196
f 4590/1461/4203 4591/1462/4204 4583/1454/4196
f 4592/1463/4205 4585/1456/4198 4584/1455/4197
f 4593/1464/4206 4579/1450/4192 4581/1452/4194
f 4579/1450/4192 4593/1464/4206 4594/1465/4207
f 4594/1465/4207 4575/1446/4188 4579/1450/4192
f 4575/1446/4188 4594/1465/4207 4590/1461/4203
f 4595/1466/4208 4583/1454/4196 4591/1462/4204
f 4583/1454/4196 4595/1466/4208 4586/1457/4199
f 4595/1466/4208 4588/1459/4201 4586/1457/4199
f 4588/1459/4201 4595/1466/4208 4596/1467/4209
f 4589/1460/4202 4588/1459/4201 4597/1468/4210
f 4596/1467/4209 4597/1468/4210 4588/1459/4201
f 4593/1464/4206 4581/1452/4194 4598/1469/4211
f 4581/1452/4194 4580/1451/4193 4598/1469/4211
f 4559/1430/4172 4582/1453/4195 4574/1445/4187
f 4559/1430/4172 4599/1470/4212 4582/1453/4195
f 4599/1470/4212 4559/1430/4172 4558/1427/4169
f 4561/1432/4174 4599/1470/4212 4558/1427/4169
f 4599/1470/4212 4561/1432/4174 4600/1471/4213
f 4561/1432/4174 4601/1472/4214 4600/1471/4213
f 4601/1472/4214 4561/1432/4174 4562/1433/4175
f 4601/1472/4214 4562/1433/4175 4602/1473/4215
f 4563/1434/4176 4602/1473/4215 4562/1433/4175
f 4605/1474/4216 4604/1475/4217 4603/1476/4218
f 4604/1475/4217 4605/1474/4216 4606/1477/4219
f 4607/1478/4220 4606/1477/4219 4605/1474/4216
f 4606/1477/4219 4607/1478/4220 4608/1479/4221
f 4607/1478/4220 4609/1480/4222 4608/1479/4221
f 4606/1477/4219 4610/1481/4223 4604/1475/4217
f 4610/1481/4223 4606/1477/4219 4611/1482/4224
f 4608/1479/4221 4611/1482/4224 4606/1477/4219
f 4611/1482/4224 4608/1479/4221 4612/1483/4225
f 4608/1479/4221 4609/1480/4222 4612/1483/4225
f 4613/1484/4226 4610/1481/4223 4611/1482/4224
f 4610/1481/4223 4613/1484/4226 4614/1485/4227
f 4611/1482/4224 4615/1486/4228 4613/1484/4226
f 4615/1486/4228 4611/1482/4224 4612/1483/4225
f 4609/1480/4222 4615/1486/4228 4612/1483/4225
f 4618/1487/4229 4617/1488/4230 4616/1489/4231
f 4619/1490/4232 4618/1487/4229 4616/1489/4231
f 4619/1490/4232 4569/1440/4182 4618/1487/4229
f 4569/1440/4182 4617/1488/4230 4618/1487/4229
f 4569/1440/4182 4619/1490/4232 4568/1439/4181
f 4617/1488/4230 4569/1440/4182 4571/1442/4184
f 4622/1491/4233 4621/1492/4234 4620/1493/4235
f 4621/1492/4234 4622/1491/4233 4623/1494/4236
f 4624/1495/4237 4622/1491/4233 4620/1493/4235
f 4622/1491/4233 4624/1495/4237 4625/1496/4238
f 4626/1497/4239 4621/1492/4234 4623/1494/4236
f 4621/1492/4234 4626/1497/4239 4627/1498/4240
f 4628/1499/4241 4627/1498/4240 4626/1497/4239
f 4626/1497/4239 4629/1500/4242 4628/1499/4241
f 4629/1500/4242 4630/1501/4243 4628/1499/4241
f 4628/1499/4241 4630/1501/4243 4631/1502/4244
f 4631/1502/4244 4632/1503/4245 4628/1499/4241
f 4632/1503/4245 4633/1504/4246 4628/1499/4241
f 4634/1505/4247 4633/1504/4246 4632/1503/4245
f 4633/1504/4246 4634/1505/4247 4635/1506/4248
f 4636/1507/4249 4635/1506/4248 4634/1505/4247
f 4635/1506/4248 4636/1507/4249 4637/1508/4250
f 4633/1504/4246 4638/1509/4251 4628/1499/4241
f 4638/1509/4251 4639/1510/4252 4628/1499/4241
f 4639/1510/4252 4627/1498/4240 4628/1499/4241
f 4640/1511/4253 4639/1510/4252 4638/1509/4251
f 4639/1510/4252 4640/1511/4253 4641/1512/4254
f 4642/1513/4255 4641/1512/4254 4640/1511/4253
f 4641/1512/4254 4642/1513/4255 4643/1514/4256
f 4630/1501/4243 4629/1500/4242 4644/1515/4257
f 4631/1502/4244 4630/1501/4243 4645/1516/4258
f 4630/1501/4243 4646/1517/4259 4645/1516/4258
f 4646/1517/4259 4630/1501/4243 4647/1518/4260
f 4648/1519/4261 4646/1517/4259 4647/1518/4260
f 4646/1517/4259 4648/1519/4261 4649/1520/4262
f 4650/1521/4263 4648/1519/4261 4647/1518/4260
f 4630/1501/4243 4650/1521/4263 4647/1518/4260
f 4650/1521/4263 4630/1501/4243 4644/1515/4257
f 4648/1519/4261 4650/1521/4263 4651/1522/4264
f 4654/1523/4265 4653/1524/4266 4652/1525/4267
f 4653/1524/4266 4654/1523/4265 4655/1526/4268
f 4652/1525/4267 4653/1524/4266 4656/1527/4269
f 4657/1528/4270 4653/1524/4266 4655/1526/4268
f 4653/1524/4266 4657/1528/4270 4658/1529/4271
f 4656/1527/4269 4653/1524/4266 4658/1529/4271
f 4652/1525/4267 4659/1530/4272 4654/1523/4265
f 4659/1530/4272 4652/1525/4267 4660/1531/4273
f 4652/1525/4267 4656/1527/4269 4660/1531/4273
f 4663/1526/4274 4662/1532/4275 4661/1533/4276
f 4662/1532/4275 4663/1526/4274 4664/1524/4277
f 4664/1524/4277 4665/1527/4278 4662/1532/4275
f 4666/1525/4279 4661/1533/4276 4662/1532/4275
f 4665/1527/4278 4666/1525/4279 4662/1532/4275
f 4661/1533/4276 4666/1525/4279 4667/1523/4280
f 4668/1531/4281 4667/1523/4280 4666/1525/4279
f 4666/1525/4279 4665/1527/4278 4668/1531/4281
f 4667/1523/4280 4668/1531/4281 4669/1530/4282
f 4663/1526/4274 4670/1529/4283 4664/1524/4277
f 4670/1529/4283 4665/1527/4278 4664/1524/4277
f 4670/1529/4283 4663/1526/4274 4671/1528/4284
f 4674/1534/4285 4673/1535/4286 4672/1536/4287
f 4673/1535/4286 4674/1534/4285 4675/1537/4288
f 4676/1538/4289 4675/1537/4288 4674/1534/4285
f 4675/1537/4288 4676/1538/4289 4677/1539/4290
f 4676/1538/4289 4678/1540/4291 4677/1539/4290
f 4678/1540/4291 4676/1538/4289 4679/1541/4292
f 4680/1542/4293 4678/1540/4291 4679/1541/4292
f 4678/1540/4291 4680/1542/4293 4681/1543/4294
f 4682/1544/4295 4681/1543/4294 4680/1542/4293
f 4681/1543/4294 4682/1544/4295 4683/1545/4296
f 4684/1546/4297 4683/1545/4296 4682/1544/4295
f 4683/1545/4296 4684/1546/4297 4685/1547/4298
f 4686/1548/4299 4685/1547/4298 4684/1546/4297
f 4685/1547/4298 4686/1548/4299 4687/1549/4300
f 4688/1550/4301 4683/1545/4296 4685/1547/4298
f 4683/1545/4296 4688/1550/4301 4689/1551/4302
f 4689/1551/4302 4681/1543/4294 4683/1545/4296
f 4686/1548/4299 4690/1552/4303 4687/1549/4300
f 4690/1552/4303 4686/1548/4299 4691/1553/4304
f 4691/1553/4304 4692/1554/4305 4690/1552/4303
f 4692/1554/4305 4691/1553/4304 4693/1555/4306
f 4694/1556/4307 4692/1554/4305 4693/1555/4306
f 4692/1554/4305 4694/1556/4307 4695/1557/4308
f 4695/1557/4308 4696/1558/4309 4692/1554/4305
f 4696/1558/4309 4690/1552/4303 4692/1554/4305
f 4696/1558/4309 4695/1557/4308 4697/1559/4310
f 4698/1560/4311 4696/1558/4309 4697/1559/4310
f 4696/1558/4309 4698/1560/4311 4699/1561/4312
f 4699/1561/4312 4700/1562/4313 4696/1558/4309
f 4690/1552/4303 4696/1558/4309 4701/1563/4314
f 4696/1558/4309 4700/1562/4313 4701/1563/4314
f 4701/1563/4314 4687/1549/4300 4690/1552/4303
f 4702/1564/4315 4701/1563/4314 4700/1562/4313
f 4701/1563/4314 4702/1564/4315 4703/1565/4316
f 4685/1547/4298 4703/1565/4316 4688/1550/4301
f 4703/1565/4316 4685/1547/4298 4687/1549/4300
f 4687/1549/4300 4701/1563/4314 4703/1565/4316
f 4704/1566/4317 4703/1565/4316 4702/1564/4315
f 4703/1565/4316 4704/1566/4317 4688/1550/4301
f 4705/1567/4318 4688/1550/4301 4704/1566/4317
f 4688/1550/4301 4705/1567/4318 4689/1551/4302
f 4706/1568/4319 4689/1551/4302 4705/1567/4318
f 4689/1551/4302 4706/1568/4319 4707/1569/4320
f 4708/1570/4321 4707/1569/4320 4706/1568/4319
f 4707/1569/4320 4708/1570/4321 4709/1571/4322
f 4710/1572/4323 4709/1571/4322 4708/1570/4321
f 4709/1571/4322 4710/1572/4323 4711/1573/4324
f 4712/1574/4325 4711/1573/4324 4710/1572/4323
f 4711/1573/4324 4712/1574/4325 4713/1575/4326
f 4711/1573/4324 4678/1540/4291 4709/1571/4322
f 4678/1540/4291 4707/1569/4320 4709/1571/4322
f 4678/1540/4291 4711/1573/4324 4677/1539/4290
f 4681/1543/4294 4689/1551/4302 4707/1569/4320
f 4707/1569/4320 4678/1540/4291 4681/1543/4294
f 4675/1537/4288 4711/1573/4324 4713/1575/4326
f 4711/1573/4324 4675/1537/4288 4677/1539/4290
f 4713/1575/4326 4673/1535/4286 4675/1537/4288
f 4673/1535/4286 4713/1575/4326 4714/1576/4327
f 4713/1575/4326 4715/1577/4328 4714/1576/4327
f 4715/1577/4328 4713/1575/4326 4712/1574/4325
f 4715/1577/4328 4716/1578/4329 4714/1576/4327
f 4716/1578/4329 4673/1535/4286 4714/1576/4327
f 4716/1578/4329 4715/1577/4328 4717/1579/4330
f 4718/1580/4331 4716/1578/4329 4717/1579/4330
f 4716/1578/4329 4718/1580/4331 4719/1581/4332
f 4673/1535/4286 4716/1578/4329 4720/1582/4333
f 4719/1581/4332 4720/1582/4333 4716/1578/4329
f 4720/1582/4333 4672/1536/4287 4673/1535/4286
f 4672/1536/4287 4720/1582/4333 4721/1583/4334
f 4722/1584/4335 4721/1583/4334 4720/1582/4333
f 4720/1582/4333 4719/1581/4332 4722/1584/4335
f 4723/1585/4336 4722/1584/4335 4719/1581/4332
f 4722/1584/4335 4723/1585/4336 4724/1586/4337
f 4724/1586/4337 4725/1587/4338 4722/1584/4335
f 4721/1583/4334 4722/1584/4335 4725/1587/4338
f 4725/1587/4338 4724/1586/4337 4726/1588/4339
f 4719/1581/4332 4727/1589/4340 4723/1585/4336
f 4727/1589/4340 4719/1581/4332 4718/1580/4331
f 4728/1590/4341 4723/1585/4336 4727/1589/4340
f 4723/1585/4336 4728/1590/4341 4729/1591/4342
f 4729/1591/4342 4724/1586/4337 4723/1585/4336
f 4730/1592/4343 4729/1591/4342 4728/1590/4341
f 4729/1591/4342 4730/1592/4343 4731/1593/4344
f 4732/1594/4345 4731/1593/4344 4730/1592/4343
f 4731/1593/4344 4732/1594/4345 4733/1595/4346
f 4731/1593/4344 4734/1596/4347 4729/1591/4342
f 4734/1596/4347 4726/1588/4339 4724/1586/4337
f 4724/1586/4337 4729/1591/4342 4734/1596/4347
f 4734/1596/4347 4731/1593/4344 4735/1597/4348
f 4733/1595/4346 4735/1597/4348 4731/1593/4344
f 4735/1597/4348 4736/1598/4349 4734/1596/4347
f 4726/1588/4339 4734/1596/4347 4736/1598/4349
f 4736/1598/4349 4735/1597/4348 4737/1599/4350
f 4738/1600/4351 4737/1599/4350 4735/1597/4348
f 4735/1597/4348 4733/1595/4346 4738/1600/4351
f 4739/1601/4352 4738/1600/4351 4733/1595/4346
f 4738/1600/4351 4739/1601/4352 4740/1602/4353
f 4740/1602/4353 4741/1603/4354 4738/1600/4351
f 4737/1599/4350 4738/1600/4351 4741/1603/4354
f 4741/1603/4354 4740/1602/4353 4742/1604/4355
f 4733/1595/4346 4743/1605/4356 4739/1601/4352
f 4743/1605/4356 4733/1595/4346 4732/1594/4345
f 4744/1606/4357 4739/1601/4352 4743/1605/4356
f 4739/1601/4352 4744/1606/4357 4745/1607/4358
f 4745/1607/4358 4740/1602/4353 4739/1601/4352
f 4740/1602/4353 4746/1608/4359 4742/1604/4355
f 4746/1608/4359 4740/1602/4353 4747/1609/4360
f 4740/1602/4353 4745/1607/4358 4747/1609/4360
f 4747/1609/4360 4748/1610/4361 4746/1608/4359
f 4748/1610/4361 4747/1609/4360 4745/1607/4358
f 4745/1607/4358 4744/1606/4357 4748/1610/4361
f 4751/1611/4362 4750/1612/4363 4749/1613/4364
f 4750/1612/4363 4751/1611/4362 4752/1614/4365
f 4752/1614/4365 4753/1615/4366 4750/1612/4363
f 4753/1615/4366 4752/1614/4365 4754/1616/4367
f 4755/1617/4368 4753/1615/4366 4754/1616/4367
f 4753/1615/4366 4755/1617/4368 4756/1618/4369
f 4757/1336/4370 4752/1614/4365 4751/1611/4362
f 4752/1614/4365 4757/1336/4370 4758/1334/4371
f 4758/1334/4371 4754/1616/4367 4752/1614/4365
f 4759/1331/4372 4758/1334/4371 4757/1336/4370
f 4758/1334/4371 4759/1331/4372 4760/1332/4373
f 4760/1332/4373 4761/1335/4374 4758/1334/4371
f 4761/1335/4374 4755/1617/4368 4754/1616/4367
f 4754/1616/4367 4758/1334/4371 4761/1335/4374
f 4761/1335/4374 4760/1332/4373 4762/1333/4375
f 4763/1338/4376 4761/1335/4374 4762/1333/4375
f 4761/1335/4374 4763/1338/4376 4764/1337/4377
f 4755/1617/4368 4761/1335/4374 4764/1337/4377
f 4765/1323/4378 4760/1332/4373 4759/1331/4372
f 4760/1332/4373 4765/1323/4378 4766/1325/4379
f 4766/1325/4379 4762/1333/4375 4760/1332/4373
f 4767/1326/4380 4766/1325/4379 4765/1323/4378
f 4766/1325/4379 4767/1326/4380 4768/1324/4381
f 4768/1324/4381 4769/1328/4382 4766/1325/4379
f 4769/1328/4382 4763/1338/4376 4762/1333/4375
f 4762/1333/4375 4766/1325/4379 4769/1328/4382
f 4769/1328/4382 4768/1324/4381 4770/1327/4383
f 4770/1327/4383 4771/1330/4384 4769/1328/4382
f 4763/1338/4376 4769/1328/4382 4771/1330/4384
f 4771/1330/4384 4770/1327/4383 4772/1329/4385
f 4772/1329/4385 4773/1341/4386 4771/1330/4384
f 4773/1341/4386 4763/1338/4376 4771/1330/4384
f 4773/1341/4386 4772/1329/4385 4774/1342/4387
f 4775/1340/4388 4764/1337/4377 4763/1338/4376
f 4763/1338/4376 4773/1341/4386 4775/1340/4388
f 4764/1337/4377 4775/1340/4388 4776/1339/4389
f 4776/1339/4389 4755/1617/4368 4764/1337/4377
f 4755/1617/4368 4776/1339/4389 4777/1619/4390
f 4777/1619/4390 4756/1618/4369 4755/1617/4368
f 4756/1618/4369 4777/1619/4390 4778/1620/4391
f 4781/1621/4392 4780/1622/4393 4779/1623/4394
f 4780/1622/4393 4781/1621/4392 4782/1624/4395
f 4783/1625/4396 4781/1621/4392 4779/1623/4394
f 4781/1621/4392 4783/1625/4396 4784/1626/4397
f 4785/1627/4398 4783/1625/4396 4779/1623/4394
f 4780/1622/4393 4785/1627/4398 4779/1623/4394
f 4783/1625/4396 4785/1627/4398 4786/1628/4399
f 4787/1629/4400 4786/1628/4399 4785/1627/4398
f 4785/1627/4398 4788/1630/4401 4787/1629/4400
f 4788/1630/4401 4785/1627/4398 4789/1631/4402
f 4785/1627/4398 4780/1622/4393 4789/1631/4402
f 4786/1628/4399 4787/1629/4400 4790/1632/4403
f 4786/1628/4399 4790/1632/4403 4791/1633/4404
f 4786/1628/4399 4791/1633/4404 4783/1625/4396
f 4788/1630/4401 4792/1634/4405 4787/1629/4400
f 4792/1634/4405 4790/1632/4403 4787/1629/4400
f 4792/1634/4405 4788/1630/4401 4793/1635/4406
f 4793/1635/4406 4794/1636/4407 4792/1634/4405
f 4794/1636/4407 4793/1635/4406 4795/1637/4408
f 4796/1638/4409 4794/1636/4407 4795/1637/4408
f 4797/1639/4410 4796/1638/4409 4795/1637/4408
f 4793/1635/4406 4797/1639/4410 4795/1637/4408
f 4796/1638/4409 4797/1639/4410 4798/1640/4411
f 4799/1641/4412 4796/1638/4409 4798/1640/4411
f 4796/1638/4409 4799/1641/4412 4800/1642/4413
f 4794/1636/4407 4796/1638/4409 4801/1643/4414
f 4800/1642/4413 4801/1643/4414 4796/1638/4409
f 4802/1644/4415 4792/1634/4405 4794/1636/4407
f 4792/1634/4405 4802/1644/4415 4803/1645/4416
f 4790/1632/4403 4792/1634/4405 4803/1645/4416
f 4803/1645/4416 4791/1633/4404 4790/1632/4403
f 4799/1641/4412 4804/1646/4417 4800/1642/4413
f 4804/1646/4417 4805/1647/4418 4800/1642/4413
f 4801/1643/4414 4800/1642/4413 4805/1647/4418
f 4805/1647/4418 4804/1646/4417 4806/1648/4419
f 4804/1646/4417 4799/1641/4412 4807/1649/4420
f 4794/1636/4407 4808/1650/4421 4802/1644/4415
f 4808/1650/4421 4794/1636/4407 4801/1643/4414
f 4801/1643/4414 4805/1647/4418 4808/1650/4421
f 4808/1650/4421 4809/1651/4422 4802/1644/4415
f 4802/1644/4415 4809/1651/4422 4803/1645/4416
f 4809/1651/4422 4808/1650/4421 4810/1652/4423
f 4811/1653/4424 4808/1650/4421 4805/1647/4418
f 4808/1650/4421 4811/1653/4424 4810/1652/4423
f 4799/1641/4412 4798/1640/4411 4812/1654/4425
f 4812/1654/4425 4813/1655/4426 4799/1641/4412
f 4812/1654/4425 4814/1656/4427 4813/1655/4426
f 4814/1656/4427 4812/1654/4425 4815/1657/4428
f 4816/1658/4429 4815/1657/4428 4812/1654/4425
f 4815/1657/4428 4816/1658/4429 4817/1659/4430
f 4818/1660/4431 4817/1659/4430 4816/1658/4429
f 4819/1661/4432 4818/1660/4431 4816/1658/4429
f 4820/1662/4433 4819/1661/4432 4816/1658/4429
f 4816/1658/4429 4812/1654/4425 4820/1662/4433
f 4818/1660/4431 4819/1661/4432 4821/1663/4434
f 4821/1663/4434 4819/1661/4432 4822/1664/4435
f 4817/1659/4430 4818/1660/4431 4823/1665/4436
f 4822/1664/4435 4819/1661/4432 4824/1666/4437
f 4824/1666/4437 4819/1661/4432 4820/1662/4433
f 4824/1666/4437 4825/1667/4438 4822/1664/4435
f 4825/1667/4438 4824/1666/4437 4797/1639/4410
f 4789/1631/4402 4822/1664/4435 4825/1667/4438
f 4814/1656/4427 4826/1668/4439 4813/1655/4426
f 4826/1668/4439 4814/1656/4427 4827/1669/4440
f 4828/1670/4441 4826/1668/4439 4827/1669/4440
f 4828/1670/4441 4829/1671/4442 4826/1668/4439
f 4826/1668/4439 4829/1671/4442 4807/1649/4420
f 4830/1672/4443 4829/1671/4442 4828/1670/4441
f 4830/1672/4443 4831/1673/4444 4829/1671/4442
f 4799/1641/4412 4826/1668/4439 4807/1649/4420
f 4813/1655/4426 4826/1668/4439 4799/1641/4412
f 4821/1663/4434 4822/1664/4435 4832/1674/4445
f 4797/1639/4410 4793/1635/4406 4825/1667/4438
f 4798/1640/4411 4797/1639/4410 4824/1666/4437
f 4788/1630/4401 4825/1667/4438 4793/1635/4406
f 4789/1631/4402 4825/1667/4438 4788/1630/4401
f 4832/1674/4445 4833/1675/4446 4821/1663/4434
f 4833/1675/4446 4832/1674/4445 4834/1676/4447
f 4835/1677/4448 4821/1663/4434 4833/1675/4446
f 4821/1663/4434 4835/1677/4448 4818/1660/4431
f 4836/1678/4449 4818/1660/4431 4835/1677/4448
f 4818/1660/4431 4836/1678/4449 4823/1665/4436
f 4798/1640/4411 4824/1666/4437 4820/1662/4433
f 4820/1662/4433 4812/1654/4425 4798/1640/4411
f 4822/1664/4435 4789/1631/4402 4780/1622/4393
f 4838/1679/4450 4837/1680/4451 4806/1648/4419
f 4839/1681/4452 4838/1679/4450 4806/1648/4419
f 4840/1682/4453 4839/1681/4452 4806/1648/4419
f 4837/1680/4451 4805/1647/4418 4806/1648/4419
f 4805/1647/4418 4837/1680/4451 4811/1653/4424
f 4843/1528/4454 4842/1524/4455 4841/1526/4456
f 4842/1524/4455 4843/1528/4454 4844/1529/4457
f 4844/1529/4457 4845/1527/4458 4842/1524/4455
f 4842/1524/4455 4846/1523/4459 4841/1526/4456
f 4846/1523/4459 4842/1524/4455 4847/1525/4460
f 4842/1524/4455 4845/1527/4458 4847/1525/4460
f 4847/1525/4460 4848/1530/4461 4846/1523/4459
f 4848/1530/4461 4847/1525/4460 4849/1531/4462
f 4845/1527/4458 4849/1531/4462 4847/1525/4460
f 4803/1645/4416 4809/1651/4422 4791/1633/4404
f 4573/1444/4186 4850/1683/4463 4565/1436/4178
f 4565/1436/4178 4850/1683/4463 4566/1437/4179
f 4566/1437/4179 4850/1683/4463 4572/1443/4185
f 4572/1443/4185 4851/1684/4464 4570/1441/4183
f 4854/1685/4465 4853/1686/4465 4852/1687/4465
f 4855/1688/4466 4477/1370/4091 4487/1380/4101
f 4477/1370/4091 4855/1688/4466 4474/1367/4088
f 4858/1689/4467 4857/1690/4468 4856/1691/4469
f 4857/1690/4468 4858/1689/4467 4859/1692/4470
f 4856/1691/4469 4857/1690/4468 4860/1693/4471
f 4863/1694/4472 4862/1695/4473 4861/1696/4474
f 4862/1695/4473 4863/1694/4472 4864/1697/4475
f 4861/1696/4474 4865/1698/4476 4863/1694/4472
f 4868/1690/4477 4867/1699/4478 4866/1693/4479
f 4868/1690/4477 4869/1689/4480 4867/1699/4478
f 4869/1689/4480 4868/1690/4477 4870/1692/4481
f 4873/1700/4482 4872/1701/4483 4871/1702/4484
f 4872/1701/4483 4873/1700/4482 4874/1703/4485
f 4875/1704/4486 4874/1703/4485 4873/1700/4482
f 4878/1362/4487 4877/1367/4488 4876/1368/4489
f 4877/1367/4488 4878/1362/4487 4879/1358/4490
f 4879/1358/4490 4880/1370/4491 4877/1367/4488
f 4880/1370/4491 4879/1358/4490 4881/1357/4492
f 4881/1357/4492 4882/1369/4493 4880/1370/4491
f 4882/1369/4493 4881/1357/4492 4883/1360/4494
f 4884/1374/4495 4878/1362/4487 4876/1368/4489
f 4876/1368/4489 4885/1375/4496 4884/1374/4495
f 4883/1360/4494 4886/1372/4497 4882/1369/4493
f 4884/1374/4495 4885/1375/4496 4887/1376/4498
f 4888/1379/4499 4876/1368/4489 4877/1367/4488
f 4882/1369/4493 4889/1380/4500 4880/1370/4491
f 4889/1380/4500 4882/1369/4493 4890/1381/4501
f 4885/1375/4496 4891/1382/4502 4887/1376/4498
f 4885/1375/4496 4876/1368/4489 4891/1382/4502
f 4876/1368/4489 4892/1383/4503 4891/1382/4502
f 4891/1382/4502 4892/1383/4503 4887/1376/4498
f 4892/1383/4503 4876/1368/4489 4893/1384/4504
f 4876/1368/4489 4888/1379/4499 4893/1384/4504
f 4882/1369/4493 4894/1705/4505 4890/1381/4501
f 4895/1688/4506 4880/1370/4491 4889/1380/4500
f 4880/1370/4491 4895/1688/4506 4877/1367/4488
f 4898/1402/4507 4897/1403/4508 4896/1404/4509
f 4897/1403/4508 4898/1402/4507 4899/1405/4510
f 4899/1405/4510 4900/1706/4511 4897/1403/4508
f 4900/1706/4511 4899/1405/4510 4901/1407/4512
f 4899/1405/4510 4902/1408/4513 4901/1407/4512
f 4902/1408/4513 4899/1405/4510 4903/1409/4514
f 4898/1402/4507 4903/1409/4514 4899/1405/4510
f 4903/1409/4514 4898/1402/4507 4904/1410/4515
f 4900/1706/4511 4905/1411/4516 4897/1403/4508
f 4905/1411/4516 4900/1706/4511 4906/1412/4517
f 4907/1413/4518 4896/1404/4509 4897/1403/4508
f 4905/1411/4516 4907/1413/4518 4897/1403/4508
f 4896/1404/4509 4907/1413/4518 4908/1414/4519
f 4909/1415/4520 4896/1404/4509 4908/1414/4519
f 4896/1404/4509 4909/1415/4520 4910/1416/4521
f 4910/1416/4521 4898/1402/4507 4896/1404/4509
f 4898/1402/4507 4910/1416/4521 4911/1417/4522
f 4898/1402/4507 4911/1417/4522 4904/1410/4515
f 4904/1410/4515 4911/1417/4522 4912/1418/4523
f 4905/1411/4516 4913/1419/4524 4907/1413/4518
f 4913/1419/4524 4905/1411/4516 4914/1420/4525
f 4915/1421/4526 4913/1419/4524 4914/1420/4525
f 4913/1419/4524 4915/1421/4526 4916/1422/4527
f 4905/1411/4516 4906/1412/4517 4917/1423/4528
f 4905/1411/4516 4917/1423/4528 4918/1424/4529
f 4918/1424/4529 4917/1423/4528 4919/1425/4530
f 4918/1424/4529 4919/1425/4530 4920/1426/4531
f 4923/1405/4532 4922/1706/4533 4921/1407/4534
f 4922/1706/4533 4923/1405/4532 4924/1403/4535
f 4925/1408/4536 4923/1405/4532 4921/1407/4534
f 4923/1405/4532 4925/1408/4536 4926/1409/4537
f 4927/1417/4538 4924/1403/4535 4923/1405/4532
f 4926/1409/4537 4927/1417/4538 4923/1405/4532
f 4924/1403/4535 4927/1417/4538 4928/1416/4539
f 4927/1417/4538 4926/1409/4537 4929/1410/4540
f 4929/1410/4540 4930/1418/4541 4927/1417/4538
f 4931/1415/4542 4924/1403/4535 4928/1416/4539
f 4924/1403/4535 4931/1415/4542 4932/1413/4543
f 4924/1403/4535 4933/1412/4544 4922/1706/4533
f 4933/1412/4544 4924/1403/4535 4934/1411/4545
f 4932/1413/4543 4934/1411/4545 4924/1403/4535
f 4933/1412/4544 4934/1411/4545 4935/1423/4546
f 4934/1411/4545 4936/1424/4547 4935/1423/4546
f 4936/1424/4547 4937/1425/4548 4935/1423/4546
f 4938/1419/4549 4934/1411/4545 4932/1413/4543
f 4934/1411/4545 4938/1419/4549 4939/1420/4550
f 4938/1419/4549 4940/1421/4551 4939/1420/4550
f 4940/1421/4551 4938/1419/4549 4941/1422/4552
f 4937/1425/4548 4936/1424/4547 4942/1426/4553
f 4945/1427/4554 4944/1428/4555 4943/1429/4556
f 4944/1428/4555 4945/1427/4554 4946/1430/4557
f 4947/1431/4558 4945/1427/4554 4943/1429/4556
f 4945/1427/4554 4947/1431/4558 4948/1432/4559
f 4947/1431/4558 4949/1433/4560 4948/1432/4559
f 4949/1433/4560 4947/1431/4558 4950/1434/4561
f 4944/1428/4555 4946/1430/4557 4951/1435/4562
f 4951/1435/4562 4946/1430/4557 4952/1436/4563
f 4952/1436/4563 4953/1438/4564 4951/1435/4562
f 4953/1438/4564 4952/1436/4563 4954/1437/4565
f 4954/1437/4565 4955/1439/4566 4953/1438/4564
f 4955/1439/4566 4954/1437/4565 4956/1440/4567
f 4957/1441/4568 4956/1440/4567 4954/1437/4565
f 4956/1440/4567 4957/1441/4568 4958/1442/4569
f 4954/1437/4565 4959/1443/4570 4957/1441/4568
f 4952/1436/4563 4946/1430/4557 4960/1444/4571
f 4960/1444/4571 4946/1430/4557 4961/1445/4572
f 4961/1445/4572 4962/1446/4573 4960/1444/4571
f 4962/1446/4573 4963/1447/4574 4960/1444/4571
f 4961/1445/4572 4964/1448/4575 4962/1446/4573
f 4965/1449/4576 4962/1446/4573 4964/1448/4575
f 4962/1446/4573 4965/1449/4576 4966/1450/4577
f 4967/1451/4578 4966/1450/4577 4965/1449/4576
f 4966/1450/4577 4967/1451/4578 4968/1452/4579
f 4969/1453/4580 4964/1448/4575 4961/1445/4572
f 4962/1446/4573 4970/1454/4581 4963/1447/4574
f 4971/1455/4582 4963/1447/4574 4970/1454/4581
f 4963/1447/4574 4971/1455/4582 4972/1456/4583
f 4973/1457/4584 4971/1455/4582 4970/1454/4581
f 4971/1455/4582 4973/1457/4584 4974/1458/4585
f 4975/1459/4586 4974/1458/4585 4973/1457/4584
f 4974/1458/4585 4975/1459/4586 4976/1460/4587
f 4962/1446/4573 4977/1461/4588 4970/1454/4581
f 4977/1461/4588 4978/1462/4589 4970/1454/4581
f 4979/1463/4590 4972/1456/4583 4971/1455/4582
f 4980/1464/4591 4966/1450/4577 4968/1452/4579
f 4966/1450/4577 4980/1464/4591 4981/1465/4592
f 4981/1465/4592 4962/1446/4573 4966/1450/4577
f 4962/1446/4573 4981/1465/4592 4977/1461/4588
f 4982/1466/4593 4970/1454/4581 4978/1462/4589
f 4970/1454/4581 4982/1466/4593 4973/1457/4584
f 4982/1466/4593 4975/1459/4586 4973/1457/4584
f 4975/1459/4586 4982/1466/4593 4983/1467/4594
f 4976/1460/4587 4975/1459/4586 4984/1468/4595
f 4983/1467/4594 4984/1468/4595 4975/1459/4586
f 4980/1464/4591 4968/1452/4579 4985/1469/4596
f 4968/1452/4579 4967/1451/4578 4985/1469/4596
f 4946/1430/4557 4969/1453/4580 4961/1445/4572
f 4946/1430/4557 4986/1470/4597 4969/1453/4580
f 4986/1470/4597 4946/1430/4557 4945/1427/4554
f 4948/1432/4559 4986/1470/4597 4945/1427/4554
f 4986/1470/4597 4948/1432/4559 4987/1471/4598
f 4948/1432/4559 4988/1472/4599 4987/1471/4598
f 4988/1472/4599 4948/1432/4559 4949/1433/4560
f 4988/1472/4599 4949/1433/4560 4989/1473/4600
f 4950/1434/4561 4989/1473/4600 4949/1433/4560
f 4992/1474/4601 4991/1475/4602 4990/1476/4603
f 4991/1475/4602 4992/1474/4601 4993/1477/4604
f 4994/1478/4605 4993/1477/4604 4992/1474/4601
f 4993/1477/4604 4994/1478/4605 4995/1479/4606
f 4994/1478/4605 4996/1480/4607 4995/1479/4606
f 4993/1477/4604 4997/1481/4608 4991/1475/4602
f 4997/1481/4608 4993/1477/4604 4998/1482/4609
f 4995/1479/4606 4998/1482/4609 4993/1477/4604
f 4998/1482/4609 4995/1479/4606 4999/1483/4610
f 4995/1479/4606 4996/1480/4607 4999/1483/4610
f 5000/1484/4611 4997/1481/4608 4998/1482/4609
f 4997/1481/4608 5000/1484/4611 5001/1485/4612
f 4998/1482/4609 5002/1486/4613 5000/1484/4611
f 5002/1486/4613 4998/1482/4609 4999/1483/4610
f 4996/1480/4607 5002/1486/4613 4999/1483/4610
f 5005/1487/4614 5004/1488/4615 5003/1489/4616
f 5006/1490/4617 5005/1487/4614 5003/1489/4616
f 5006/1490/4617 4956/1440/4567 5005/1487/4614
f 4956/1440/4567 5004/1488/4615 5005/1487/4614
f 4956/1440/4567 5006/1490/4617 4955/1439/4566
f 5004/1488/4615 4956/1440/4567 4958/1442/4569
f 5009/1491/4618 5008/1492/4619 5007/1493/4620
f 5008/1492/4619 5009/1491/4618 5010/1494/4621
f 5011/1495/4622 5009/1491/4618 5007/1493/4620
f 5009/1491/4618 5011/1495/4622 5012/1496/4623
f 5013/1497/4624 5008/1492/4619 5010/1494/4621
f 5008/1492/4619 5013/1497/4624 5014/1498/4625
f 5015/1499/4626 5014/1498/4625 5013/1497/4624
f 5013/1497/4624 5016/1500/4627 5015/1499/4626
f 5016/1500/4627 5017/1501/4628 5015/1499/4626
f 5015/1499/4626 5017/1501/4628 5018/1502/4629
f 5018/1502/4629 5019/1503/4630 5015/1499/4626
f 5019/1503/4630 5020/1504/4631 5015/1499/4626
f 5021/1505/4632 5020/1504/4631 5019/1503/4630
f 5020/1504/4631 5021/1505/4632 5022/1506/4633
f 5023/1507/4634 5022/1506/4633 5021/1505/4632
f 5022/1506/4633 5023/1507/4634 5024/1508/4635
f 5020/1504/4631 5025/1509/4636 5015/1499/4626
f 5025/1509/4636 5026/1510/4637 5015/1499/4626
f 5026/1510/4637 5014/1498/4625 5015/1499/4626
f 5027/1511/4638 5026/1510/4637 5025/1509/4636
f 5026/1510/4637 5027/1511/4638 5028/1512/4639
f 5029/1513/4640 5028/1512/4639 5027/1511/4638
f 5028/1512/4639 5029/1513/4640 5030/1514/4641
f 5017/1501/4628 5016/1500/4627 5031/1515/4642
f 5018/1502/4629 5017/1501/4628 5032/1516/4643
f 5017/1501/4628 5033/1517/4644 5032/1516/4643
f 5033/1517/4644 5017/1501/4628 5034/1518/4645
f 5035/1519/4646 5033/1517/4644 5034/1518/4645
f 5033/1517/4644 5035/1519/4646 5036/1520/4647
f 5037/1521/4648 5035/1519/4646 5034/1518/4645
f 5017/1501/4628 5037/1521/4648 5034/1518/4645
f 5037/1521/4648 5017/1501/4628 5031/1515/4642
f 5035/1519/4646 5037/1521/4648 5038/1522/4649
f 5041/1523/4650 5040/1524/4651 5039/1525/4652
f 5040/1524/4651 5041/1523/4650 5042/1526/4653
f 5039/1525/4652 5040/1524/4651 5043/1527/4654
f 5044/1528/4655 5040/1524/4651 5042/1526/4653
f 5040/1524/4651 5044/1528/4655 5045/1529/4656
f 5043/1527/4654 5040/1524/4651 5045/1529/4656
f 5039/1525/4652 5046/1530/4657 5041/1523/4650
f 5046/1530/4657 5039/1525/4652 5047/1531/4658
f 5039/1525/4652 5043/1527/4654 5047/1531/4658
f 5050/1526/4659 5049/1532/4660 5048/1533/4661
f 5049/1532/4660 5050/1526/4659 5051/1524/4662
f 5051/1524/4662 5052/1527/4663 5049/1532/4660
f 5053/1525/4664 5048/1533/4661 5049/1532/4660
f 5052/1527/4663 5053/1525/4664 5049/1532/4660
f 5048/1533/4661 5053/1525/4664 5054/1523/4665
f 5055/1531/4666 5054/1523/4665 5053/1525/4664
f 5053/1525/4664 5052/1527/4663 5055/1531/4666
f 5054/1523/4665 5055/1531/4666 5056/1530/4667
f 5050/1526/4659 5057/1529/4668 5051/1524/4662
f 5057/1529/4668 5052/1527/4663 5051/1524/4662
f 5057/1529/4668 5050/1526/4659 5058/1528/4669
f 5061/1528/4670 5060/1524/4671 5059/1526/4672
f 5060/1524/4671 5061/1528/4670 5062/1529/4673
f 5062/1529/4673 5063/1527/4674 5060/1524/4671
f 5060/1524/4671 5064/1523/4675 5059/1526/4672
f 5064/1523/4675 5060/1524/4671 5065/1525/4676
f 5060/1524/4671 5063/1527/4674 5065/1525/4676
f 5065/1525/4676 5066/1530/4677 5064/1523/4675
f 5066/1530/4677 5065/1525/4676 5067/1531/4678
f 5063/1527/4674 5067/1531/4678 5065/1525/4676
f 4960/1444/4571 5068/1683/4679 4952/1436/4563
f 4952/1436/4563 5068/1683/4679 4954/1437/4565
f 4954/1437/4565 5068/1683/4679 4959/1443/4570
f 4959/1443/4570 5069/1684/4680 4957/1441/4568
f 5072/1707/4681 5071/1708/4682 5070/1709/4683
f 5071/1708/4682 5072/1707/4681 5073/1710/4684
f 5070/1709/4683 5071/1708/4682 5074/1711/4685
f 5077/1709/4686 5076/1710/4687 5075/1708/4688
f 5076/1710/4687 5077/1709/4686 5078/1707/4689
f 5075/1708/4688 5079/1711/4690 5077/1709/4686
f 5082/1708/4691 5081/1709/4692 5080/1711/4693
f 5082/1708/4691 5083/1707/4694 5081/1709/4692
f 5083/1707/4694 5082/1708/4691 5084/1710/4695
f 5087/1709/4696 5086/1710/4697 5085/1707/4698
f 5086/1710/4697 5087/1709/4696 5088/1708/4699
f 5089/1711/4700 5088/1708/4699 5087/1709/4696
f 5092/1323/4701 5091/1324/4702 5090/1326/4703
f 5091/1324/4702 5092/1323/4701 5093/1325/4704
f 5093/1325/4704 5094/1327/4705 5091/1324/4702
f 5094/1327/4705 5093/1325/4704 5095/1328/4706
f 5095/1328/4706 5096/1329/4707 5094/1327/4705
f 5096/1329/4707 5095/1328/4706 5097/1330/4708
f 5098/1331/4709 5093/1325/4704 5092/1323/4701
f 5093/1325/4704 5098/1331/4709 5099/1332/4710
f 5099/1332/4710 5095/1328/4706 5093/1325/4704
f 5095/1328/4706 5099/1332/4710 5100/1333/4711
f 5101/1334/4712 5100/1333/4711 5099/1332/4710
f 5098/1331/4709 5101/1334/4712 5099/1332/4710
f 5100/1333/4711 5101/1334/4712 5102/1335/4713
f 5101/1334/4712 5098/1331/4709 5103/1336/4714
f 5104/1337/4715 5100/1333/4711 5102/1335/4713
f 5100/1333/4711 5104/1337/4715 5105/1338/4716
f 5095/1328/4706 5105/1338/4716 5097/1330/4708
f 5105/1338/4716 5095/1328/4706 5100/1333/4711
f 5106/1339/4717 5105/1338/4716 5104/1337/4715
f 5105/1338/4716 5106/1339/4717 5107/1340/4718
f 5107/1340/4718 5097/1330/4708 5105/1338/4716
f 5097/1330/4708 5107/1340/4718 5108/1341/4719
f 5108/1341/4719 5096/1329/4707 5097/1330/4708
f 5096/1329/4707 5108/1341/4719 5109/1342/4720
f 5112/1325/4721 5111/1333/4722 5110/1328/4723
f 5111/1333/4722 5112/1325/4721 5113/1332/4724
f 5114/1323/4725 5113/1332/4724 5112/1325/4721
f 5113/1332/4724 5114/1323/4725 5115/1331/4726
f 5111/1333/4722 5116/1330/4727 5110/1328/4723
f 5116/1330/4727 5111/1333/4722 5117/1338/4728
f 5118/1329/4729 5110/1328/4723 5116/1330/4727
f 5110/1328/4723 5118/1329/4729 5119/1327/4730
f 5110/1328/4723 5120/1324/4731 5112/1325/4721
f 5120/1324/4731 5110/1328/4723 5119/1327/4730
f 5120/1324/4731 5114/1323/4725 5112/1325/4721
f 5114/1323/4725 5120/1324/4731 5121/1326/4732
f 5116/1330/4727 5122/1342/4733 5118/1329/4729
f 5122/1342/4733 5116/1330/4727 5123/1341/4734
f 5124/1340/4735 5116/1330/4727 5117/1338/4728
f 5116/1330/4727 5124/1340/4735 5123/1341/4734
f 5125/1336/4736 5113/1332/4724 5115/1331/4726
f 5113/1332/4724 5125/1336/4736 5126/1334/4737
f 5126/1334/4737 5111/1333/4722 5113/1332/4724
f 5111/1333/4722 5126/1334/4737 5127/1335/4738
f 5127/1335/4738 5117/1338/4728 5111/1333/4722
f 5117/1338/4728 5127/1335/4738 5128/1337/4739
f 5117/1338/4728 5129/1339/4740 5124/1340/4735
f 5129/1339/4740 5117/1338/4728 5128/1337/4739
f 5132/1343/4741 5131/1344/4742 5130/1346/4743
f 5131/1344/4742 5132/1343/4741 5133/1345/4744
f 5134/1347/4745 5130/1346/4743 5131/1344/4742
f 5130/1346/4743 5134/1347/4745 5135/1348/4746
f 5133/1345/4744 5136/1349/4747 5131/1344/4742
f 5136/1349/4747 5134/1347/4745 5131/1344/4742
f 5136/1349/4747 5133/1345/4744 5137/1350/4748
f 5134/1347/4745 5136/1349/4747 5138/1351/4749
f 5134/1347/4745 5139/1352/4750 5135/1348/4746
f 5139/1352/4750 5134/1347/4745 5140/1353/4751
f 5138/1351/4749 5140/1353/4751 5134/1347/4745
f 5140/1353/4751 5141/1354/4752 5139/1352/4750
f 5141/1354/4752 5142/1355/4753 5139/1352/4750
f 5142/1355/4753 5141/1354/4752 5143/1356/4754
f 5141/1354/4752 5144/1357/4755 5143/1356/4754
f 5144/1357/4755 5141/1354/4752 5145/1358/4756
f 5144/1357/4755 5146/1359/4757 5143/1356/4754
f 5146/1359/4757 5142/1355/4753 5143/1356/4754
f 5146/1359/4757 5144/1357/4755 5147/1360/4758
f 5148/1361/4759 5145/1358/4756 5141/1354/4752
f 5141/1354/4752 5140/1353/4751 5148/1361/4759
f 5145/1358/4756 5148/1361/4759 5149/1362/4760
f 5150/1363/4761 5146/1359/4757 5147/1360/4758
f 5146/1359/4757 5150/1363/4761 5151/1364/4762
f 5148/1361/4759 5152/1365/4763 5149/1362/4760
f 5152/1365/4763 5148/1361/4759 5153/1366/4764
f 5149/1362/4760 5154/1367/4765 5145/1358/4756
f 5154/1367/4765 5149/1362/4760 5155/1368/4766
f 5144/1357/4755 5156/1369/4767 5147/1360/4758
f 5156/1369/4767 5144/1357/4755 5157/1370/4768
f 5157/1370/4768 5145/1358/4756 5154/1367/4765
f 5145/1358/4756 5157/1370/4768 5144/1357/4755
f 5148/1361/4759 5158/1371/4769 5153/1366/4764
f 5158/1371/4769 5148/1361/4759 5140/1353/4751
f 5140/1353/4751 5138/1351/4749 5158/1371/4769
f 5159/1372/4770 5150/1363/4761 5147/1360/4758
f 5156/1369/4767 5159/1372/4770 5147/1360/4758
f 5160/1373/4771 5153/1366/4764 5158/1371/4769
f 5138/1351/4749 5160/1373/4771 5158/1371/4769
f 5149/1362/4760 5152/1365/4763 5161/1374/4772
f 5155/1368/4766 5149/1362/4760 5161/1374/4772
f 5161/1374/4772 5162/1375/4773 5155/1368/4766
f 5163/1376/4774 5162/1375/4773 5161/1374/4772
f 5160/1373/4771 5138/1351/4749 5164/1377/4775
f 5136/1349/4747 5164/1377/4775 5138/1351/4749
f 5165/1378/4776 5164/1377/4775 5136/1349/4747
f 5154/1367/4765 5155/1368/4766 5166/1379/4777
f 5167/1380/4778 5156/1369/4767 5157/1370/4768
f 5156/1369/4767 5167/1380/4778 5168/1381/4779
f 5163/1376/4774 5169/1382/4780 5162/1375/4773
f 5169/1382/4780 5155/1368/4766 5162/1375/4773
f 5170/1383/4781 5155/1368/4766 5169/1382/4780
f 5163/1376/4774 5170/1383/4781 5169/1382/4780
f 5155/1368/4766 5170/1383/4781 5171/1384/4782
f 5171/1384/4782 5166/1379/4777 5155/1368/4766
f 5137/1350/4748 5165/1378/4776 5136/1349/4747
f 5137/1350/4748 5173/1385/4783 5172/1386/4784
f 5173/1385/4783 5137/1350/4748 5133/1345/4744
f 5133/1345/4744 5174/1387/4785 5173/1385/4783
f 5174/1387/4785 5133/1345/4744 5132/1343/4741
f 5130/1346/4743 5175/1388/4786 5132/1343/4741
f 5130/1346/4743 5135/1348/4746 5175/1388/4786
f 5175/1388/4786 5135/1348/4746 5176/1389/4787
f 5176/1389/4787 5177/1390/4788 5175/1388/4786
f 5139/1352/4750 5176/1389/4787 5135/1348/4746
f 5176/1389/4787 5139/1352/4750 5142/1355/4753
f 5142/1355/4753 5178/1391/4789 5176/1389/4787
f 5176/1389/4787 5178/1391/4789 5177/1390/4788
f 5178/1391/4789 5142/1355/4753 5179/1392/4790
f 5180/1393/4791 5178/1391/4789 5179/1392/4790
f 5178/1391/4789 5180/1393/4791 5181/1394/4792
f 5182/1395/4793 5177/1390/4788 5178/1391/4789
f 5177/1390/4788 5182/1395/4793 5183/1396/4794
f 5183/1396/4794 5175/1388/4786 5177/1390/4788
f 5178/1391/4789 5184/1397/4795 5182/1395/4793
f 5184/1397/4795 5178/1391/4789 5185/1398/4796
f 5178/1391/4789 5181/1394/4792 5185/1398/4796
f 5146/1359/4757 5180/1393/4791 5179/1392/4790
f 5142/1355/4753 5146/1359/4757 5179/1392/4790
f 5180/1393/4791 5146/1359/4757 5151/1364/4762
f 5182/1395/4793 5186/1399/4797 5183/1396/4794
f 5186/1399/4797 5182/1395/4793 5187/1400/4798
f 5188/1401/4799 5182/1395/4793 5184/1397/4795
f 5182/1395/4793 5188/1401/4799 5187/1400/4798
f 5191/1402/4800 5190/1403/4801 5189/1405/4802
f 5190/1403/4801 5191/1402/4800 5192/1404/4803
f 5193/1406/4804 5189/1405/4802 5190/1403/4801
f 5189/1405/4802 5193/1406/4804 5194/1407/4805
f 5195/1408/4806 5189/1405/4802 5194/1407/4805
f 5189/1405/4802 5195/1408/4806 5196/1409/4807
f 5189/1405/4802 5196/1409/4807 5191/1402/4800
f 5197/1410/4808 5191/1402/4800 5196/1409/4807
f 5198/1411/4809 5193/1406/4804 5190/1403/4801
f 5193/1406/4804 5198/1411/4809 5199/1412/4810
f 5192/1404/4803 5200/1413/4811 5190/1403/4801
f 5190/1403/4801 5200/1413/4811 5198/1411/4809
f 5200/1413/4811 5192/1404/4803 5201/1414/4812
f 5192/1404/4803 5202/1415/4813 5201/1414/4812
f 5202/1415/4813 5192/1404/4803 5203/1416/4814
f 5191/1402/4800 5203/1416/4814 5192/1404/4803
f 5203/1416/4814 5191/1402/4800 5204/1417/4815
f 5197/1410/4808 5204/1417/4815 5191/1402/4800
f 5205/1418/4816 5204/1417/4815 5197/1410/4808
f 5206/1419/4817 5198/1411/4809 5200/1413/4811
f 5198/1411/4809 5206/1419/4817 5207/1420/4818
f 5206/1419/4817 5208/1421/4819 5207/1420/4818
f 5208/1421/4819 5206/1419/4817 5209/1422/4820
f 5210/1423/4821 5199/1412/4810 5198/1411/4809
f 5211/1424/4822 5210/1423/4821 5198/1411/4809
f 5212/1425/4823 5210/1423/4821 5211/1424/4822
f 5213/1426/4824 5212/1425/4823 5211/1424/4822
f 5216/1405/4825 5215/1406/4826 5214/1403/4827
f 5215/1406/4826 5216/1405/4825 5217/1407/4828
f 5216/1405/4825 5218/1408/4829 5217/1407/4828
f 5218/1408/4829 5216/1405/4825 5219/1409/4830
f 5214/1403/4827 5220/1417/4831 5216/1405/4825
f 5220/1417/4831 5219/1409/4830 5216/1405/4825
f 5220/1417/4831 5214/1403/4827 5221/1416/4832
f 5219/1409/4830 5220/1417/4831 5222/1410/4833
f 5220/1417/4831 5223/1418/4834 5222/1410/4833
f 5214/1403/4827 5224/1415/4835 5221/1416/4832
f 5224/1415/4835 5214/1403/4827 5225/1413/4836
f 5226/1412/4837 5214/1403/4827 5215/1406/4826
f 5214/1403/4827 5226/1412/4837 5227/1411/4838
f 5214/1403/4827 5227/1411/4838 5225/1413/4836
f 5228/1423/4839 5227/1411/4838 5226/1412/4837
f 5228/1423/4839 5229/1424/4840 5227/1411/4838
f 5228/1423/4839 5230/1425/4841 5229/1424/4840
f 5227/1411/4838 5231/1419/4842 5225/1413/4836
f 5231/1419/4842 5227/1411/4838 5232/1420/4843
f 5233/1421/4844 5231/1419/4842 5232/1420/4843
f 5231/1419/4842 5233/1421/4844 5234/1422/4844
f 5235/1426/4845 5229/1424/4840 5230/1425/4841
f 5238/1427/4846 5237/1428/4847 5236/1430/4848
f 5237/1428/4847 5238/1427/4846 5239/1429/4849
f 5238/1427/4846 5240/1431/4850 5239/1429/4849
f 5240/1431/4850 5238/1427/4846 5241/1432/4851
f 5242/1433/4852 5240/1431/4850 5241/1432/4851
f 5240/1431/4850 5242/1433/4852 5243/1434/4853
f 5244/1435/4854 5236/1430/4848 5237/1428/4847
f 5245/1436/4855 5236/1430/4848 5244/1435/4854
f 5244/1435/4854 5246/1437/4856 5245/1436/4855
f 5246/1437/4856 5244/1435/4854 5247/1438/4857
f 5248/1439/4858 5246/1437/4856 5247/1438/4857
f 5246/1437/4856 5248/1439/4858 5249/1440/4859
f 5249/1440/4859 5250/1441/4860 5246/1437/4856
f 5250/1441/4860 5249/1440/4859 5251/1442/4861
f 5250/1441/4860 5252/1443/4862 5246/1437/4856
f 5253/1470/4863 5241/1432/4851 5238/1427/4846
f 5236/1430/4848 5253/1470/4863 5238/1427/4846
f 5254/1444/4864 5236/1430/4848 5245/1436/4855
f 5255/1445/4865 5236/1430/4848 5254/1444/4864
f 5254/1444/4864 5256/1446/4866 5255/1445/4865
f 5254/1444/4864 5257/1447/4867 5256/1446/4866
f 5256/1446/4866 5258/1448/4868 5255/1445/4865
f 5256/1446/4866 5259/1449/4869 5258/1448/4868
f 5259/1449/4869 5256/1446/4866 5260/1450/4870
f 5260/1450/4870 5261/1451/4871 5259/1449/4869
f 5261/1451/4871 5260/1450/4870 5262/1452/4872
f 5255/1445/4865 5258/1448/4868 5263/1453/4873
f 5255/1445/4865 5263/1453/4873 5236/1430/4848
f 5253/1470/4863 5236/1430/4848 5263/1453/4873
f 5257/1447/4867 5264/1454/4874 5256/1446/4866
f 5257/1447/4867 5265/1455/4875 5264/1454/4874
f 5265/1455/4875 5257/1447/4867 5266/1456/4876
f 5265/1455/4875 5267/1457/4877 5264/1454/4874
f 5267/1457/4877 5265/1455/4875 5268/1458/4878
f 5268/1458/4878 5269/1459/4879 5267/1457/4877
f 5269/1459/4879 5268/1458/4878 5270/1460/4880
f 5264/1454/4874 5271/1461/4881 5256/1446/4866
f 5264/1454/4874 5272/1462/4882 5271/1461/4881
f 5265/1455/4875 5266/1456/4876 5273/1463/4883
f 5260/1450/4870 5274/1464/4884 5262/1452/4872
f 5274/1464/4884 5260/1450/4870 5275/1465/4885
f 5275/1465/4885 5256/1446/4866 5271/1461/4881
f 5256/1446/4866 5275/1465/4885 5260/1450/4870
f 5276/1466/4886 5264/1454/4874 5267/1457/4877
f 5264/1454/4874 5276/1466/4886 5272/1462/4882
f 5269/1459/4879 5276/1466/4886 5267/1457/4877
f 5276/1466/4886 5269/1459/4879 5277/1467/4887
f 5278/1468/4888 5269/1459/4879 5270/1460/4880
f 5269/1459/4879 5278/1468/4888 5277/1467/4887
f 5279/1469/4889 5262/1452/4872 5274/1464/4884
f 5279/1469/4889 5261/1451/4871 5262/1452/4872
f 5241/1432/4851 5253/1470/4863 5280/1471/4890
f 5281/1472/4891 5241/1432/4851 5280/1471/4890
f 5241/1432/4851 5281/1472/4891 5242/1433/4852
f 5282/1473/4892 5242/1433/4852 5281/1472/4891
f 5242/1433/4852 5282/1473/4892 5243/1434/4853
f 5285/1474/4893 5284/1475/4894 5283/1477/4895
f 5284/1475/4894 5285/1474/4893 5286/1476/4896
f 5283/1477/4895 5287/1478/4897 5285/1474/4893
f 5287/1478/4897 5283/1477/4895 5288/1479/4898
f 5288/1479/4898 5289/1480/4899 5287/1478/4897
f 5290/1481/4900 5283/1477/4895 5284/1475/4894
f 5283/1477/4895 5290/1481/4900 5291/1482/4901
f 5291/1482/4901 5288/1479/4898 5283/1477/4895
f 5288/1479/4898 5291/1482/4901 5292/1483/4902
f 5292/1483/4902 5289/1480/4899 5288/1479/4898
f 5290/1481/4900 5293/1484/4903 5291/1482/4901
f 5293/1484/4903 5290/1481/4900 5294/1485/4904
f 5295/1486/4905 5291/1482/4901 5293/1484/4903
f 5291/1482/4901 5295/1486/4905 5292/1483/4902
f 5292/1483/4902 5295/1486/4905 5289/1480/4899
f 5298/1489/4906 5297/1488/4907 5296/1487/4908
f 5298/1489/4906 5296/1487/4908 5299/1490/4909
f 5249/1440/4859 5299/1490/4909 5296/1487/4908
f 5297/1488/4907 5249/1440/4859 5296/1487/4908
f 5299/1490/4909 5249/1440/4859 5248/1439/4858
f 5249/1440/4859 5297/1488/4907 5251/1442/4861
f 5302/1491/4910 5301/1492/4911 5300/1494/4912
f 5301/1492/4911 5302/1491/4910 5303/1493/4913
f 5302/1491/4910 5304/1495/4914 5303/1493/4913
f 5304/1495/4914 5302/1491/4910 5305/1496/4915
f 5301/1492/4911 5306/1497/4916 5300/1494/4912
f 5306/1497/4916 5301/1492/4911 5307/1498/4917
f 5306/1497/4916 5307/1498/4917 5308/1499/4918
f 5308/1499/4918 5309/1500/4919 5306/1497/4916
f 5308/1499/4918 5310/1501/4920 5309/1500/4919
f 5311/1502/4921 5310/1501/4920 5308/1499/4918
f 5308/1499/4918 5312/1503/4922 5311/1502/4921
f 5308/1499/4918 5313/1504/4923 5312/1503/4922
f 5313/1504/4923 5314/1505/4924 5312/1503/4922
f 5314/1505/4924 5313/1504/4923 5315/1506/4925
f 5315/1506/4925 5316/1507/4926 5314/1505/4924
f 5316/1507/4926 5315/1506/4925 5317/1508/4927
f 5308/1499/4918 5318/1509/4928 5313/1504/4923
f 5308/1499/4918 5319/1510/4929 5318/1509/4928
f 5308/1499/4918 5307/1498/4917 5319/1510/4929
f 5319/1510/4929 5320/1511/4930 5318/1509/4928
f 5320/1511/4930 5319/1510/4929 5321/1512/4931
f 5321/1512/4931 5322/1513/4932 5320/1511/4930
f 5322/1513/4932 5321/1512/4931 5323/1514/4933
f 5324/1515/4934 5309/1500/4919 5310/1501/4920
f 5325/1516/4935 5310/1501/4920 5311/1502/4921
f 5326/1517/4936 5310/1501/4920 5325/1516/4935
f 5328/1519/4937 5326/1517/4936 5327/1520/4938
f 5326/1517/4936 5328/1519/4937 5329/1518/4939
f 5310/1501/4920 5326/1517/4936 5329/1518/4939
f 5328/1519/4937 5330/1521/4940 5329/1518/4939
f 5330/1521/4940 5310/1501/4920 5329/1518/4939
f 5310/1501/4920 5330/1521/4940 5324/1515/4934
f 5330/1521/4940 5328/1519/4937 5331/1522/4941
f 5334/1523/4942 5333/1524/4943 5332/1526/4944
f 5333/1524/4943 5334/1523/4942 5335/1525/4945
f 5336/1527/4946 5333/1524/4943 5335/1525/4945
f 5333/1524/4943 5337/1528/4947 5332/1526/4944
f 5337/1528/4947 5333/1524/4943 5338/1529/4948
f 5338/1529/4948 5333/1524/4943 5336/1527/4946
f 5339/1530/4949 5335/1525/4945 5334/1523/4942
f 5335/1525/4945 5339/1530/4949 5340/1531/4950
f 5340/1531/4950 5336/1527/4946 5335/1525/4945
f 5343/1526/4951 5342/1532/4952 5341/1524/4953
f 5342/1532/4952 5343/1526/4951 5344/1533/4954
f 5342/1532/4952 5345/1527/4955 5341/1524/4953
f 5344/1533/4954 5346/1525/4956 5342/1532/4952
f 5342/1532/4952 5346/1525/4956 5345/1527/4955
f 5346/1525/4956 5344/1533/4954 5347/1523/4957
f 5347/1523/4957 5348/1531/4958 5346/1525/4956
f 5348/1531/4958 5345/1527/4955 5346/1525/4956
f 5348/1531/4958 5347/1523/4957 5349/1530/4959
f 5350/1529/4960 5343/1526/4951 5341/1524/4953
f 5341/1524/4953 5345/1527/4955 5350/1529/4960
f 5343/1526/4951 5350/1529/4960 5351/1528/4961
f 5354/1534/4962 5353/1535/4963 5352/1537/4964
f 5353/1535/4963 5354/1534/4962 5355/1536/4965
f 5352/1537/4964 5356/1538/4966 5354/1534/4962
f 5356/1538/4966 5352/1537/4964 5357/1539/4967
f 5358/1540/4968 5356/1538/4966 5357/1539/4967
f 5356/1538/4966 5358/1540/4968 5359/1541/4969
f 5358/1540/4968 5360/1542/4970 5359/1541/4969
f 5360/1542/4970 5358/1540/4968 5361/1543/4971
f 5361/1543/4971 5362/1544/4972 5360/1542/4970
f 5362/1544/4972 5361/1543/4971 5363/1545/4973
f 5363/1545/4973 5364/1546/4974 5362/1544/4972
f 5364/1546/4974 5363/1545/4973 5365/1547/4975
f 5365/1547/4975 5366/1548/4976 5364/1546/4974
f 5366/1548/4976 5365/1547/4975 5367/1549/4977
f 5363/1545/4973 5368/1550/4978 5365/1547/4975
f 5368/1550/4978 5363/1545/4973 5369/1551/4979
f 5361/1543/4971 5369/1551/4979 5363/1545/4973
f 5370/1552/4980 5366/1548/4976 5367/1549/4977
f 5366/1548/4976 5370/1552/4980 5371/1553/4981
f 5372/1554/4982 5371/1553/4981 5370/1552/4980
f 5371/1553/4981 5372/1554/4982 5373/1555/4983
f 5372/1554/4982 5374/1556/4984 5373/1555/4983
f 5374/1556/4984 5372/1554/4982 5375/1557/4985
f 5376/1558/4986 5375/1557/4985 5372/1554/4982
f 5370/1552/4980 5376/1558/4986 5372/1554/4982
f 5375/1557/4985 5376/1558/4986 5377/1559/4987
f 5376/1558/4986 5378/1560/4988 5377/1559/4987
f 5378/1560/4988 5376/1558/4986 5379/1561/4989
f 5376/1558/4986 5380/1562/4990 5379/1561/4989
f 5376/1558/4986 5370/1552/4980 5381/1563/4991
f 5381/1563/4991 5380/1562/4990 5376/1558/4986
f 5367/1549/4977 5381/1563/4991 5370/1552/4980
f 5381/1563/4991 5382/1564/4992 5380/1562/4990
f 5382/1564/4992 5381/1563/4991 5383/1565/4993
f 5383/1565/4993 5365/1547/4975 5368/1550/4978
f 5365/1547/4975 5383/1565/4993 5367/1549/4977
f 5381/1563/4991 5367/1549/4977 5383/1565/4993
f 5383/1565/4993 5384/1566/4994 5382/1564/4992
f 5384/1566/4994 5383/1565/4993 5368/1550/4978
f 5368/1550/4978 5385/1567/4995 5384/1566/4994
f 5385/1567/4995 5368/1550/4978 5369/1551/4979
f 5369/1551/4979 5386/1568/4996 5385/1567/4995
f 5386/1568/4996 5369/1551/4979 5387/1569/4997
f 5387/1569/4997 5388/1570/4998 5386/1568/4996
f 5388/1570/4998 5387/1569/4997 5389/1571/4999
f 5389/1571/4999 5390/1572/5000 5388/1570/4998
f 5390/1572/5000 5389/1571/4999 5391/1573/5001
f 5391/1573/5001 5392/1574/5002 5390/1572/5000
f 5392/1574/5002 5391/1573/5001 5393/1575/5003
f 5358/1540/4968 5391/1573/5001 5389/1571/4999
f 5387/1569/4997 5358/1540/4968 5389/1571/4999
f 5391/1573/5001 5358/1540/4968 5357/1539/4967
f 5369/1551/4979 5361/1543/4971 5387/1569/4997
f 5358/1540/4968 5387/1569/4997 5361/1543/4971
f 5352/1537/4964 5391/1573/5001 5357/1539/4967
f 5391/1573/5001 5352/1537/4964 5393/1575/5003
f 5353/1535/4963 5393/1575/5003 5352/1537/4964
f 5393/1575/5003 5353/1535/4963 5394/1576/5004
f 5393/1575/5003 5395/1577/5005 5392/1574/5002
f 5395/1577/5005 5393/1575/5003 5394/1576/5004
f 5396/1578/5006 5395/1577/5005 5394/1576/5004
f 5353/1535/4963 5396/1578/5006 5394/1576/5004
f 5395/1577/5005 5396/1578/5006 5397/1579/5007
f 5396/1578/5006 5398/1580/5008 5397/1579/5007
f 5398/1580/5008 5396/1578/5006 5399/1581/5009
f 5396/1578/5006 5353/1535/4963 5400/1582/5010
f 5400/1582/5010 5399/1581/5009 5396/1578/5006
f 5355/1536/4965 5400/1582/5010 5353/1535/4963
f 5400/1582/5010 5355/1536/4965 5401/1583/5011
f 5401/1583/5011 5402/1584/5012 5400/1582/5010
f 5399/1581/5009 5400/1582/5010 5402/1584/5012
f 5402/1584/5012 5403/1585/5013 5399/1581/5009
f 5403/1585/5013 5402/1584/5012 5404/1586/5014
f 5405/1587/5015 5404/1586/5014 5402/1584/5012
f 5402/1584/5012 5401/1583/5011 5405/1587/5015
f 5404/1586/5014 5405/1587/5015 5406/1588/5016
f 5399/1581/5009 5407/1589/5017 5398/1580/5008
f 5407/1589/5017 5399/1581/5009 5403/1585/5013
f 5403/1585/5013 5408/1590/5018 5407/1589/5017
f 5408/1590/5018 5403/1585/5013 5409/1591/5019
f 5404/1586/5014 5409/1591/5019 5403/1585/5013
f 5409/1591/5019 5410/1592/5020 5408/1590/5018
f 5410/1592/5020 5409/1591/5019 5411/1593/5021
f 5411/1593/5021 5412/1594/5022 5410/1592/5020
f 5412/1594/5022 5411/1593/5021 5413/1595/5023
f 5414/1596/5024 5411/1593/5021 5409/1591/5019
f 5406/1588/5016 5414/1596/5024 5404/1586/5014
f 5409/1591/5019 5404/1586/5014 5414/1596/5024
f 5411/1593/5021 5414/1596/5024 5415/1597/5025
f 5415/1597/5025 5413/1595/5023 5411/1593/5021
f 5416/1598/5026 5415/1597/5025 5414/1596/5024
f 5414/1596/5024 5406/1588/5016 5416/1598/5026
f 5415/1597/5025 5416/1598/5026 5417/1599/5027
f 5417/1599/5027 5418/1600/5028 5415/1597/5025
f 5413/1595/5023 5415/1597/5025 5418/1600/5028
f 5418/1600/5028 5419/1601/5029 5413/1595/5023
f 5419/1601/5029 5418/1600/5028 5420/1602/5030
f 5421/1603/5031 5420/1602/5030 5418/1600/5028
f 5418/1600/5028 5417/1599/5027 5421/1603/5031
f 5420/1602/5030 5421/1603/5031 5422/1604/5032
f 5413/1595/5023 5423/1605/5033 5412/1594/5022
f 5423/1605/5033 5413/1595/5023 5419/1601/5029
f 5419/1601/5029 5424/1606/5034 5423/1605/5033
f 5424/1606/5034 5419/1601/5029 5425/1607/5035
f 5420/1602/5030 5425/1607/5035 5419/1601/5029
f 5426/1608/5036 5420/1602/5030 5422/1604/5032
f 5420/1602/5030 5426/1608/5036 5427/1609/5037
f 5425/1607/5035 5420/1602/5030 5427/1609/5037
f 5426/1608/5036 5428/1610/5038 5427/1609/5037
f 5427/1609/5037 5428/1610/5038 5425/1607/5035
f 5428/1610/5038 5424/1606/5034 5425/1607/5035
f 5431/1611/5039 5430/1612/5040 5429/1614/5041
f 5430/1612/5040 5431/1611/5039 5432/1613/5042
f 5433/1615/5043 5429/1614/5041 5430/1612/5040
f 5429/1614/5041 5433/1615/5043 5434/1616/5044
f 5433/1615/5043 5435/1617/5045 5434/1616/5044
f 5435/1617/5045 5433/1615/5043 5436/1618/5046
f 5429/1614/5041 5437/1336/5047 5431/1611/5039
f 5437/1336/5047 5429/1614/5041 5438/1334/5048
f 5434/1616/5044 5438/1334/5048 5429/1614/5041
f 5438/1334/5048 5439/1331/5049 5437/1336/5047
f 5439/1331/5049 5438/1334/5048 5440/1332/5050
f 5441/1335/5051 5440/1332/5050 5438/1334/5048
f 5435/1617/5045 5441/1335/5051 5434/1616/5044
f 5438/1334/5048 5434/1616/5044 5441/1335/5051
f 5440/1332/5050 5441/1335/5051 5442/1333/5052
f 5441/1335/5051 5443/1338/5053 5442/1333/5052
f 5443/1338/5053 5441/1335/5051 5444/1337/5054
f 5441/1335/5051 5435/1617/5045 5444/1337/5054
f 5440/1332/5050 5445/1323/5055 5439/1331/5049
f 5445/1323/5055 5440/1332/5050 5446/1325/5056
f 5442/1333/5052 5446/1325/5056 5440/1332/5050
f 5446/1325/5056 5447/1326/5057 5445/1323/5055
f 5447/1326/5057 5446/1325/5056 5448/1324/5058
f 5449/1328/5059 5448/1324/5058 5446/1325/5056
f 5443/1338/5053 5449/1328/5059 5442/1333/5052
f 5446/1325/5056 5442/1333/5052 5449/1328/5059
f 5448/1324/5058 5449/1328/5059 5450/1327/5060
f 5451/1330/5061 5450/1327/5060 5449/1328/5059
f 5449/1328/5059 5443/1338/5053 5451/1330/5061
f 5450/1327/5060 5451/1330/5061 5452/1329/5062
f 5453/1341/5063 5452/1329/5062 5451/1330/5061
f 5443/1338/5053 5453/1341/5063 5451/1330/5061
f 5452/1329/5062 5453/1341/5063 5454/1342/5064
f 5444/1337/5054 5455/1340/5065 5443/1338/5053
f 5453/1341/5063 5443/1338/5053 5455/1340/5065
f 5455/1340/5065 5444/1337/5054 5456/1339/5066
f 5435/1617/5045 5456/1339/5066 5444/1337/5054
f 5456/1339/5066 5435/1617/5045 5457/1619/5067
f 5436/1618/5046 5457/1619/5067 5435/1617/5045
f 5457/1619/5067 5436/1618/5046 5458/1620/5068
f 5461/1621/5069 5460/1622/5070 5459/1624/5071
f 5460/1622/5070 5461/1621/5069 5462/1623/5072
f 5461/1621/5069 5463/1625/5073 5462/1623/5072
f 5463/1625/5073 5461/1621/5069 5464/1626/5074
f 5463/1625/5073 5465/1627/5075 5462/1623/5072
f 5465/1627/5075 5460/1622/5070 5462/1623/5072
f 5465/1627/5075 5463/1625/5073 5466/1628/5076
f 5466/1628/5076 5467/1629/5077 5465/1627/5075
f 5468/1630/5078 5465/1627/5075 5467/1629/5077
f 5465/1627/5075 5468/1630/5078 5469/1631/5079
f 5460/1622/5070 5465/1627/5075 5469/1631/5079
f 5467/1629/5077 5466/1628/5076 5470/1632/5080
f 5471/1633/5081 5470/1632/5080 5466/1628/5076
f 5463/1625/5073 5471/1633/5081 5466/1628/5076
f 5472/1634/5082 5468/1630/5078 5467/1629/5077
f 5470/1632/5080 5472/1634/5082 5467/1629/5077
f 5468/1630/5078 5472/1634/5082 5473/1635/5083
f 5474/1636/5084 5473/1635/5083 5472/1634/5082
f 5473/1635/5083 5474/1636/5084 5475/1637/5085
f 5474/1636/5084 5476/1638/5086 5475/1637/5085
f 5476/1638/5086 5477/1639/5087 5475/1637/5085
f 5477/1639/5087 5473/1635/5083 5475/1637/5085
f 5477/1639/5087 5476/1638/5086 5478/1640/5088
f 5476/1638/5086 5479/1641/5089 5478/1640/5088
f 5479/1641/5089 5476/1638/5086 5480/1642/5090
f 5476/1638/5086 5474/1636/5084 5481/1643/5091
f 5481/1643/5091 5480/1642/5090 5476/1638/5086
f 5472/1634/5082 5482/1644/5092 5474/1636/5084
f 5482/1644/5092 5472/1634/5082 5483/1645/5093
f 5472/1634/5082 5470/1632/5080 5483/1645/5093
f 5470/1632/5080 5471/1633/5081 5483/1645/5093
f 5484/1646/5094 5479/1641/5089 5480/1642/5090
f 5485/1647/5095 5484/1646/5094 5480/1642/5090
f 5480/1642/5090 5481/1643/5091 5485/1647/5095
f 5484/1646/5094 5485/1647/5095 5486/1648/5096
f 5479/1641/5089 5484/1646/5094 5487/1649/5097
f 5474/1636/5084 5488/1650/5098 5481/1643/5091
f 5488/1650/5098 5474/1636/5084 5482/1644/5092
f 5488/1650/5098 5485/1647/5095 5481/1643/5091
f 5489/1651/5099 5488/1650/5098 5482/1644/5092
f 5483/1645/5093 5489/1651/5099 5482/1644/5092
f 5488/1650/5098 5489/1651/5099 5490/1652/5100
f 5491/1653/5101 5488/1650/5098 5490/1652/5100
f 5488/1650/5098 5491/1653/5101 5485/1647/5095
f 5492/1654/5102 5478/1640/5088 5479/1641/5089
f 5479/1641/5089 5493/1655/5103 5492/1654/5102
f 5494/1656/5104 5492/1654/5102 5493/1655/5103
f 5492/1654/5102 5494/1656/5104 5495/1657/5105
f 5495/1657/5105 5496/1658/5106 5492/1654/5102
f 5496/1658/5106 5495/1657/5105 5497/1659/5107
f 5497/1659/5107 5498/1660/5108 5496/1658/5106
f 5498/1660/5108 5499/1661/5109 5496/1658/5106
f 5496/1658/5106 5499/1661/5109 5500/1662/5110
f 5500/1662/5110 5492/1654/5102 5496/1658/5106
f 5499/1661/5109 5498/1660/5108 5501/1663/5111
f 5502/1664/5112 5499/1661/5109 5501/1663/5111
f 5498/1660/5108 5497/1659/5107 5503/1665/5113
f 5504/1666/5114 5499/1661/5109 5502/1664/5112
f 5500/1662/5110 5499/1661/5109 5504/1666/5114
f 5505/1667/5115 5504/1666/5114 5502/1664/5112
f 5504/1666/5114 5505/1667/5115 5477/1639/5087
f 5505/1667/5115 5502/1664/5112 5469/1631/5079
f 5493/1655/5103 5506/1668/5116 5494/1656/5104
f 5507/1669/5117 5494/1656/5104 5506/1668/5116
f 5507/1669/5117 5506/1668/5116 5508/1670/5118
f 5506/1668/5116 5509/1671/5119 5508/1670/5118
f 5487/1649/5097 5509/1671/5119 5506/1668/5116
f 5508/1670/5118 5509/1671/5119 5510/1672/5120
f 5509/1671/5119 5511/1673/5121 5510/1672/5120
f 5487/1649/5097 5506/1668/5116 5479/1641/5089
f 5479/1641/5089 5506/1668/5116 5493/1655/5103
f 5512/1674/5122 5502/1664/5112 5501/1663/5111
f 5473/1635/5083 5477/1639/5087 5505/1667/5115
f 5504/1666/5114 5477/1639/5087 5478/1640/5088
f 5473/1635/5083 5505/1667/5115 5468/1630/5078
f 5468/1630/5078 5505/1667/5115 5469/1631/5079
f 5513/1675/5123 5512/1674/5122 5501/1663/5111
f 5501/1663/5111 5514/1677/5124 5513/1675/5123
f 5514/1677/5124 5501/1663/5111 5498/1660/5108
f 5498/1660/5108 5515/1678/5125 5514/1677/5124
f 5515/1678/5125 5498/1660/5108 5503/1665/5113
f 5512/1674/5122 5513/1675/5123 5516/1676/5126
f 5478/1640/5088 5492/1654/5102 5500/1662/5110
f 5500/1662/5110 5504/1666/5114 5478/1640/5088
f 5486/1648/5096 5518/1680/5127 5517/1679/5128
f 5486/1648/5096 5517/1679/5128 5519/1681/5129
f 5486/1648/5096 5519/1681/5129 5520/1682/5130
f 5485/1647/5095 5518/1680/5127 5486/1648/5096
f 5518/1680/5127 5485/1647/5095 5491/1653/5101
f 5523/1528/5131 5522/1524/5132 5521/1529/5133
f 5522/1524/5132 5523/1528/5131 5524/1526/5134
f 5522/1524/5132 5525/1527/5135 5521/1529/5133
f 5526/1523/5136 5522/1524/5132 5524/1526/5134
f 5522/1524/5132 5526/1523/5136 5527/1525/5137
f 5527/1525/5137 5525/1527/5135 5522/1524/5132
f 5528/1530/5138 5527/1525/5137 5526/1523/5136
f 5527/1525/5137 5528/1530/5138 5529/1531/5139
f 5527/1525/5137 5529/1531/5139 5525/1527/5135
f 5471/1633/5081 5489/1651/5099 5483/1645/5093
f 5245/1436/4855 5530/1683/5140 5254/1444/4864
f 5246/1437/4856 5530/1683/5140 5245/1436/4855
f 5252/1443/4862 5530/1683/5140 5246/1437/4856
f 5250/1441/4860 5531/1684/5141 5252/1443/4862
f 5168/1381/4779 5532/1705/5142 5156/1369/4767
f 5167/1380/4778 5157/1370/4768 5533/1688/5143
f 5154/1367/4765 5533/1688/5143 5157/1370/4768
f 5536/1689/5144 5535/1690/5145 5534/1692/5146
f 5535/1690/5145 5536/1689/5144 5537/1691/5147
f 5538/1693/5148 5535/1690/5145 5537/1691/5147
f 5541/1694/5149 5540/1695/5150 5539/1697/5151
f 5540/1695/5150 5541/1694/5149 5542/1696/5152
f 5541/1694/5149 5543/1698/5153 5542/1696/5152
f 5546/1693/5154 5545/1699/5155 5544/1690/5156
f 5547/1689/5157 5544/1690/5156 5545/1699/5155
f 5544/1690/5156 5547/1689/5157 5548/1692/5158
f 5551/1700/5159 5550/1701/5160 5549/1703/5161
f 5550/1701/5160 5551/1700/5159 5552/1702/5162
f 5551/1700/5159 5549/1703/5161 5553/1704/5163
f 5556/1362/5164 5555/1367/5165 5554/1358/5166
f 5555/1367/5165 5556/1362/5164 5557/1368/5167
f 5558/1370/5168 5554/1358/5166 5555/1367/5165
f 5554/1358/5166 5558/1370/5168 5559/1357/5169
f 5560/1369/5170 5559/1357/5169 5558/1370/5168
f 5559/1357/5169 5560/1369/5170 5561/1360/5171
f 5557/1368/5167 5556/1362/5164 5562/1374/5172
f 5562/1374/5172 5563/1375/5173 5557/1368/5167
f 5560/1369/5170 5564/1372/5174 5561/1360/5171
f 5565/1376/5175 5563/1375/5173 5562/1374/5172
f 5555/1367/5165 5557/1368/5167 5566/1379/5176
f 5567/1380/5177 5560/1369/5170 5558/1370/5168
f 5560/1369/5170 5567/1380/5177 5568/1381/5178
f 5565/1376/5175 5569/1382/5179 5563/1375/5173
f 5569/1382/5179 5557/1368/5167 5563/1375/5173
f 5570/1383/5180 5557/1368/5167 5569/1382/5179
f 5565/1376/5175 5570/1383/5180 5569/1382/5179
f 5557/1368/5167 5570/1383/5180 5571/1384/5181
f 5571/1384/5181 5566/1379/5176 5557/1368/5167
f 5568/1381/5178 5572/1705/5182 5560/1369/5170
f 5567/1380/5177 5558/1370/5168 5573/1688/5183
f 5555/1367/5165 5573/1688/5183 5558/1370/5168
f 5576/1402/5184 5575/1403/5185 5574/1405/5186
f 5575/1403/5185 5576/1402/5184 5577/1404/5187
f 5578/1706/5188 5574/1405/5186 5575/1403/5185
f 5574/1405/5186 5578/1706/5188 5579/1407/5189
f 5580/1408/5190 5574/1405/5186 5579/1407/5189
f 5574/1405/5186 5580/1408/5190 5581/1409/5191
f 5574/1405/5186 5581/1409/5191 5576/1402/5184
f 5582/1410/5192 5576/1402/5184 5581/1409/5191
f 5583/1411/5193 5578/1706/5188 5575/1403/5185
f 5578/1706/5188 5583/1411/5193 5584/1412/5194
f 5577/1404/5187 5585/1413/5195 5575/1403/5185
f 5575/1403/5185 5585/1413/5195 5583/1411/5193
f 5585/1413/5195 5577/1404/5187 5586/1414/5196
f 5577/1404/5187 5587/1415/5197 5586/1414/5196
f 5587/1415/5197 5577/1404/5187 5588/1416/5198
f 5576/1402/5184 5588/1416/5198 5577/1404/5187
f 5588/1416/5198 5576/1402/5184 5589/1417/5199
f 5582/1410/5192 5589/1417/5199 5576/1402/5184
f 5590/1418/5200 5589/1417/5199 5582/1410/5192
f 5591/1419/5201 5583/1411/5193 5585/1413/5195
f 5583/1411/5193 5591/1419/5201 5592/1420/5202
f 5591/1419/5201 5593/1421/5203 5592/1420/5202
f 5593/1421/5203 5591/1419/5201 5594/1422/5204
f 5595/1423/5205 5584/1412/5194 5583/1411/5193
f 5596/1424/5206 5595/1423/5205 5583/1411/5193
f 5597/1425/5207 5595/1423/5205 5596/1424/5206
f 5598/1426/5208 5597/1425/5207 5596/1424/5206
f 5601/1405/5209 5600/1706/5210 5599/1403/5211
f 5600/1706/5210 5601/1405/5209 5602/1407/5212
f 5601/1405/5209 5603/1408/5213 5602/1407/5212
f 5603/1408/5213 5601/1405/5209 5604/1409/5214
f 5599/1403/5211 5605/1417/5215 5601/1405/5209
f 5605/1417/5215 5604/1409/5214 5601/1405/5209
f 5605/1417/5215 5599/1403/5211 5606/1416/5216
f 5604/1409/5214 5605/1417/5215 5607/1410/5217
f 5605/1417/5215 5608/1418/5218 5607/1410/5217
f 5599/1403/5211 5609/1415/5219 5606/1416/5216
f 5609/1415/5219 5599/1403/5211 5610/1413/5220
f 5611/1412/5221 5599/1403/5211 5600/1706/5210
f 5599/1403/5211 5611/1412/5221 5612/1411/5222
f 5599/1403/5211 5612/1411/5222 5610/1413/5220
f 5613/1423/5223 5612/1411/5222 5611/1412/5221
f 5613/1423/5223 5614/1424/5224 5612/1411/5222
f 5613/1423/5223 5615/1425/5225 5614/1424/5224
f 5612/1411/5222 5616/1419/5226 5610/1413/5220
f 5616/1419/5226 5612/1411/5222 5617/1420/5227
f 5618/1421/5228 5616/1419/5226 5617/1420/5227
f 5616/1419/5226 5618/1421/5228 5619/1422/5229
f 5620/1426/5230 5614/1424/5224 5615/1425/5225
f 5623/1427/5231 5622/1428/5232 5621/1430/5233
f 5622/1428/5232 5623/1427/5231 5624/1429/5234
f 5623/1427/5231 5625/1431/5235 5624/1429/5234
f 5625/1431/5235 5623/1427/5231 5626/1432/5236
f 5627/1433/5237 5625/1431/5235 5626/1432/5236
f 5625/1431/5235 5627/1433/5237 5628/1434/5238
f 5629/1435/5239 5621/1430/5233 5622/1428/5232
f 5630/1436/5240 5621/1430/5233 5629/1435/5239
f 5631/1438/5241 5630/1436/5240 5629/1435/5239
f 5630/1436/5240 5631/1438/5241 5632/1437/5242
f 5633/1439/5243 5632/1437/5242 5631/1438/5241
f 5632/1437/5242 5633/1439/5243 5634/1440/5244
f 5634/1440/5244 5635/1441/5245 5632/1437/5242
f 5635/1441/5245 5634/1440/5244 5636/1442/5246
f 5635/1441/5245 5637/1443/5247 5632/1437/5242
f 5638/1470/5248 5626/1432/5236 5623/1427/5231
f 5621/1430/5233 5638/1470/5248 5623/1427/5231
f 5639/1444/5249 5621/1430/5233 5630/1436/5240
f 5640/1445/5250 5621/1430/5233 5639/1444/5249
f 5639/1444/5249 5641/1446/5251 5640/1445/5250
f 5639/1444/5249 5642/1447/5252 5641/1446/5251
f 5641/1446/5251 5643/1448/5253 5640/1445/5250
f 5641/1446/5251 5644/1449/5254 5643/1448/5253
f 5644/1449/5254 5641/1446/5251 5645/1450/5255
f 5645/1450/5255 5646/1451/5256 5644/1449/5254
f 5646/1451/5256 5645/1450/5255 5647/1452/5257
f 5640/1445/5250 5643/1448/5253 5648/1453/5258
f 5640/1445/5250 5648/1453/5258 5621/1430/5233
f 5638/1470/5248 5621/1430/5233 5648/1453/5258
f 5642/1447/5252 5649/1454/5259 5641/1446/5251
f 5642/1447/5252 5650/1455/5260 5649/1454/5259
f 5650/1455/5260 5642/1447/5252 5651/1456/5261
f 5650/1455/5260 5652/1457/5262 5649/1454/5259
f 5652/1457/5262 5650/1455/5260 5653/1458/5263
f 5653/1458/5263 5654/1459/5264 5652/1457/5262
f 5654/1459/5264 5653/1458/5263 5655/1460/5265
f 5649/1454/5259 5656/1461/5266 5641/1446/5251
f 5649/1454/5259 5657/1462/5267 5656/1461/5266
f 5650/1455/5260 5651/1456/5261 5658/1463/5268
f 5645/1450/5255 5659/1464/5269 5647/1452/5257
f 5659/1464/5269 5645/1450/5255 5660/1465/5270
f 5660/1465/5270 5641/1446/5251 5656/1461/5266
f 5641/1446/5251 5660/1465/5270 5645/1450/5255
f 5661/1466/5271 5649/1454/5259 5652/1457/5262
f 5649/1454/5259 5661/1466/5271 5657/1462/5267
f 5654/1459/5264 5661/1466/5271 5652/1457/5262
f 5661/1466/5271 5654/1459/5264 5662/1467/5272
f 5663/1468/5273 5654/1459/5264 5655/1460/5265
f 5654/1459/5264 5663/1468/5273 5662/1467/5272
f 5664/1469/5274 5647/1452/5257 5659/1464/5269
f 5664/1469/5274 5646/1451/5256 5647/1452/5257
f 5626/1432/5236 5638/1470/5248 5665/1471/5275
f 5666/1472/5276 5626/1432/5236 5665/1471/5275
f 5626/1432/5236 5666/1472/5276 5627/1433/5237
f 5667/1473/5277 5627/1433/5237 5666/1472/5276
f 5627/1433/5237 5667/1473/5277 5628/1434/5238
f 5670/1474/5278 5669/1475/5279 5668/1477/5280
f 5669/1475/5279 5670/1474/5278 5671/1476/5281
f 5668/1477/5280 5672/1478/5282 5670/1474/5278
f 5672/1478/5282 5668/1477/5280 5673/1479/5283
f 5673/1479/5283 5674/1480/5284 5672/1478/5282
f 5675/1481/5285 5668/1477/5280 5669/1475/5279
f 5668/1477/5280 5675/1481/5285 5676/1482/5286
f 5676/1482/5286 5673/1479/5283 5668/1477/5280
f 5673/1479/5283 5676/1482/5286 5677/1483/5287
f 5677/1483/5287 5674/1480/5284 5673/1479/5283
f 5675/1481/5285 5678/1484/5288 5676/1482/5286
f 5678/1484/5288 5675/1481/5285 5679/1485/5289
f 5680/1486/5290 5676/1482/5286 5678/1484/5288
f 5676/1482/5286 5680/1486/5290 5677/1483/5287
f 5677/1483/5287 5680/1486/5290 5674/1480/5284
f 5683/1489/5291 5682/1488/5292 5681/1487/5293
f 5683/1489/5291 5681/1487/5293 5684/1490/5294
f 5634/1440/5244 5684/1490/5294 5681/1487/5293
f 5682/1488/5292 5634/1440/5244 5681/1487/5293
f 5684/1490/5294 5634/1440/5244 5633/1439/5243
f 5634/1440/5244 5682/1488/5292 5636/1442/5246
f 5687/1491/5295 5686/1492/5296 5685/1494/5297
f 5686/1492/5296 5687/1491/5295 5688/1493/5298
f 5687/1491/5295 5689/1495/5299 5688/1493/5298
f 5689/1495/5299 5687/1491/5295 5690/1496/5300
f 5686/1492/5296 5691/1497/5301 5685/1494/5297
f 5691/1497/5301 5686/1492/5296 5692/1498/5302
f 5691/1497/5301 5692/1498/5302 5693/1499/5303
f 5693/1499/5303 5694/1500/5304 5691/1497/5301
f 5693/1499/5303 5695/1501/5305 5694/1500/5304
f 5696/1502/5306 5695/1501/5305 5693/1499/5303
f 5693/1499/5303 5697/1503/5307 5696/1502/5306
f 5693/1499/5303 5698/1504/5308 5697/1503/5307
f 5698/1504/5308 5699/1505/5309 5697/1503/5307
f 5699/1505/5309 5698/1504/5308 5700/1506/5310
f 5700/1506/5310 5701/1507/5311 5699/1505/5309
f 5701/1507/5311 5700/1506/5310 5702/1508/5312
f 5693/1499/5303 5703/1509/5313 5698/1504/5308
f 5693/1499/5303 5704/1510/5314 5703/1509/5313
f 5693/1499/5303 5692/1498/5302 5704/1510/5314
f 5704/1510/5314 5705/1511/5315 5703/1509/5313
f 5705/1511/5315 5704/1510/5314 5706/1512/5316
f 5706/1512/5316 5707/1513/5317 5705/1511/5315
f 5707/1513/5317 5706/1512/5316 5708/1514/5318
f 5709/1515/5319 5694/1500/5304 5695/1501/5305
f 5710/1516/5320 5695/1501/5305 5696/1502/5306
f 5711/1517/5321 5695/1501/5305 5710/1516/5320
f 5713/1519/5322 5711/1517/5321 5712/1520/5323
f 5711/1517/5321 5713/1519/5322 5714/1518/5324
f 5695/1501/5305 5711/1517/5321 5714/1518/5324
f 5713/1519/5322 5715/1521/5325 5714/1518/5324
f 5715/1521/5325 5695/1501/5305 5714/1518/5324
f 5695/1501/5305 5715/1521/5325 5709/1515/5319
f 5715/1521/5325 5713/1519/5322 5716/1522/5326
f 5719/1523/5327 5718/1524/5328 5717/1526/5329
f 5718/1524/5328 5719/1523/5327 5720/1525/5330
f 5721/1527/5331 5718/1524/5328 5720/1525/5330
f 5718/1524/5328 5722/1528/5332 5717/1526/5329
f 5722/1528/5332 5718/1524/5328 5723/1529/5333
f 5723/1529/5333 5718/1524/5328 5721/1527/5331
f 5724/1530/5334 5720/1525/5330 5719/1523/5327
f 5720/1525/5330 5724/1530/5334 5725/1531/5335
f 5725/1531/5335 5721/1527/5331 5720/1525/5330
f 5728/1526/5336 5727/1532/5337 5726/1524/5338
f 5727/1532/5337 5728/1526/5336 5729/1533/5339
f 5727/1532/5337 5730/1527/5340 5726/1524/5338
f 5729/1533/5339 5731/1525/5341 5727/1532/5337
f 5727/1532/5337 5731/1525/5341 5730/1527/5340
f 5731/1525/5341 5729/1533/5339 5732/1523/5342
f 5732/1523/5342 5733/1531/5343 5731/1525/5341
f 5733/1531/5343 5730/1527/5340 5731/1525/5341
f 5733/1531/5343 5732/1523/5342 5734/1530/5344
f 5735/1529/5345 5728/1526/5336 5726/1524/5338
f 5726/1524/5338 5730/1527/5340 5735/1529/5345
f 5728/1526/5336 5735/1529/5345 5736/1528/5346
f 5739/1528/5347 5738/1524/5348 5737/1529/5349
f 5738/1524/5348 5739/1528/5347 5740/1526/5350
f 5738/1524/5348 5741/1527/5351 5737/1529/5349
f 5742/1523/5352 5738/1524/5348 5740/1526/5350
f 5738/1524/5348 5742/1523/5352 5743/1525/5353
f 5743/1525/5353 5741/1527/5351 5738/1524/5348
f 5744/1530/5354 5743/1525/5353 5742/1523/5352
f 5743/1525/5353 5744/1530/5354 5745/1531/5355
f 5743/1525/5353 5745/1531/5355 5741/1527/5351
f 5630/1436/5240 5746/1683/5356 5639/1444/5249
f 5632/1437/5242 5746/1683/5356 5630/1436/5240
f 5637/1443/5247 5746/1683/5356 5632/1437/5242
f 5635/1441/5245 5747/1684/5357 5637/1443/5247
f 5750/1707/5358 5749/1708/5359 5748/1710/5360
f 5749/1708/5359 5750/1707/5358 5751/1709/5361
f 5752/1711/5362 5749/1708/5359 5751/1709/5361
f 5755/1709/5363 5754/1710/5364 5753/1707/5365
f 5754/1710/5364 5755/1709/5363 5756/1708/5366
f 5755/1709/5363 5757/1711/5367 5756/1708/5366
f 5760/1711/5368 5759/1709/5369 5758/1708/5370
f 5761/1707/5371 5758/1708/5370 5759/1709/5369
f 5758/1708/5370 5761/1707/5371 5762/1710/5372
f 5765/1709/5373 5764/1710/5374 5763/1708/5375
f 5764/1710/5374 5765/1709/5373 5766/1707/5376
f 5765/1709/5373 5763/1708/5375 5767/1711/5377
f 5460/1622/5070 5469/1631/5079 5502/1664/5112
f 5768/1712/5378 3886/1122/3502 3888/1124/3504
f 3886/1122/3502 5768/1712/5378 3894/1130/3510
f 5769/1713/5379 3894/1130/3510 5768/1712/5378
f 3894/1130/3510 5769/1713/5379 3896/1132/3512
f 5770/1712/5380 4150/1122/3766 4158/1130/3774
f 4150/1122/3766 5770/1712/5380 4149/1124/3767
f 4158/1130/3774 5771/1713/5381 5770/1712/5380
f 5771/1713/5381 4158/1130/3774 4160/1132/3776
f 5774/510/5382 5773/509/1167 5772/511/5382
f 5772/511/5382 5775/512/5383 5774/510/5382
f 5775/512/5383 5772/511/5382 5776/513/5383
f 5776/513/5383 5777/514/2232 5775/512/5383
f 5777/514/2232 5776/513/5383 5778/515/2232
f 5779/516/5384 5777/514/2232 5778/515/2232
f 5777/514/2232 5779/516/5384 5780/517/5384
f 5781/518/5385 5780/517/5384 5779/516/5384
f 5780/517/5384 5781/518/5385 5782/519/5386
f 5783/520/5387 5782/519/5386 5781/518/5385
f 5782/519/5386 5783/520/5387 5784/521/5388
f 5784/521/5388 5783/520/5387 5785/522/5389
f 5788/515/5390 5787/516/5391 5786/523/5390
f 5788/515/5390 5786/523/5390 5789/524/5392
f 5792/392/5393 5791/393/5394 5790/391/5395
f 5793/394/5396 5790/391/5395 5791/393/5394
f 5790/391/5395 5793/394/5396 5794/395/5397
f 5793/394/5396 5795/396/5398 5794/395/5397
f 5795/396/5398 5793/394/5396 5796/397/5399
f 5796/397/5399 5797/398/5400 5795/396/5398
f 5797/398/5400 5796/397/5399 5798/399/5401
f 5798/399/5401 5799/400/5402 5797/398/5400
f 5799/400/5402 5798/399/5401 5800/401/5403
f 5800/401/5403 5801/402/5404 5799/400/5402
f 5801/402/5404 5800/401/5403 5802/403/5405
f 5803/404/5406 5801/402/5404 5802/403/5405
f 5801/402/5404 5803/404/5406 5804/405/5407
f 5804/405/5407 5803/404/5406 5805/406/5408
f 5808/437/5409 5807/436/5410 5806/439/5411
f 5807/436/5410 5808/437/5409 5809/438/5412
f 5810/440/5413 5809/438/5412 5808/437/5409
f 5809/438/5412 5810/440/5413 5811/441/5414
f 5812/442/5415 5811/441/5414 5810/440/5413
f 5811/441/5414 5812/442/5415 5813/443/5416
f 5807/436/5410 5814/444/5417 5806/439/5411
f 5812/442/5415 5815/445/5418 5813/443/5416
f 5815/445/5418 5812/442/5415 5816/446/5419
f 5816/446/5419 5817/447/5420 5815/445/5418
f 5817/447/5420 5816/446/5419 5818/448/5421
f 5818/448/5421 5819/449/5422 5817/447/5420
f 5819/449/5422 5818/448/5421 5820/450/5423
f 5820/450/5423 5821/451/5424 5819/449/5422
f 5824/376/5425 5823/377/5426 5822/375/5427
f 5825/378/5428 5824/376/5425 5822/375/5427
f 5824/376/5425 5825/378/5428 5826/379/5429
f 5825/378/5428 5827/380/5430 5826/379/5429
f 5827/380/5430 5825/378/5428 5828/381/5431
f 5828/381/5431 5829/382/5432 5827/380/5430
f 5829/382/5432 5828/381/5431 5830/383/5433
f 5831/384/5434 5829/382/5432 5830/383/5433
f 5829/382/5432 5831/384/5434 5832/385/5435
f 5833/386/5436 5832/385/5435 5831/384/5434
f 5832/385/5435 5833/386/5436 5834/387/5437
f 5835/388/5438 5834/387/5437 5833/386/5436
f 5834/387/5437 5835/388/5438 5836/389/5439
f 5835/388/5438 5837/390/5440 5836/389/5439
f 5840/408/5441 5839/409/674 5838/407/5442
f 5841/410/5443 5840/408/5441 5838/407/5442
f 5840/408/5441 5841/410/5443 5842/411/5444
f 5841/410/5443 5843/412/5445 5842/411/5444
f 5843/412/5445 5841/410/5443 5844/413/5446
f 5844/413/5446 5845/414/5447 5843/412/5445
f 5845/414/5447 5844/413/5446 5846/415/5448
f 5847/416/5449 5845/414/5447 5846/415/5448
f 5845/414/5447 5847/416/5449 5848/417/5450
f 5849/418/5451 5848/417/5450 5847/416/5449
f 5848/417/5450 5849/418/5451 5850/419/5452
f 5849/418/5451 5851/420/5453 5850/419/5452
f 5851/420/5453 5849/418/5451 5852/421/5454
f 5852/421/5454 5853/422/5455 5851/420/5453
f 5856/377/5456 5855/376/5457 5854/375/5458
f 5855/376/5457 5857/378/5459 5854/375/5458
f 5857/378/5459 5855/376/5457 5858/379/5460
f 5859/380/5461 5857/378/5459 5858/379/5460
f 5857/378/5459 5859/380/5461 5860/381/5462
f 5861/382/5463 5860/381/5462 5859/380/5461
f 5860/381/5462 5861/382/5463 5862/383/5464
f 5861/382/5463 5863/384/5465 5862/383/5464
f 5863/384/5465 5861/382/5463 5864/385/5466
f 5864/385/5466 5865/386/5467 5863/384/5465
f 5865/386/5467 5864/385/5466 5866/387/5468
f 5866/387/5468 5867/388/5469 5865/386/5467
f 5867/388/5469 5866/387/5468 5868/389/5470
f 5869/390/5471 5867/388/5469 5868/389/5470
f 5872/409/1167 5871/408/5472 5870/407/5473
f 5871/408/5472 5873/410/5474 5870/407/5473
f 5873/410/5474 5871/408/5472 5874/411/5475
f 5875/412/5476 5873/410/5474 5874/411/5475
f 5873/410/5474 5875/412/5476 5876/413/5477
f 5877/414/5478 5876/413/5477 5875/412/5476
f 5876/413/5477 5877/414/5478 5878/415/5479
f 5877/414/5478 5879/416/5480 5878/415/5479
f 5879/416/5480 5877/414/5478 5880/417/5481
f 5880/417/5481 5881/418/5482 5879/416/5480
f 5881/418/5482 5880/417/5481 5882/419/5483
f 5883/420/5484 5881/418/5482 5882/419/5483
f 5881/418/5482 5883/420/5484 5884/421/5485
f 5885/422/5486 5884/421/5485 5883/420/5484
f 5888/574/5487 5887/573/5488 5886/575/5489
f 5887/573/5488 5888/574/5487 5889/576/5490
f 5886/575/5489 5890/577/5491 5888/574/5487
f 5890/577/5491 5886/575/5489 5891/578/5492
f 5891/578/5492 5892/579/5493 5890/577/5491
f 5892/579/5493 5891/578/5492 5893/580/5494
f 5893/580/5494 5894/581/5495 5892/579/5493
f 5897/574/5496 5896/573/5497 5895/576/5498
f 5896/573/5497 5897/574/5496 5898/575/5499
f 5899/577/5500 5898/575/5499 5897/574/5496
f 5898/575/5499 5899/577/5500 5900/578/5501
f 5901/579/5502 5900/578/5501 5899/577/5500
f 5900/578/5501 5901/579/5502 5902/580/5503
f 5902/580/5503 5901/579/5502 5903/581/5504
f 5906/583/5505 5905/582/5506 5904/585/5507
f 5905/582/5506 5906/583/5505 5907/584/5508
f 5908/586/5509 5905/582/5506 5907/584/5508
f 5905/582/5506 5908/586/5509 5909/587/5510
f 5908/586/5509 5910/588/5511 5909/587/5510
f 5910/588/5511 5908/586/5509 5911/589/5512
f 5911/589/5512 5912/590/5513 5910/588/5511
f 5912/590/5513 5911/589/5512 5913/591/5514
f 5914/592/5515 5912/590/5513 5913/591/5514
f 5912/590/5513 5914/592/5515 5915/593/5516
f 5916/594/5517 5915/593/5516 5914/592/5515
f 5915/593/5516 5916/594/5517 5917/595/5518
f 5918/596/5519 5917/595/5518 5916/594/5517
f 5917/595/5518 5918/596/5519 5919/597/5520
f 5918/596/5519 5920/598/5521 5919/597/5520
f 5920/598/5521 5918/596/5519 5921/599/5522
f 5922/600/5523 5920/598/5521 5921/599/5522
f 5920/598/5521 5922/600/5523 5923/601/5524
f 5923/601/5524 5922/600/5523 5924/602/5525
f 5924/602/5525 5925/603/5526 5923/601/5524
f 5922/600/5523 5926/604/5527 5924/602/5525
f 5929/582/5528 5928/583/5529 5927/585/5530
f 5928/583/5529 5929/582/5528 5930/584/5531
f 5929/582/5528 5931/586/5532 5930/584/5531
f 5931/586/5532 5929/582/5528 5932/587/5533
f 5933/588/5534 5931/586/5532 5932/587/5533
f 5931/586/5532 5933/588/5534 5934/589/5535
f 5935/590/5536 5934/589/5535 5933/588/5534
f 5934/589/5535 5935/590/5536 5936/591/5537
f 5935/590/5536 5937/592/5538 5936/591/5537
f 5937/592/5538 5935/590/5536 5938/593/5539
f 5938/593/5539 5939/594/5540 5937/592/5538
f 5939/594/5540 5938/593/5539 5940/595/5541
f 5940/595/5541 5941/596/5542 5939/594/5540
f 5941/596/5542 5940/595/5541 5942/597/5543
f 5943/598/5544 5941/596/5542 5942/597/5543
f 5941/596/5542 5943/598/5544 5944/599/5545
f 5943/598/5544 5945/600/5546 5944/599/5545
f 5945/600/5546 5943/598/5544 5946/601/5547
f 5945/600/5546 5946/601/5547 5947/602/5548
f 5948/603/5549 5947/602/5548 5946/601/5547
f 5949/604/5550 5945/600/5546 5947/602/5548
f 5952/437/5551 5951/436/5552 5950/438/5553
f 5951/436/5552 5952/437/5551 5953/439/5554
f 5950/438/5553 5954/440/5555 5952/437/5551
f 5954/440/5555 5950/438/5553 5955/441/5556
f 5955/441/5556 5956/442/5557 5954/440/5555
f 5956/442/5557 5955/441/5556 5957/443/5558
f 5951/436/5552 5953/439/5554 5958/444/5559
f 5959/445/5560 5956/442/5557 5957/443/5558
f 5956/442/5557 5959/445/5560 5960/446/5561
f 5961/447/5562 5960/446/5561 5959/445/5560
f 5960/446/5561 5961/447/5562 5962/448/5563
f 5963/449/5564 5962/448/5563 5961/447/5562
f 5962/448/5563 5963/449/5564 5964/450/5565
f 5964/450/5565 5963/449/5564 5965/451/5566
f 5968/392/5567 5967/391/5568 5966/393/5569
f 5967/391/5568 5969/394/5570 5966/393/5569
f 5969/394/5570 5967/391/5568 5970/395/5571
f 5971/396/5572 5969/394/5570 5970/395/5571
f 5969/394/5570 5971/396/5572 5972/397/5573
f 5973/398/5574 5972/397/5573 5971/396/5572
f 5972/397/5573 5973/398/5574 5974/399/5575
f 5975/400/5576 5974/399/5575 5973/398/5574
f 5974/399/5575 5975/400/5576 5976/401/5577
f 5977/402/5578 5976/401/5577 5975/400/5576
f 5976/401/5577 5977/402/5578 5978/403/5579
f 5977/402/5578 5979/404/5580 5978/403/5579
f 5979/404/5580 5977/402/5578 5980/405/5581
f 5980/405/5581 5981/406/5582 5979/404/5580
