# Blender 5.0.0
# www.blender.org
mtllib BlunderBuss_Gun_finished.mtl
o Cube.002
v 0.051044 -0.016708 -0.097670
v 0.015669 -0.054400 -0.092870
v 0.050564 -0.022212 -0.096881
v 0.049392 -0.027582 -0.096123
v 0.047551 -0.032710 -0.095414
v 0.045081 -0.037490 -0.094767
v 0.042030 -0.041825 -0.094196
v 0.038461 -0.045628 -0.093712
v 0.034446 -0.048821 -0.093325
v 0.030068 -0.051338 -0.093042
v 0.025416 -0.053128 -0.092870
v 0.020583 -0.054156 -0.092813
v 0.016635 0.034686 -0.035801
v 0.051349 -0.003714 -0.099549
v 0.021661 0.032842 -0.045397
v 0.026571 0.030477 -0.054717
v 0.031265 0.027641 -0.063572
v 0.035649 0.024390 -0.071780
v 0.039632 0.020790 -0.079175
v 0.043135 0.016916 -0.085606
v 0.046084 0.012846 -0.090943
v 0.048422 0.008662 -0.095077
v 0.050098 0.004451 -0.097923
v 0.051081 0.000297 -0.099424
v 0.050926 0.000999 -0.067060
v 0.014950 0.053459 0.093586
v 0.050360 0.008325 -0.044091
v 0.049104 0.015524 -0.021607
v 0.047184 0.022448 -0.000064
v 0.044638 0.028957 0.020099
v 0.041519 0.034918 0.038471
v 0.037889 0.040211 0.054679
v 0.033823 0.044727 0.068391
v 0.029404 0.048374 0.079330
v 0.024721 0.051079 0.087273
v 0.019870 0.052785 0.092057
v -0.013983 0.035627 -0.036517
v -0.048200 -0.000656 -0.101875
v -0.018768 0.034084 -0.046342
v -0.023468 0.032015 -0.055887
v -0.027988 0.029461 -0.064956
v -0.032236 0.026475 -0.073366
v -0.036126 0.023118 -0.080945
v -0.039578 0.019457 -0.087539
v -0.042522 0.015568 -0.093014
v -0.044898 0.011529 -0.097257
v -0.046658 0.007423 -0.100184
v -0.047766 0.003334 -0.101734
v -0.014950 -0.053459 -0.093586
v -0.048505 -0.013650 -0.099996
v -0.019846 -0.052914 -0.093757
v -0.024623 -0.051591 -0.094040
v -0.029185 -0.049517 -0.094427
v -0.033439 -0.046735 -0.094911
v -0.037298 -0.043301 -0.095482
v -0.040683 -0.039285 -0.096129
v -0.043526 -0.034768 -0.096838
v -0.045768 -0.029843 -0.097595
v -0.047365 -0.024610 -0.098384
v -0.048284 -0.019175 -0.099190
v -0.048623 0.004058 -0.069386
v -0.015669 0.054400 0.092870
v -0.048487 0.011362 -0.046401
v -0.047652 0.018496 -0.023867
v -0.046136 0.025315 -0.002244
v -0.043969 0.031679 0.018029
v -0.041194 0.037459 0.036539
v -0.037870 0.042538 0.052908
v -0.034062 0.046812 0.066805
v -0.029850 0.050195 0.077946
v -0.025317 0.052616 0.086103
v -0.020558 0.054027 0.091112
v 0.001051 -0.024483 -0.097487
v 0.051044 -0.016708 -0.156308
v 0.015669 -0.054400 -0.151508
v 0.050564 -0.022212 -0.155519
v 0.049392 -0.027582 -0.154762
v 0.047551 -0.032710 -0.154053
v 0.045081 -0.037490 -0.153406
v 0.042030 -0.041825 -0.152834
v 0.038461 -0.045628 -0.152350
v 0.034446 -0.048821 -0.151963
v 0.030068 -0.051338 -0.151680
v 0.025416 -0.053128 -0.151509
v 0.020583 -0.054156 -0.151451
v 0.016635 0.034686 -0.094440
v 0.051349 -0.003714 -0.158188
v 0.021661 0.032842 -0.104036
v 0.026571 0.030477 -0.113356
v 0.031265 0.027641 -0.122210
v 0.035649 0.024390 -0.130418
v 0.039632 0.020790 -0.137813
v 0.043135 0.016916 -0.144245
v 0.046084 0.012846 -0.149582
v 0.048422 0.008662 -0.153715
v 0.050098 0.004451 -0.156562
v 0.051081 0.000297 -0.158063
v 0.050926 0.000999 -0.125698
v 0.014950 0.053459 0.034947
v 0.050360 0.008325 -0.102729
v 0.049104 0.015524 -0.080245
v 0.047184 0.022448 -0.058702
v 0.044638 0.028957 -0.038539
v 0.041519 0.034918 -0.020167
v 0.037889 0.040211 -0.003960
v 0.033823 0.044727 0.009753
v 0.029404 0.048374 0.020692
v 0.024721 0.051079 0.028634
v 0.019870 0.052785 0.033419
v -0.013983 0.035627 -0.095155
v -0.048200 -0.000656 -0.160514
v -0.018768 0.034084 -0.104980
v -0.023468 0.032015 -0.114525
v -0.027988 0.029461 -0.123594
v -0.032236 0.026475 -0.132004
v -0.036126 0.023118 -0.139583
v -0.039578 0.019457 -0.146177
v -0.042522 0.015568 -0.151652
v -0.044898 0.011529 -0.155896
v -0.046658 0.007423 -0.158822
v -0.047766 0.003334 -0.160372
v -0.014950 -0.053459 -0.152224
v -0.048505 -0.013650 -0.158634
v -0.019846 -0.052914 -0.152396
v -0.024623 -0.051591 -0.152678
v -0.029185 -0.049517 -0.153065
v -0.033439 -0.046735 -0.153549
v -0.037298 -0.043301 -0.154120
v -0.040683 -0.039285 -0.154767
v -0.043526 -0.034768 -0.155476
v -0.045768 -0.029843 -0.156233
v -0.047365 -0.024610 -0.157023
v -0.048284 -0.019175 -0.157828
v -0.048623 0.004058 -0.128024
v -0.015669 0.054400 0.034232
v -0.048487 0.011362 -0.105039
v -0.047652 0.018496 -0.082506
v -0.046136 0.025315 -0.060882
v -0.043969 0.031679 -0.040609
v -0.041194 0.037459 -0.022100
v -0.037870 0.042538 -0.005730
v -0.034062 0.046812 0.008167
v -0.029850 0.050195 0.019307
v -0.025317 0.052616 0.027465
v -0.020558 0.054027 0.032474
v 0.001051 -0.024483 -0.156125
v 0.051044 -0.016708 -0.214947
v 0.015669 -0.054400 -0.210147
v 0.050564 -0.022212 -0.214157
v 0.049392 -0.027582 -0.213400
v 0.047551 -0.032710 -0.212691
v 0.045081 -0.037490 -0.212044
v 0.042030 -0.041825 -0.211473
v 0.038461 -0.045628 -0.210988
v 0.034446 -0.048821 -0.210601
v 0.030068 -0.051338 -0.210319
v 0.025416 -0.053128 -0.210147
v 0.020583 -0.054156 -0.210089
v 0.016635 0.034686 -0.153078
v 0.051349 -0.003714 -0.216826
v 0.021661 0.032842 -0.162674
v 0.026571 0.030477 -0.171994
v 0.031265 0.027641 -0.180848
v 0.035649 0.024390 -0.189056
v 0.039632 0.020790 -0.196451
v 0.043135 0.016916 -0.202883
v 0.046084 0.012846 -0.208220
v 0.048422 0.008662 -0.212353
v 0.050098 0.004451 -0.215200
v 0.051081 0.000297 -0.216701
v 0.050926 0.000999 -0.184336
v 0.014950 0.053459 -0.023691
v 0.050360 0.008325 -0.161368
v 0.049104 0.015524 -0.138883
v 0.047184 0.022448 -0.117340
v 0.044638 0.028957 -0.097177
v 0.041519 0.034918 -0.078805
v 0.037889 0.040211 -0.062598
v 0.033823 0.044727 -0.048885
v 0.029404 0.048374 -0.037946
v 0.024721 0.051079 -0.030004
v 0.019870 0.052785 -0.025220
v -0.013983 0.035627 -0.153793
v -0.048200 -0.000656 -0.219152
v -0.018768 0.034084 -0.163619
v -0.023468 0.032015 -0.173163
v -0.027988 0.029461 -0.182233
v -0.032236 0.026475 -0.190643
v -0.036126 0.023118 -0.198222
v -0.039578 0.019457 -0.204816
v -0.042522 0.015568 -0.210290
v -0.044898 0.011529 -0.214534
v -0.046658 0.007423 -0.217461
v -0.047766 0.003334 -0.219010
v -0.014950 -0.053459 -0.210862
v -0.048505 -0.013650 -0.217273
v -0.019846 -0.052914 -0.211034
v -0.024623 -0.051591 -0.211316
v -0.029185 -0.049517 -0.211703
v -0.033439 -0.046735 -0.212187
v -0.037298 -0.043301 -0.212759
v -0.040683 -0.039285 -0.213405
v -0.043526 -0.034768 -0.214114
v -0.045768 -0.029843 -0.214871
v -0.047365 -0.024610 -0.215661
v -0.048284 -0.019175 -0.216467
v -0.048623 0.004058 -0.186662
v -0.015669 0.054400 -0.024406
v -0.048487 0.011362 -0.163677
v -0.047652 0.018496 -0.141144
v -0.046136 0.025315 -0.119521
v -0.043969 0.031679 -0.099248
v -0.041194 0.037459 -0.080738
v -0.037870 0.042538 -0.064368
v -0.034062 0.046812 -0.050472
v -0.029850 0.050195 -0.039331
v -0.025317 0.052616 -0.031173
v -0.020558 0.054027 -0.026164
v 0.001051 -0.024483 -0.214764
v 0.051044 -0.016708 -0.273585
v 0.015669 -0.054400 -0.268785
v 0.050564 -0.022212 -0.272795
v 0.049392 -0.027582 -0.272038
v 0.047551 -0.032710 -0.271329
v 0.045081 -0.037490 -0.270682
v 0.042030 -0.041825 -0.270111
v 0.038461 -0.045628 -0.269627
v 0.034446 -0.048821 -0.269239
v 0.030068 -0.051338 -0.268957
v 0.025416 -0.053128 -0.268785
v 0.020583 -0.054156 -0.268727
v 0.016635 0.034686 -0.211716
v 0.051349 -0.003714 -0.275464
v 0.021661 0.032842 -0.221312
v 0.026571 0.030477 -0.230632
v 0.031265 0.027641 -0.239486
v 0.035649 0.024390 -0.247695
v 0.039632 0.020790 -0.255090
v 0.043135 0.016916 -0.261521
v 0.046084 0.012846 -0.266858
v 0.048422 0.008662 -0.270992
v 0.050098 0.004451 -0.273838
v 0.051081 0.000297 -0.275339
v 0.050926 0.000999 -0.242975
v 0.014950 0.053459 -0.082329
v 0.050360 0.008325 -0.220006
v 0.049104 0.015524 -0.197521
v 0.047184 0.022448 -0.175978
v 0.044638 0.028957 -0.155816
v 0.041519 0.034918 -0.137444
v 0.037889 0.040211 -0.121236
v 0.033823 0.044727 -0.107524
v 0.029404 0.048374 -0.096585
v 0.024721 0.051079 -0.088642
v 0.019870 0.052785 -0.083858
v -0.013983 0.035627 -0.212432
v -0.048200 -0.000656 -0.277790
v -0.018768 0.034084 -0.222257
v -0.023468 0.032015 -0.231801
v -0.027988 0.029461 -0.240871
v -0.032236 0.026475 -0.249281
v -0.036126 0.023118 -0.256860
v -0.039578 0.019457 -0.263454
v -0.042522 0.015568 -0.268928
v -0.044898 0.011529 -0.273172
v -0.046658 0.007423 -0.276099
v -0.047766 0.003334 -0.277649
v -0.014950 -0.053459 -0.269500
v -0.048505 -0.013650 -0.275911
v -0.019846 -0.052914 -0.269672
v -0.024623 -0.051591 -0.269954
v -0.029185 -0.049517 -0.270341
v -0.033439 -0.046735 -0.270826
v -0.037298 -0.043301 -0.271397
v -0.040683 -0.039285 -0.272044
v -0.043526 -0.034768 -0.272753
v -0.045768 -0.029843 -0.273510
v -0.047365 -0.024610 -0.274299
v -0.048284 -0.019175 -0.275105
v -0.048623 0.004058 -0.245301
v -0.015669 0.054400 -0.083045
v -0.048487 0.011362 -0.222316
v -0.047652 0.018496 -0.199782
v -0.046136 0.025315 -0.178159
v -0.043969 0.031679 -0.157886
v -0.041194 0.037459 -0.139376
v -0.037870 0.042538 -0.123006
v -0.034062 0.046812 -0.109110
v -0.029850 0.050195 -0.097969
v -0.025317 0.052616 -0.089811
v -0.020558 0.054027 -0.084803
v 0.001051 -0.024483 -0.273402
v 0.051044 -0.016708 -0.332223
v 0.015669 -0.054400 -0.327423
v 0.050564 -0.022212 -0.331434
v 0.049392 -0.027582 -0.330677
v 0.047551 -0.032710 -0.329967
v 0.045081 -0.037490 -0.329321
v 0.042030 -0.041825 -0.328749
v 0.038461 -0.045628 -0.328265
v 0.034446 -0.048821 -0.327878
v 0.030068 -0.051338 -0.327595
v 0.025416 -0.053128 -0.327423
v 0.020583 -0.054156 -0.327366
v 0.016635 0.034686 -0.270355
v 0.051349 -0.003714 -0.334103
v 0.021661 0.032842 -0.279951
v 0.026571 0.030477 -0.289270
v 0.031265 0.027641 -0.298125
v 0.035649 0.024390 -0.306333
v 0.039632 0.020790 -0.313728
v 0.043135 0.016916 -0.320159
v 0.046084 0.012846 -0.325496
v 0.048422 0.008662 -0.329630
v 0.050098 0.004451 -0.332476
v 0.051081 0.000297 -0.333977
v 0.050926 0.000999 -0.301613
v 0.014950 0.053459 -0.140968
v 0.050360 0.008325 -0.278644
v 0.049104 0.015524 -0.256160
v 0.047184 0.022448 -0.234617
v 0.044638 0.028957 -0.214454
v 0.041519 0.034918 -0.196082
v 0.037889 0.040211 -0.179875
v 0.033823 0.044727 -0.166162
v 0.029404 0.048374 -0.155223
v 0.024721 0.051079 -0.147281
v 0.019870 0.052785 -0.142496
v -0.013983 0.035627 -0.271070
v -0.048200 -0.000656 -0.336429
v -0.018768 0.034084 -0.280895
v -0.023468 0.032015 -0.290440
v -0.027988 0.029461 -0.299509
v -0.032236 0.026475 -0.307919
v -0.036126 0.023118 -0.315498
v -0.039578 0.019457 -0.322092
v -0.042522 0.015568 -0.327567
v -0.044898 0.011529 -0.331811
v -0.046658 0.007423 -0.334737
v -0.047766 0.003334 -0.336287
v -0.014950 -0.053459 -0.328139
v -0.048505 -0.013650 -0.334549
v -0.019846 -0.052914 -0.328310
v -0.024623 -0.051591 -0.328593
v -0.029185 -0.049517 -0.328980
v -0.033439 -0.046735 -0.329464
v -0.037298 -0.043301 -0.330035
v -0.040683 -0.039285 -0.330682
v -0.043526 -0.034768 -0.331391
v -0.045768 -0.029843 -0.332148
v -0.047365 -0.024610 -0.332937
v -0.048284 -0.019175 -0.333743
v -0.048623 0.004058 -0.303939
v -0.015669 0.054400 -0.141683
v -0.048487 0.011362 -0.280954
v -0.047652 0.018496 -0.258420
v -0.046136 0.025315 -0.236797
v -0.043969 0.031679 -0.216524
v -0.041194 0.037459 -0.198015
v -0.037870 0.042538 -0.181645
v -0.034062 0.046812 -0.167748
v -0.029850 0.050195 -0.156608
v -0.025317 0.052616 -0.148450
v -0.020558 0.054027 -0.143441
v 0.001051 -0.024483 -0.332040
v 0.051044 -0.016708 -0.390861
v 0.015669 -0.054400 -0.386062
v 0.050564 -0.022212 -0.390072
v 0.049392 -0.027582 -0.389315
v 0.047551 -0.032710 -0.388606
v 0.045081 -0.037490 -0.387959
v 0.042030 -0.041825 -0.387388
v 0.038461 -0.045628 -0.386903
v 0.034446 -0.048821 -0.386516
v 0.030068 -0.051338 -0.386234
v 0.025416 -0.053128 -0.386062
v 0.020583 -0.054156 -0.386004
v 0.016635 0.034686 -0.328993
v 0.051349 -0.003714 -0.392741
v 0.021661 0.032842 -0.338589
v 0.026571 0.030477 -0.347909
v 0.031265 0.027641 -0.356763
v 0.035649 0.024390 -0.364971
v 0.039632 0.020790 -0.372366
v 0.043135 0.016916 -0.378798
v 0.046084 0.012846 -0.384135
v 0.048422 0.008662 -0.388268
v 0.050098 0.004451 -0.391115
v 0.051081 0.000297 -0.392616
v 0.050926 0.000999 -0.360251
v 0.014950 0.053459 -0.199606
v 0.050360 0.008325 -0.337283
v 0.049104 0.015524 -0.314798
v 0.047184 0.022448 -0.293255
v 0.044638 0.028957 -0.273092
v 0.041519 0.034918 -0.254720
v 0.037889 0.040211 -0.238513
v 0.033823 0.044727 -0.224800
v 0.029404 0.048374 -0.213861
v 0.024721 0.051079 -0.205919
v 0.019870 0.052785 -0.201135
v -0.013983 0.035627 -0.329708
v -0.048200 -0.000656 -0.395067
v -0.018768 0.034084 -0.339533
v -0.023468 0.032015 -0.349078
v -0.027988 0.029461 -0.358147
v -0.032236 0.026475 -0.366557
v -0.036126 0.023118 -0.374136
v -0.039578 0.019457 -0.380730
v -0.042522 0.015568 -0.386205
v -0.044898 0.011529 -0.390449
v -0.046658 0.007423 -0.393375
v -0.047766 0.003334 -0.394925
v -0.014950 -0.053459 -0.386777
v -0.048505 -0.013650 -0.393187
v -0.019846 -0.052914 -0.386949
v -0.024623 -0.051591 -0.387231
v -0.029185 -0.049517 -0.387618
v -0.033439 -0.046735 -0.388102
v -0.037298 -0.043301 -0.388673
v -0.040683 -0.039285 -0.389320
v -0.043526 -0.034768 -0.390029
v -0.045768 -0.029843 -0.390786
v -0.047365 -0.024610 -0.391576
v -0.048284 -0.019175 -0.392382
v -0.048623 0.004058 -0.362577
v -0.015669 0.054400 -0.200321
v -0.048487 0.011362 -0.339592
v -0.047652 0.018496 -0.317059
v -0.046136 0.025315 -0.295435
v -0.043969 0.031679 -0.275163
v -0.041194 0.037459 -0.256653
v -0.037870 0.042538 -0.240283
v -0.034062 0.046812 -0.226386
v -0.029850 0.050195 -0.215246
v -0.025317 0.052616 -0.207088
v -0.020558 0.054027 -0.202079
v 0.001051 -0.024483 -0.390679
v 0.051044 -0.016708 -0.449500
v 0.015669 -0.054400 -0.444700
v 0.050564 -0.022212 -0.448710
v 0.049392 -0.027582 -0.447953
v 0.047551 -0.032710 -0.447244
v 0.045081 -0.037490 -0.446597
v 0.042030 -0.041825 -0.446026
v 0.038461 -0.045628 -0.445542
v 0.034446 -0.048821 -0.445154
v 0.030068 -0.051338 -0.444872
v 0.025416 -0.053128 -0.444700
v 0.020583 -0.054156 -0.444642
v 0.016635 0.034686 -0.387631
v 0.051349 -0.003714 -0.451379
v 0.021661 0.032842 -0.397227
v 0.026571 0.030477 -0.406547
v 0.031265 0.027641 -0.415401
v 0.035649 0.024390 -0.423609
v 0.039632 0.020790 -0.431005
v 0.043135 0.016916 -0.437436
v 0.046084 0.012846 -0.442773
v 0.048422 0.008662 -0.446907
v 0.050098 0.004451 -0.449753
v 0.051081 0.000297 -0.451254
v 0.050926 0.000999 -0.418890
v 0.014950 0.053459 -0.258244
v 0.050360 0.008325 -0.395921
v 0.049104 0.015524 -0.373436
v 0.047184 0.022448 -0.351893
v 0.044638 0.028957 -0.331731
v 0.041519 0.034918 -0.313359
v 0.037889 0.040211 -0.297151
v 0.033823 0.044727 -0.283439
v 0.029404 0.048374 -0.272500
v 0.024721 0.051079 -0.264557
v 0.019870 0.052785 -0.259773
v -0.013983 0.035627 -0.388346
v -0.048200 -0.000656 -0.453705
v -0.018768 0.034084 -0.398172
v -0.023468 0.032015 -0.407716
v -0.027988 0.029461 -0.416786
v -0.032236 0.026475 -0.425196
v -0.036126 0.023118 -0.432775
v -0.039578 0.019457 -0.439369
v -0.042522 0.015568 -0.444843
v -0.044898 0.011529 -0.449087
v -0.046658 0.007423 -0.452014
v -0.047766 0.003334 -0.453564
v -0.014950 -0.053459 -0.445415
v -0.048505 -0.013650 -0.451826
v -0.019846 -0.052914 -0.445587
v -0.024623 -0.051591 -0.445869
v -0.029185 -0.049517 -0.446256
v -0.033439 -0.046735 -0.446740
v -0.037298 -0.043301 -0.447312
v -0.040683 -0.039285 -0.447958
v -0.043526 -0.034768 -0.448668
v -0.045768 -0.029843 -0.449425
v -0.047365 -0.024610 -0.450214
v -0.048284 -0.019175 -0.451020
v -0.048623 0.004058 -0.421216
v -0.015669 0.054400 -0.258960
v -0.048487 0.011362 -0.398230
v -0.047652 0.018496 -0.375697
v -0.046136 0.025315 -0.354074
v -0.043969 0.031679 -0.333801
v -0.041194 0.037459 -0.315291
v -0.037870 0.042538 -0.298921
v -0.034062 0.046812 -0.285025
v -0.029850 0.050195 -0.273884
v -0.025317 0.052616 -0.265726
v -0.020558 0.054027 -0.260718
v 0.001051 -0.024483 -0.449317
v 0.051044 -0.016708 -0.508138
v 0.015669 -0.054400 -0.503338
v 0.050564 -0.022212 -0.507348
v 0.049392 -0.027582 -0.506591
v 0.047551 -0.032710 -0.505882
v 0.045081 -0.037490 -0.505235
v 0.042030 -0.041825 -0.504664
v 0.038461 -0.045628 -0.504180
v 0.034446 -0.048821 -0.503793
v 0.030068 -0.051338 -0.503510
v 0.025416 -0.053128 -0.503338
v 0.020583 -0.054156 -0.503281
v 0.016635 0.034686 -0.446269
v 0.051349 -0.003714 -0.510017
v 0.021661 0.032842 -0.455865
v 0.026571 0.030477 -0.465185
v 0.031265 0.027641 -0.474040
v 0.035649 0.024390 -0.482248
v 0.039632 0.020790 -0.489643
v 0.043135 0.016916 -0.496074
v 0.046084 0.012846 -0.501411
v 0.048422 0.008662 -0.505545
v 0.050098 0.004451 -0.508391
v 0.051081 0.000297 -0.509892
v 0.050926 0.000999 -0.477528
v 0.014950 0.053459 -0.316882
v 0.050360 0.008325 -0.454559
v 0.049104 0.015524 -0.432075
v 0.047184 0.022448 -0.410532
v 0.044638 0.028957 -0.390369
v 0.041519 0.034918 -0.371997
v 0.037889 0.040211 -0.355789
v 0.033823 0.044727 -0.342077
v 0.029404 0.048374 -0.331138
v 0.024721 0.051079 -0.323195
v 0.019870 0.052785 -0.318411
v -0.013983 0.035627 -0.446985
v -0.048200 -0.000656 -0.512343
v -0.018768 0.034084 -0.456810
v -0.023468 0.032015 -0.466354
v -0.027988 0.029461 -0.475424
v -0.032236 0.026475 -0.483834
v -0.036126 0.023118 -0.491413
v -0.039578 0.019457 -0.498007
v -0.042522 0.015568 -0.503482
v -0.044898 0.011529 -0.507725
v -0.046658 0.007423 -0.510652
v -0.047766 0.003334 -0.512202
v -0.014950 -0.053459 -0.504054
v -0.048505 -0.013650 -0.510464
v -0.019846 -0.052914 -0.504225
v -0.024623 -0.051591 -0.504507
v -0.029185 -0.049517 -0.504895
v -0.033439 -0.046735 -0.505379
v -0.037298 -0.043301 -0.505950
v -0.040683 -0.039285 -0.506597
v -0.043526 -0.034768 -0.507306
v -0.045768 -0.029843 -0.508063
v -0.047365 -0.024610 -0.508852
v -0.048284 -0.019175 -0.509658
v -0.048623 0.004058 -0.479854
v -0.015669 0.054400 -0.317598
v -0.048487 0.011362 -0.456869
v -0.047652 0.018496 -0.434335
v -0.046136 0.025315 -0.412712
v -0.043969 0.031679 -0.392439
v -0.041194 0.037459 -0.373929
v -0.037870 0.042538 -0.357560
v -0.034062 0.046812 -0.343663
v -0.029850 0.050195 -0.332522
v -0.025317 0.052616 -0.324365
v -0.020558 0.054027 -0.319356
v 0.001051 -0.024483 -0.507955
v 0.051044 -0.016708 -0.566776
v 0.015669 -0.054400 -0.561976
v 0.050564 -0.022212 -0.565987
v 0.049392 -0.027582 -0.565230
v 0.047551 -0.032710 -0.564521
v 0.045081 -0.037490 -0.563874
v 0.042030 -0.041825 -0.563302
v 0.038461 -0.045628 -0.562818
v 0.034446 -0.048821 -0.562431
v 0.030068 -0.051338 -0.562148
v 0.025416 -0.053128 -0.561977
v 0.020583 -0.054156 -0.561919
v 0.016635 0.034686 -0.504908
v 0.051349 -0.003714 -0.568656
v 0.021661 0.032842 -0.514504
v 0.026571 0.030477 -0.523824
v 0.031265 0.027641 -0.532678
v 0.035649 0.024390 -0.540886
v 0.039632 0.020790 -0.548281
v 0.043135 0.016916 -0.554713
v 0.046084 0.012846 -0.560050
v 0.048422 0.008662 -0.564183
v 0.050098 0.004451 -0.567029
v 0.051081 0.000297 -0.568530
v 0.050926 0.000999 -0.536166
v 0.014950 0.053459 -0.375521
v 0.050360 0.008325 -0.513197
v 0.049104 0.015524 -0.490713
v 0.047184 0.022448 -0.469170
v 0.044638 0.028957 -0.449007
v 0.041519 0.034918 -0.430635
v 0.037889 0.040211 -0.414428
v 0.033823 0.044727 -0.400715
v 0.029404 0.048374 -0.389776
v 0.024721 0.051079 -0.381834
v 0.019870 0.052785 -0.377049
v -0.013983 0.035627 -0.505623
v -0.048200 -0.000656 -0.570982
v -0.018768 0.034084 -0.515448
v -0.023468 0.032015 -0.524993
v -0.027988 0.029461 -0.534062
v -0.032236 0.026475 -0.542472
v -0.036126 0.023118 -0.550051
v -0.039578 0.019457 -0.556645
v -0.042522 0.015568 -0.562120
v -0.044898 0.011529 -0.566364
v -0.046658 0.007423 -0.569290
v -0.047766 0.003334 -0.570840
v -0.014950 -0.053459 -0.562692
v -0.048505 -0.013650 -0.569102
v -0.019846 -0.052914 -0.562864
v -0.024623 -0.051591 -0.563146
v -0.029185 -0.049517 -0.563533
v -0.033439 -0.046735 -0.564017
v -0.037298 -0.043301 -0.564588
v -0.040683 -0.039285 -0.565235
v -0.043526 -0.034768 -0.565944
v -0.045768 -0.029843 -0.566701
v -0.047365 -0.024610 -0.567491
v -0.048284 -0.019175 -0.568296
v -0.048623 0.004058 -0.538492
v -0.015669 0.054400 -0.376236
v -0.048487 0.011362 -0.515507
v -0.047652 0.018496 -0.492974
v -0.046136 0.025315 -0.471350
v -0.043969 0.031679 -0.451077
v -0.041194 0.037459 -0.432568
v -0.037870 0.042538 -0.416198
v -0.034062 0.046812 -0.402301
v -0.029850 0.050195 -0.391161
v -0.025317 0.052616 -0.383003
v -0.020558 0.054027 -0.377994
v 0.001051 -0.024483 -0.566593
v -0.044500 -0.028188 -0.030056
v 0.044500 -0.028188 -0.030056
v 0.014833 0.031146 -0.030056
v -0.014833 0.031146 -0.030056
v -0.014833 -0.057854 -0.030056
v 0.014833 -0.057854 -0.030056
v 0.044500 -0.059147 0.098746
v -0.044500 -0.059147 0.098746
v -0.044500 -0.029480 0.098746
v 0.044500 -0.029480 0.098746
v -0.014833 -0.029480 0.098746
v 0.014833 -0.029480 0.098746
v -0.014833 -0.122035 0.258807
v 0.014833 -0.122035 0.258807
v -0.044500 -0.122035 0.258807
v -0.044500 -0.092368 0.258807
v 0.044500 -0.122035 0.258807
v 0.044500 -0.092368 0.258807
v 0.000000 -0.096818 0.258807
v -0.044500 -0.060929 0.178124
v 0.044500 -0.060929 0.178124
v -0.044500 -0.141953 0.182576
v 0.044500 -0.141953 0.182576
v -0.014833 -0.191935 0.260875
v 0.014833 -0.191935 0.260875
v -0.044500 -0.191935 0.260875
v 0.044500 -0.191935 0.260875
v 0.000000 -0.057854 -0.541632
v 0.029667 -0.057854 -0.030056
v -0.029667 -0.057854 -0.030056
v 0.000000 -0.057854 -0.030056
v -0.044500 0.001479 -0.030056
v -0.014833 0.031146 0.014308
v 0.044500 0.001479 -0.030056
v 0.014833 0.031146 0.014308
v -0.014833 0.001479 -0.030056
v 0.014833 0.001479 -0.030056
v 0.014833 -0.103681 -0.030056
v -0.014833 -0.103681 -0.030056
v 0.014833 -0.057854 -0.050536
v 0.014833 -0.111958 -0.040901
v -0.014833 -0.111958 -0.040901
v -0.014833 -0.057854 -0.050536
v 0.014833 -0.121481 -0.137072
v -0.014833 -0.121481 -0.137072
v -0.014833 -0.103681 -0.154818
v 0.014833 -0.103681 -0.154818
v -0.014222 -0.057911 -0.136998
v 0.015445 -0.057911 -0.136998
v -0.014222 -0.057911 -0.154743
v 0.015445 -0.057911 -0.154743
v -0.014833 -0.121481 -0.050536
v 0.014833 -0.121481 -0.050536
v 0.014833 -0.106465 -0.154599
v 0.014833 -0.109181 -0.153949
v 0.014833 -0.111762 -0.152883
v 0.014833 -0.114143 -0.151428
v 0.014833 -0.116267 -0.149620
v 0.014833 -0.118081 -0.147503
v 0.014833 -0.119541 -0.145128
v 0.014833 -0.120609 -0.142556
v 0.014833 -0.121261 -0.139848
v -0.014833 -0.121261 -0.139848
v -0.014833 -0.120609 -0.142556
v -0.014833 -0.119541 -0.145128
v -0.014833 -0.118081 -0.147503
v -0.014833 -0.116267 -0.149620
v -0.014833 -0.114143 -0.151428
v -0.014833 -0.111762 -0.152883
v -0.014833 -0.109181 -0.153949
v -0.014833 -0.106465 -0.154599
v -0.014833 -0.106465 -0.030308
v -0.014833 -0.109181 -0.031058
v -0.014833 -0.111762 -0.032288
v -0.014833 -0.114143 -0.033967
v -0.014833 -0.116267 -0.036054
v -0.014833 -0.118081 -0.038498
v -0.014833 -0.119541 -0.041238
v -0.014833 -0.120609 -0.044207
v -0.014833 -0.121261 -0.047332
v 0.014833 -0.121261 -0.047332
v 0.014833 -0.120609 -0.044207
v 0.014833 -0.119541 -0.041238
v 0.014833 -0.118081 -0.038498
v 0.014833 -0.116267 -0.036054
v 0.014833 -0.114143 -0.033967
v 0.014833 -0.111762 -0.032288
v 0.014833 -0.109181 -0.031058
v 0.014833 -0.106465 -0.030308
v -0.014714 -0.094781 -0.137058
v -0.014833 -0.103681 -0.128199
v -0.014833 -0.112581 -0.137072
v -0.014833 -0.103681 -0.145945
v -0.014745 -0.097084 -0.136759
v -0.014774 -0.099231 -0.135876
v -0.014799 -0.101074 -0.134469
v -0.014817 -0.102488 -0.132634
v -0.014829 -0.103377 -0.130495
v 0.014833 -0.103681 -0.128199
v 0.014952 -0.094781 -0.137058
v 0.014833 -0.103681 -0.145945
v 0.014833 -0.112581 -0.137072
v 0.014837 -0.103377 -0.130495
v 0.014849 -0.102488 -0.132634
v 0.014868 -0.101074 -0.134469
v 0.014893 -0.099231 -0.135876
v 0.014921 -0.097084 -0.136759
v 0.014833 -0.094781 -0.050536
v 0.014833 -0.103681 -0.059408
v 0.014833 -0.112581 -0.050536
v 0.014833 -0.103681 -0.041663
v 0.014833 -0.097531 -0.050970
v 0.014833 -0.100012 -0.052230
v 0.014833 -0.101981 -0.054193
v 0.014833 -0.103245 -0.056666
v -0.014833 -0.103681 -0.059408
v -0.014833 -0.094781 -0.050536
v -0.014833 -0.103681 -0.041663
v -0.014833 -0.112581 -0.050536
v -0.014833 -0.103245 -0.056666
v -0.014833 -0.101981 -0.054193
v -0.014833 -0.100012 -0.052230
v -0.014833 -0.097531 -0.050970
v 0.014833 -0.112095 -0.145460
v -0.014833 -0.112095 -0.145460
v -0.014807 -0.103883 -0.137272
v -0.014833 -0.103881 -0.050336
v 0.014833 -0.103881 -0.050336
v 0.014860 -0.103883 -0.137272
v 0.044500 0.003684 -0.541632
v 0.017038 0.031146 -0.541632
v 0.040821 0.017415 -0.541632
v 0.030769 0.027467 -0.541632
v 0.017119 0.031146 -0.030056
v 0.044500 0.003764 -0.030056
v 0.030809 0.027477 -0.030056
v 0.040832 0.017455 -0.030056
v 0.050382 0.009428 -0.601591
v 0.022782 0.037028 -0.601591
v 0.046684 0.023228 -0.601591
v 0.036582 0.033330 -0.601591
v 0.056732 0.015587 -0.636171
v 0.028941 0.043378 -0.636171
v 0.053009 0.029482 -0.636171
v 0.042836 0.039654 -0.636171
v 0.063920 0.022537 -0.666118
v 0.035892 0.050566 -0.666118
v 0.060165 0.036552 -0.666118
v 0.049906 0.046811 -0.666118
v 0.073452 0.031797 -0.693154
v 0.045151 0.060098 -0.693154
v 0.069660 0.045947 -0.693154
v 0.059302 0.056306 -0.693154
v 0.089472 0.047572 -0.719035
v 0.060926 0.076118 -0.719035
v 0.085648 0.061845 -0.719035
v 0.075199 0.072294 -0.719035
v 0.039190 0.031007 -0.650398
v 0.044361 0.025837 -0.650398
v 0.042949 0.030000 -0.650398
v 0.043353 0.029596 -0.650398
v 0.044500 0.003791 -0.026599
v 0.017145 0.031146 0.014308
v 0.040835 0.017468 -0.006146
v 0.030822 0.027481 0.008827
v -0.017038 0.031146 -0.541632
v -0.044500 0.003684 -0.541632
v -0.030769 0.027467 -0.541632
v -0.040821 0.017415 -0.541632
v -0.044500 0.003764 -0.030056
v -0.017119 0.031146 -0.030056
v -0.040832 0.017455 -0.030056
v -0.030809 0.027477 -0.030056
v -0.022782 0.037028 -0.601591
v -0.050382 0.009428 -0.601591
v -0.036582 0.033330 -0.601591
v -0.046684 0.023228 -0.601591
v -0.028941 0.043378 -0.636171
v -0.056732 0.015587 -0.636171
v -0.042836 0.039654 -0.636171
v -0.053009 0.029482 -0.636171
v -0.035892 0.050566 -0.666118
v -0.063920 0.022537 -0.666118
v -0.049906 0.046811 -0.666118
v -0.060165 0.036552 -0.666118
v -0.045151 0.060098 -0.693154
v -0.073452 0.031797 -0.693154
v -0.059302 0.056306 -0.693154
v -0.069660 0.045947 -0.693154
v -0.060926 0.076118 -0.719035
v -0.089472 0.047572 -0.719035
v -0.075199 0.072294 -0.719035
v -0.085648 0.061845 -0.719035
v -0.044361 0.025837 -0.650398
v -0.039190 0.031007 -0.650398
v -0.043353 0.029596 -0.650398
v -0.042949 0.030000 -0.650398
v -0.017145 0.031146 0.014308
v -0.044500 0.003791 -0.026599
v -0.030822 0.027481 0.008827
v -0.040835 0.017468 -0.006146
v -0.016883 -0.057854 -0.541632
v -0.044500 -0.030237 -0.541632
v -0.030691 -0.054154 -0.541632
v -0.040800 -0.044046 -0.541632
v -0.044500 -0.031154 -0.030056
v -0.044500 -0.064076 -0.004171
v -0.042513 -0.044504 -0.030056
v -0.037083 -0.054277 -0.030056
v -0.050382 -0.036015 -0.601591
v -0.022660 -0.063736 -0.601591
v -0.046668 -0.049875 -0.601591
v -0.036521 -0.060022 -0.601591
v -0.056732 -0.042198 -0.636171
v -0.028844 -0.070086 -0.636171
v -0.052996 -0.056142 -0.636171
v -0.042788 -0.066350 -0.636171
v -0.063920 -0.049166 -0.666118
v -0.035811 -0.077274 -0.666118
v -0.060154 -0.063220 -0.666118
v -0.049866 -0.073509 -0.666118
v -0.073452 -0.058437 -0.693154
v -0.045082 -0.086806 -0.693154
v -0.069651 -0.072621 -0.693154
v -0.059267 -0.083005 -0.693154
v -0.089472 -0.074218 -0.719035
v -0.060864 -0.102827 -0.719035
v -0.085639 -0.088522 -0.719035
v -0.075168 -0.098994 -0.719035
v -0.039135 -0.057714 -0.650398
v -0.044361 -0.052489 -0.650398
v -0.042922 -0.056699 -0.650398
v -0.043346 -0.056275 -0.650398
v -0.016918 -0.057854 -0.285844
v -0.044500 -0.030272 -0.285844
v -0.030709 -0.054159 -0.285844
v -0.040805 -0.044063 -0.285844
v 0.016883 -0.057854 -0.541632
v 0.044500 -0.030237 -0.541632
v 0.030691 -0.054154 -0.541632
v 0.040800 -0.044046 -0.541632
v 0.044500 -0.031154 -0.030056
v 0.044500 -0.064076 -0.004171
v 0.037083 -0.054277 -0.030056
v 0.042513 -0.044504 -0.030056
v 0.022660 -0.063736 -0.601591
v 0.050382 -0.036015 -0.601591
v 0.036521 -0.060022 -0.601591
v 0.046668 -0.049875 -0.601591
v 0.028844 -0.070086 -0.636171
v 0.056732 -0.042198 -0.636171
v 0.042788 -0.066350 -0.636171
v 0.052996 -0.056142 -0.636171
v 0.035811 -0.077274 -0.666118
v 0.063920 -0.049166 -0.666118
v 0.049866 -0.073509 -0.666118
v 0.060154 -0.063220 -0.666118
v 0.045082 -0.086806 -0.693154
v 0.073452 -0.058437 -0.693154
v 0.059267 -0.083005 -0.693154
v 0.069651 -0.072621 -0.693154
v 0.060864 -0.102827 -0.719035
v 0.089472 -0.074218 -0.719035
v 0.075168 -0.098994 -0.719035
v 0.085639 -0.088522 -0.719035
v 0.044361 -0.052489 -0.650398
v 0.039135 -0.057714 -0.650398
v 0.043346 -0.056275 -0.650398
v 0.042922 -0.056699 -0.650398
v 0.016918 -0.057854 -0.285844
v 0.044500 -0.030272 -0.285844
v 0.030709 -0.054159 -0.285844
v 0.040805 -0.044063 -0.285844
v 0.044500 -0.058027 0.037330
v -0.044500 -0.058027 0.037330
v -0.028777 -0.073914 0.036757
v 0.028777 -0.073914 0.036757
v 0.000000 0.014102 -0.011179
v 0.044500 -0.060898 0.250119
v 0.044500 -0.071602 0.258807
v 0.044500 -0.062266 0.253444
v 0.044500 -0.064780 0.256263
v 0.044500 -0.068058 0.258146
v -0.044500 -0.071602 0.258807
v -0.044500 -0.060898 0.250119
v -0.044500 -0.068058 0.258146
v -0.044500 -0.064780 0.256263
v -0.044500 -0.062266 0.253444
v -0.014833 -0.071602 0.258807
v -0.014833 -0.060898 0.250119
v -0.014833 -0.068058 0.258146
v -0.014833 -0.064780 0.256263
v -0.014833 -0.062266 0.253444
v 0.014833 -0.060898 0.250119
v 0.014833 -0.071602 0.258807
v 0.014833 -0.062266 0.253444
v 0.014833 -0.064780 0.256263
v 0.014833 -0.068058 0.258146
v 0.044500 -0.106606 0.099272
v 0.044500 -0.084665 0.081489
v 0.044500 -0.080856 0.082873
v 0.044500 -0.071013 0.098746
v 0.044500 -0.092420 0.116124
v 0.044500 -0.101859 0.098548
v 0.044500 -0.097154 0.096697
v 0.044500 -0.092810 0.093846
v 0.044500 -0.089123 0.090188
v 0.044500 -0.086345 0.085974
v 0.014833 -0.084665 0.081489
v 0.014833 -0.106606 0.099272
v 0.014833 -0.086345 0.085974
v 0.014833 -0.089123 0.090188
v 0.014833 -0.092810 0.093846
v 0.014833 -0.097154 0.096697
v 0.014833 -0.101859 0.098548
v -0.044500 -0.084665 0.081489
v -0.044500 -0.106606 0.099272
v -0.044500 -0.092420 0.116124
v -0.044500 -0.071013 0.098746
v -0.044500 -0.080856 0.082873
v -0.044500 -0.086345 0.085974
v -0.044500 -0.089123 0.090188
v -0.044500 -0.092810 0.093846
v -0.044500 -0.097154 0.096697
v -0.044500 -0.101859 0.098548
v -0.014833 -0.106606 0.099272
v -0.014833 -0.084665 0.081489
v -0.014833 -0.101859 0.098548
v -0.014833 -0.097154 0.096697
v -0.014833 -0.092810 0.093846
v -0.014833 -0.089123 0.090188
v -0.014833 -0.086345 0.085974
v 0.000000 -0.071260 0.025717
v 0.044500 -0.088079 0.099113
v -0.044500 -0.088079 0.099113
v -0.014833 -0.159615 0.105158
v -0.014833 -0.154265 0.100682
v -0.014833 -0.158932 0.103485
v -0.014833 -0.157675 0.102047
v -0.014833 -0.156036 0.101063
v 0.014833 -0.154265 0.100682
v 0.014833 -0.159615 0.105158
v 0.014833 -0.156036 0.101063
v 0.014833 -0.157675 0.102047
v 0.014833 -0.158932 0.103485
v -0.044500 -0.154265 0.100682
v -0.044500 -0.159615 0.105158
v -0.044500 -0.156036 0.101063
v -0.044500 -0.157675 0.102047
v -0.044500 -0.158932 0.103485
v 0.044500 -0.159615 0.105158
v 0.044500 -0.154265 0.100682
v 0.044500 -0.158932 0.103485
v 0.044500 -0.157675 0.102047
v 0.044500 -0.156036 0.101063
v 0.074775 0.032781 -0.739125
v 0.070938 0.047101 -0.739125
v 0.060455 0.057584 -0.739125
v 0.046135 0.061421 -0.739125
v -0.070938 0.047101 -0.739125
v -0.074775 0.032781 -0.739125
v -0.060455 0.057584 -0.739125
v -0.046135 0.061421 -0.739125
v -0.060425 -0.084285 -0.739125
v -0.046075 -0.088130 -0.739125
v -0.070930 -0.073780 -0.739125
v -0.074775 -0.059430 -0.739125
v 0.046075 -0.088130 -0.739125
v 0.060425 -0.084285 -0.739125
v 0.070930 -0.073780 -0.739125
v 0.074775 -0.059430 -0.739125
v 0.059602 0.027843 -0.694762
v 0.057019 0.037485 -0.694762
v 0.050839 0.043665 -0.694762
v 0.041197 0.046249 -0.694762
v -0.057019 0.037485 -0.694762
v -0.059602 0.027843 -0.694762
v -0.050839 0.043665 -0.694762
v -0.041197 0.046249 -0.694762
v -0.050811 -0.070365 -0.694762
v -0.041142 -0.072956 -0.694762
v -0.057011 -0.064165 -0.694762
v -0.059602 -0.054495 -0.694762
v 0.041142 -0.072956 -0.694762
v 0.050811 -0.070365 -0.694762
v 0.057011 -0.064165 -0.694762
v 0.059602 -0.054495 -0.694762
v -0.000000 -0.013347 -0.650398
v 0.027879 -0.057854 -0.065915
v -0.027879 -0.057854 -0.065915
v 0.025406 -0.057854 -0.115537
v -0.025406 -0.057854 -0.115537
v 0.014936 -0.057854 -0.065915
v 0.015267 -0.057854 -0.115537
v -0.014734 -0.057854 -0.065915
v -0.014415 -0.057854 -0.115537
v 0.015267 -0.059089 -0.115537
v -0.014734 -0.061593 -0.065928
v -0.014415 -0.059089 -0.115537
v 0.014953 -0.067037 -0.068412
v -0.014718 -0.067037 -0.068412
v 0.014977 -0.071593 -0.072089
v -0.014620 -0.061302 -0.083738
v -0.014632 -0.061716 -0.081915
v -0.014643 -0.062083 -0.080138
v -0.014654 -0.062683 -0.078449
v -0.014664 -0.063503 -0.076891
v -0.014673 -0.064522 -0.075501
v -0.014680 -0.065715 -0.074314
v -0.014687 -0.067053 -0.073359
v -0.014691 -0.068503 -0.072659
v -0.014694 -0.070029 -0.072233
v 0.015055 -0.061302 -0.083738
v 0.014978 -0.070029 -0.072233
v 0.014981 -0.068503 -0.072659
v 0.014986 -0.067053 -0.073359
v 0.014992 -0.065715 -0.074314
v 0.015000 -0.064522 -0.075501
v 0.015009 -0.063503 -0.076891
v 0.015020 -0.062683 -0.078449
v 0.015031 -0.062083 -0.080138
v 0.015043 -0.061716 -0.081915
v 0.014936 -0.061593 -0.065928
v 0.014936 -0.063158 -0.065991
v 0.014938 -0.064683 -0.066217
v 0.014940 -0.066133 -0.066588
v 0.014944 -0.067471 -0.067094
v 0.014948 -0.068664 -0.067724
v 0.014953 -0.069683 -0.068460
v 0.014958 -0.070503 -0.069286
v 0.014964 -0.071104 -0.070181
v 0.014971 -0.071470 -0.071123
v -0.014695 -0.071593 -0.072089
v -0.014701 -0.071470 -0.071123
v -0.014707 -0.071104 -0.070181
v -0.014713 -0.070503 -0.069286
v -0.014718 -0.069683 -0.068460
v -0.014723 -0.068664 -0.067724
v -0.014727 -0.067471 -0.067094
v -0.014730 -0.066133 -0.066588
v -0.014733 -0.064683 -0.066217
v -0.014734 -0.063158 -0.065991
v -0.014513 -0.079686 -0.146419
v 0.015154 -0.079686 -0.146419
v 0.014833 -0.079703 -0.039749
v 0.014833 -0.113213 -0.093804
v -0.014833 -0.113213 -0.093804
v -0.014833 -0.079703 -0.039749
v -0.000000 0.031146 -0.285806
v -0.028538 -0.056037 -0.159396
v -0.044500 -0.013387 -0.285610
v 0.028538 -0.056037 -0.159396
v 0.000000 -0.057854 -0.324652
v 0.000000 -0.060965 -0.573343
v 0.044500 -0.013387 -0.285610
v 0.044500 -0.090445 0.180690
v -0.044500 -0.090445 0.180690
v -0.000000 -0.057854 -0.047643
v -0.020624 -0.057854 -0.090293
v 0.020887 -0.057854 -0.090158
v -0.014579 -0.059258 -0.090137
v 0.015098 -0.059258 -0.090136
vn 0.0583 0.9867 -0.1517
vn 0.0591 0.9880 -0.1426
vn 0.1240 0.9822 -0.1409
vn 0.1118 0.9784 -0.1741
vn 0.2257 0.9645 -0.1370
vn 0.1703 0.9644 -0.2022
vn 0.3332 0.9337 -0.1311
vn 0.2301 0.9449 -0.2327
vn 0.4423 0.8884 -0.1231
vn 0.2918 0.9184 -0.2673
vn 0.5508 0.8270 -0.1128
vn 0.6313 0.7686 -0.1033
vn 0.6566 0.7476 -0.0999
vn 0.7325 0.6750 -0.0884
vn 0.7566 0.6484 -0.0842
vn 0.8240 0.5621 -0.0708
vn 0.8465 0.5284 -0.0656
vn 0.9009 0.4310 -0.0508
vn 0.9964 0.0458 0.0719
vn 0.9579 0.2857 -0.0290
vn 0.9987 0.0208 0.0472
vn 0.9911 0.1328 -0.0064
vn 0.9996 -0.0069 0.0259
vn 0.9997 0.0202 0.0101
vn -0.9993 0.0356 -0.0063
vn -0.9999 -0.0152 0.0050
vn -0.9922 -0.1098 0.0597
vn -0.9978 0.0642 0.0147
vn -0.9663 -0.2244 0.1261
vn -0.9951 0.0909 0.0390
vn -0.9226 -0.3354 0.1905
vn -0.9052 -0.3694 0.2102
vn -0.8615 -0.4409 0.2517
vn -0.8385 -0.4731 0.2704
vn -0.7836 -0.5391 0.3088
vn -0.7550 -0.5688 0.3261
vn -0.6896 -0.6280 0.3606
vn -0.6559 -0.6545 0.3761
vn -0.5807 -0.7057 0.4060
vn -0.5427 -0.7279 0.4190
vn -0.4586 -0.7700 0.4436
vn -0.4182 -0.7870 0.4536
vn -0.3256 -0.8190 0.4725
vn -0.2866 -0.8298 0.4789
vn -0.1844 -0.8511 0.4916
vn -0.1562 -0.8552 0.4941
vn -0.0755 -0.8633 0.4991
vn -0.0714 -0.8635 0.4992
vn 0.0086 0.9896 -0.1435
vn 0.0094 0.9882 -0.1526
vn -0.0437 0.9833 -0.1769
vn -0.0567 0.9879 -0.1441
vn -0.1021 0.9730 -0.2071
vn -0.1601 0.9766 -0.1438
vn -0.1623 0.9572 -0.2397
vn -0.2705 0.9522 -0.1417
vn -0.2251 0.9343 -0.2765
vn -0.3840 0.9130 -0.1375
vn -0.5841 0.8021 -0.1240
vn -0.4982 0.8571 -0.1308
vn -0.6930 0.7122 -0.1124
vn -0.6109 0.7824 -0.1215
vn -0.7927 0.6018 -0.0976
vn -0.7187 0.6867 -0.1090
vn -0.8778 0.4722 -0.0799
vn -0.8171 0.5690 -0.0932
vn -0.9429 0.3276 -0.0598
vn -0.9838 0.1750 -0.0382
vn -0.9978 0.0625 -0.0221
vn 0.0381 0.8807 -0.4721
vn 0.0381 0.8807 -0.4722
vn 0.0385 0.8279 -0.5596
vn 0.0385 0.8278 -0.5596
vn 0.0385 0.7489 -0.6616
vn 0.0385 0.7489 -0.6615
vn 0.0374 0.6274 -0.7778
vn 0.0374 0.6275 -0.7777
vn 0.0345 0.4405 -0.8971
vn 0.0345 0.4412 -0.8967
vn 0.0284 0.1743 -0.9843
vn 0.0284 0.1758 -0.9840
vn 0.0215 -0.0587 -0.9980
vn 0.0216 -0.0576 -0.9981
vn -0.0050 -0.8656 0.5007
vn -0.0010 -0.8656 0.5007
vn 0.1092 -0.8602 0.4980
vn 0.0806 -0.8627 0.4993
vn 0.2542 -0.8367 0.4850
vn 0.2139 -0.8452 0.4898
vn 0.3932 -0.7952 0.4615
vn 0.3507 -0.8100 0.4699
vn 0.5228 -0.7370 0.4284
vn 0.4823 -0.7575 0.4400
vn 0.6401 -0.6640 0.3865
vn 0.6037 -0.6891 0.4009
vn 0.7430 -0.5781 0.3373
vn 0.7116 -0.6069 0.3538
vn 0.8297 -0.4818 0.2819
vn 0.8039 -0.5134 0.3001
vn 0.8991 -0.3773 0.2217
vn 0.8792 -0.4110 0.2411
vn 0.9507 -0.2668 0.1580
vn 0.9841 -0.1522 0.0918
vn 0.9977 -0.0576 0.0371
vn 0.0187 -0.1436 -0.9895
vn 0.0374 0.6276 -0.7777
vn 0.0284 0.1742 -0.9843
vn 0.0284 0.1759 -0.9840
vn 0.0187 -0.1435 -0.9895
vn 1.0000 -0.0000 -0.0000
vn -0.0000 0.9723 0.2337
vn -0.0000 0.9758 0.2185
vn -1.0000 -0.0000 -0.0000
vn -0.0000 0.0148 0.9999
vn -0.0000 0.0296 0.9996
vn -0.0000 1.0000 -0.0000
vn -0.0000 -0.0000 1.0000
vn -0.0000 -0.0451 0.9990
vn -0.0000 -0.0385 -0.9993
vn -0.0000 0.0016 -1.0000
vn -0.0000 -0.0382 -0.9993
vn -0.0000 -0.9992 -0.0394
vn -0.0000 -0.9994 0.0341
vn -0.0000 -0.9876 -0.1569
vn -0.0000 -0.9508 -0.3099
vn -0.0000 -0.8904 -0.4551
vn -0.0000 -0.8082 -0.5889
vn -0.0000 -0.7060 -0.7082
vn -0.0000 -0.5866 -0.8099
vn -0.0000 -0.4529 -0.8916
vn -0.0000 -0.3082 -0.9513
vn -0.0000 -0.1560 -0.9878
vn -0.0000 -0.1789 0.9839
vn -0.0000 -0.3496 0.9369
vn -0.0000 -0.5050 0.8631
vn -0.0000 -0.6407 0.7678
vn -0.0000 -0.7542 0.6566
vn -0.0000 -0.8451 0.5346
vn -0.0000 -0.9141 0.4055
vn -0.0000 -0.9623 0.2722
vn -0.0000 -0.9906 0.1366
vn -0.0000 0.0642 0.9979
vn -0.0000 0.2577 0.9662
vn -0.0000 0.2556 0.9668
vn -0.0000 0.0630 0.9980
vn -0.0000 0.4987 0.8668
vn -0.0000 0.4970 0.8677
vn -0.0000 0.7060 0.7082
vn -0.0000 0.7049 0.7093
vn -0.0000 0.8655 0.5010
vn -0.0000 0.8649 0.5020
vn -0.0000 0.9658 0.2594
vn -0.0000 0.9656 0.2599
vn -0.0000 0.9978 0.0656
vn -0.0000 0.9978 0.0657
vn -0.9999 0.0125 -0.0002
vn -1.0000 0.0059 -0.0006
vn -0.9998 0.0105 -0.0191
vn 1.0000 -0.0068 -0.0000
vn 0.9999 -0.0134 -0.0000
vn 1.0000 -0.0067 -0.0008
vn -0.0000 -0.0016 1.0000
vn -1.0000 0.0068 -0.0000
vn -1.0000 0.0067 0.0008
vn 1.0000 -0.0003 0.0008
vn 1.0000 -0.0059 0.0006
vn 1.0000 0.0057 0.0029
vn -0.0000 0.0782 -0.9969
vn -0.0000 0.3082 -0.9513
vn -0.0000 0.5867 -0.8098
vn -0.0000 0.8082 -0.5889
vn -0.0000 0.9508 -0.3098
vn -0.0000 0.9969 -0.0787
vn 1.0000 -0.0008 -0.0000
vn -1.0000 0.0008 -0.0000
vn -0.0000 -0.0000 -1.0000
vn 0.1269 0.9904 0.0546
vn -0.1269 0.9904 0.0546
vn -0.9999 0.0095 -0.0079
vn -1.0000 0.0082 -0.0052
vn -1.0000 0.0055 -0.0039
vn -1.0000 -0.0057 -0.0029
vn -1.0000 0.0003 -0.0008
vn 1.0000 -0.0055 0.0039
vn 1.0000 -0.0082 0.0052
vn 0.9999 -0.0095 0.0079
vn 0.9998 -0.0105 0.0191
vn 0.9999 -0.0125 0.0002
vn 0.1305 0.9914 -0.0001
vn 0.4999 0.8661 -0.0002
vn 0.4963 0.8656 0.0667
vn 0.8660 0.5001 -0.0003
vn 0.8656 0.4963 0.0667
vn 0.9915 0.1303 -0.0001
vn 0.9904 0.1269 0.0546
vn 0.1260 0.9798 0.1552
vn 0.4885 0.8519 0.1885
vn 0.8519 0.4885 0.1885
vn 0.9798 0.1260 0.1552
vn 0.9651 0.1248 0.2301
vn 0.8335 0.4782 0.2767
vn 0.4782 0.8335 0.2767
vn 0.1248 0.9651 0.2301
vn 0.9420 0.1201 0.3133
vn 0.8054 0.4599 0.3741
vn 0.4599 0.8054 0.3741
vn 0.1201 0.9420 0.3133
vn 0.8750 0.1090 0.4717
vn 0.7265 0.4114 0.5504
vn 0.4114 0.7265 0.5504
vn 0.1090 0.8750 0.4717
vn 0.8049 0.1320 0.5786
vn 0.6514 0.3973 0.6464
vn 0.3973 0.6514 0.6464
vn 0.1319 0.8049 0.5786
vn 0.7540 0.1264 -0.6446
vn 0.7797 0.0703 -0.6222
vn 0.6282 0.3320 -0.7036
vn 0.6004 0.3682 -0.7099
vn 0.3320 0.6282 -0.7036
vn 0.3682 0.6004 -0.7099
vn 0.0703 0.7797 -0.6222
vn 0.1264 0.7540 -0.6446
vn 0.1132 0.9936 -0.0001
vn 0.3955 0.9185 -0.0002
vn 0.7763 0.6303 -0.0004
vn 0.9773 0.2120 -0.0004
vn -0.1305 0.9914 -0.0001
vn -0.4963 0.8656 0.0667
vn -0.4999 0.8661 -0.0002
vn -0.8656 0.4963 0.0667
vn -0.8660 0.5001 -0.0003
vn -0.9904 0.1269 0.0546
vn -0.9915 0.1303 -0.0001
vn -0.1260 0.9798 0.1552
vn -0.4885 0.8519 0.1885
vn -0.8519 0.4885 0.1885
vn -0.9798 0.1260 0.1552
vn -0.9651 0.1248 0.2301
vn -0.8335 0.4782 0.2767
vn -0.4782 0.8335 0.2767
vn -0.1248 0.9651 0.2301
vn -0.9420 0.1201 0.3133
vn -0.8054 0.4599 0.3741
vn -0.4599 0.8054 0.3741
vn -0.1201 0.9420 0.3133
vn -0.1090 0.8750 0.4717
vn -0.4114 0.7265 0.5504
vn -0.7265 0.4114 0.5504
vn -0.8750 0.1090 0.4717
vn -0.8049 0.1320 0.5786
vn -0.6514 0.3973 0.6464
vn -0.3973 0.6514 0.6464
vn -0.1319 0.8049 0.5786
vn -0.7797 0.0703 -0.6222
vn -0.7540 0.1264 -0.6446
vn -0.6004 0.3682 -0.7099
vn -0.6282 0.3320 -0.7036
vn -0.3682 0.6004 -0.7099
vn -0.3320 0.6282 -0.7036
vn -0.1264 0.7540 -0.6446
vn -0.0703 0.7797 -0.6222
vn -0.1132 0.9936 -0.0001
vn -0.3955 0.9185 -0.0002
vn -0.7763 0.6303 -0.0004
vn -0.9773 0.2120 -0.0004
vn -0.1290 -0.9916 -0.0025
vn -0.1639 -0.9864 -0.0082
vn -0.3234 -0.9462 -0.0123
vn -0.9975 -0.0673 -0.0210
vn -0.9318 -0.3360 -0.1376
vn -0.9961 -0.0636 -0.0617
vn -0.8134 -0.5385 -0.2201
vn -0.4212 -0.8771 -0.2309
vn -0.1898 -0.9678 -0.1655
vn -0.0373 -0.9666 -0.2537
vn -0.5245 -0.8514 -0.0060
vn -0.8874 -0.4610 -0.0044
vn -0.9932 -0.1167 -0.0010
vn -0.1260 -0.9798 0.1553
vn -0.1269 -0.9904 0.0546
vn -0.4963 -0.8656 0.0668
vn -0.4885 -0.8519 0.1887
vn -0.8656 -0.4963 0.0668
vn -0.8519 -0.4885 0.1887
vn -0.9904 -0.1269 0.0546
vn -0.9798 -0.1260 0.1553
vn -0.1248 -0.9651 0.2302
vn -0.4782 -0.8335 0.2769
vn -0.8335 -0.4782 0.2769
vn -0.9651 -0.1248 0.2302
vn -0.1201 -0.9420 0.3133
vn -0.4598 -0.8053 0.3742
vn -0.8053 -0.4598 0.3742
vn -0.9420 -0.1201 0.3133
vn -0.1090 -0.8750 0.4718
vn -0.4114 -0.7265 0.5505
vn -0.7265 -0.4114 0.5505
vn -0.8750 -0.1090 0.4718
vn -0.8048 -0.1320 0.5786
vn -0.6513 -0.3973 0.6465
vn -0.3973 -0.6513 0.6465
vn -0.1320 -0.8048 0.5786
vn -0.0703 -0.7797 -0.6222
vn -0.1264 -0.7540 -0.6446
vn -0.3682 -0.6004 -0.7098
vn -0.3320 -0.6282 -0.7036
vn -0.6004 -0.3682 -0.7098
vn -0.6282 -0.3320 -0.7036
vn -0.7540 -0.1264 -0.6446
vn -0.7797 -0.0703 -0.6222
vn 0.1898 -0.9678 -0.1655
vn 0.1639 -0.9864 -0.0082
vn 0.3234 -0.9462 -0.0123
vn -0.0000 -0.9723 -0.2337
vn -0.0000 -0.9931 -0.1177
vn 0.4212 -0.8771 -0.2309
vn 0.0373 -0.9666 -0.2537
vn 0.8134 -0.5385 -0.2201
vn 0.9318 -0.3360 -0.1376
vn 0.9961 -0.0636 -0.0617
vn 0.9975 -0.0673 -0.0210
vn 0.1290 -0.9916 -0.0025
vn 0.1269 -0.9904 0.0546
vn 0.4963 -0.8656 0.0668
vn 0.5245 -0.8514 -0.0060
vn 0.8656 -0.4963 0.0668
vn 0.8874 -0.4610 -0.0044
vn 0.9904 -0.1269 0.0546
vn 0.9932 -0.1167 -0.0010
vn 0.1260 -0.9798 0.1553
vn 0.4885 -0.8519 0.1887
vn 0.8519 -0.4885 0.1887
vn 0.9798 -0.1260 0.1553
vn 0.1248 -0.9651 0.2302
vn 0.4782 -0.8335 0.2769
vn 0.8335 -0.4782 0.2769
vn 0.9651 -0.1248 0.2302
vn 0.1201 -0.9420 0.3133
vn 0.4598 -0.8053 0.3742
vn 0.8053 -0.4598 0.3742
vn 0.9420 -0.1201 0.3133
vn 0.8750 -0.1090 0.4718
vn 0.7265 -0.4114 0.5505
vn 0.4114 -0.7265 0.5505
vn 0.1090 -0.8750 0.4718
vn 0.8048 -0.1320 0.5786
vn 0.6513 -0.3973 0.6465
vn 0.3973 -0.6513 0.6465
vn 0.1320 -0.8048 0.5786
vn 0.1264 -0.7540 -0.6446
vn 0.0703 -0.7797 -0.6222
vn 0.3320 -0.6282 -0.7036
vn 0.3682 -0.6004 -0.7098
vn 0.6282 -0.3320 -0.7036
vn 0.6004 -0.3682 -0.7098
vn 0.7797 -0.0703 -0.6222
vn 0.7540 -0.1264 -0.6446
vn -0.0000 -0.9988 0.0489
vn -0.0000 -1.0000 -0.0000
vn -0.0000 -0.9952 0.0976
vn -0.0000 -0.8313 0.5559
vn -0.0000 0.9561 0.2931
vn -0.0000 0.8476 0.5306
vn -0.0000 0.6303 0.7763
vn -0.0000 0.3457 0.9383
vn -0.0000 0.0921 0.9957
vn -0.0000 -0.9562 -0.2928
vn -0.0000 -0.8913 -0.4534
vn -0.0000 -0.7738 -0.6335
vn -0.0000 -0.6297 -0.7768
vn -0.0000 -0.4598 -0.8880
vn -0.0000 -0.2601 -0.9656
vn -0.0000 -0.0904 -0.9959
vn -0.0000 -0.1204 -0.9927
vn -0.0000 -0.3676 -0.9300
vn -0.0000 -0.6417 -0.7669
vn -0.0000 -0.8509 -0.5254
vn -0.0000 -0.9564 -0.2920
vn -0.0000 -0.1205 -0.9927
vn -0.0000 -0.9791 -0.2032
vn -0.9361 -0.1206 -0.3303
vn -0.8139 -0.4669 -0.3457
vn -0.8074 -0.4709 -0.3554
vn -0.9340 -0.1277 -0.3337
vn -0.4669 -0.8139 -0.3457
vn -0.4709 -0.8074 -0.3554
vn -0.1206 -0.9361 -0.3303
vn -0.1277 -0.9340 -0.3336
vn 0.8139 -0.4669 -0.3457
vn 0.9361 -0.1206 -0.3303
vn 0.9340 -0.1277 -0.3337
vn 0.8074 -0.4709 -0.3554
vn 0.4669 -0.8139 -0.3457
vn 0.4709 -0.8074 -0.3554
vn 0.1206 -0.9361 -0.3303
vn 0.1277 -0.9340 -0.3336
vn 0.4669 0.8139 -0.3457
vn 0.1206 0.9361 -0.3303
vn 0.1277 0.9340 -0.3337
vn 0.4709 0.8074 -0.3554
vn 0.8139 0.4669 -0.3457
vn 0.8074 0.4709 -0.3554
vn 0.9361 0.1206 -0.3303
vn 0.9340 0.1277 -0.3336
vn -0.1206 0.9361 -0.3303
vn -0.4669 0.8139 -0.3457
vn -0.4709 0.8074 -0.3554
vn -0.1277 0.9340 -0.3337
vn -0.8139 0.4669 -0.3457
vn -0.8074 0.4709 -0.3554
vn -0.9361 0.1206 -0.3303
vn -0.9340 0.1277 -0.3336
vn -0.9368 -0.1233 -0.3274
vn -0.8159 -0.4711 -0.3351
vn -0.4711 -0.8159 -0.3351
vn -0.1233 -0.9368 -0.3274
vn 0.8159 -0.4711 -0.3351
vn 0.9368 -0.1233 -0.3274
vn 0.4711 -0.8159 -0.3351
vn 0.1233 -0.9368 -0.3274
vn 0.4711 0.8159 -0.3351
vn 0.1233 0.9368 -0.3274
vn 0.8159 0.4711 -0.3351
vn 0.9368 0.1233 -0.3274
vn -0.1233 0.9368 -0.3274
vn -0.4711 0.8159 -0.3351
vn -0.8159 0.4711 -0.3351
vn -0.9368 0.1233 -0.3274
vn -1.0000 -0.0000 -0.0064
vn -0.0000 -0.0033 1.0000
vn -0.0000 -0.0220 0.9998
vn 1.0000 -0.0000 0.0067
vn -0.0000 -0.0913 -0.9958
vn -0.0000 -0.1810 -0.9835
vn -0.0000 -0.1811 -0.9835
vn -0.0000 -0.3532 -0.9355
vn -0.0000 -0.3534 -0.9355
vn -0.0000 -0.5095 -0.8605
vn -0.0000 -0.5098 -0.8603
vn -0.0000 -0.6451 -0.7641
vn -0.0000 -0.6454 -0.7638
vn -0.0000 -0.7580 -0.6523
vn -0.0000 -0.7583 -0.6519
vn -0.0000 -0.8479 -0.5301
vn -0.0000 -0.8482 -0.5297
vn -0.0000 -0.9158 -0.4016
vn -0.0000 -0.9160 -0.4011
vn -0.0000 -0.9630 -0.2694
vn -0.0000 -0.9632 -0.2688
vn -0.0000 -0.9773 -0.2117
vn -0.0000 -0.9773 -0.2118
vn -0.0000 -0.9892 -0.1462
vn -0.0000 -0.9893 -0.1456
vn -0.0000 -0.9976 -0.0695
vn -0.0000 -0.0937 0.9956
vn -0.0000 -0.0938 0.9956
vn -0.0000 -0.1974 0.9803
vn -0.0000 -0.1975 0.9803
vn -0.0000 -0.3012 0.9536
vn -0.0000 -0.3013 0.9535
vn -0.0000 -0.4108 0.9117
vn -0.0000 -0.4110 0.9116
vn -0.0000 -0.5273 0.8497
vn -0.0000 -0.5276 0.8495
vn -0.0000 -0.6498 0.7601
vn -0.0000 -0.6501 0.7598
vn -0.0000 -0.7734 0.6339
vn -0.0000 -0.7738 0.6334
vn -0.0000 -0.8864 0.4629
vn -0.0000 -0.8868 0.4622
vn -0.0000 -0.9691 0.2467
vn -0.0000 -0.9693 0.2458
vn -0.0000 -0.9920 0.1265
vn -0.9999 0.0134 -0.0000
vt 0.704557 0.663280
vt 0.698647 0.574417
vt 0.701271 0.575450
vt 0.707549 0.669854
vt 0.704262 0.578748
vt 0.710748 0.676268
vt 0.707561 0.584246
vt 0.714088 0.682391
vt 0.711099 0.591829
vt 0.717502 0.688100
vt 0.714806 0.601345
vt 0.720920 0.693277
vt 0.718604 0.612600
vt 0.724272 0.697817
vt 0.722418 0.625364
vt 0.727490 0.701629
vt 0.726170 0.639378
vt 0.730510 0.704634
vt 0.729783 0.654356
vt 0.733268 0.706771
vt 0.733183 0.669993
vt 0.735710 0.707996
vt 0.736301 0.685971
vt 0.737785 0.708286
vt 0.474622 0.628262
vt 0.474622 0.652246
vt 0.471953 0.653424
vt 0.471953 0.612062
vt 0.468997 0.654610
vt 0.468997 0.596224
vt 0.465813 0.655779
vt 0.465813 0.581071
vt 0.462467 0.656909
vt 0.462467 0.566909
vt 0.459027 0.657976
vt 0.459027 0.554029
vt 0.455562 0.658957
vt 0.455562 0.542691
vt 0.452144 0.659834
vt 0.452144 0.533127
vt 0.448842 0.660589
vt 0.448842 0.525532
vt 0.445723 0.661205
vt 0.445723 0.520060
vt 0.442850 0.661671
vt 0.442850 0.516822
vt 0.440283 0.661977
vt 0.440283 0.515885
vt 0.890396 0.011018
vt 0.903439 0.099153
vt 0.901962 0.106203
vt 0.888106 0.012573
vt 0.900247 0.113147
vt 0.885934 0.016427
vt 0.898331 0.119842
vt 0.883926 0.022502
vt 0.896251 0.126153
vt 0.882121 0.030672
vt 0.894051 0.131951
vt 0.880558 0.040773
vt 0.891775 0.137117
vt 0.879267 0.052599
vt 0.889469 0.141547
vt 0.878276 0.065908
vt 0.887181 0.145151
vt 0.877603 0.080430
vt 0.884956 0.147855
vt 0.877263 0.095870
vt 0.882841 0.149603
vt 0.877263 0.111912
vt 0.880878 0.150362
vt 0.877603 0.128231
vt 0.689497 0.663969
vt 0.687663 0.670764
vt 0.686135 0.677394
vt 0.684942 0.683725
vt 0.684110 0.689627
vt 0.683655 0.694982
vt 0.683586 0.699679
vt 0.683906 0.703623
vt 0.653116 0.902330
vt 0.653116 0.962755
vt 0.650784 0.964376
vt 0.650784 0.900737
vt 0.648284 0.965567
vt 0.648284 0.899584
vt 0.645666 0.966303
vt 0.645666 0.898894
vt 0.642986 0.966569
vt 0.642986 0.898682
vt 0.465173 0.685401
vt 0.465173 0.831727
vt 0.462653 0.831446
vt 0.462653 0.686366
vt 0.459829 0.830999
vt 0.459829 0.689627
vt 0.456757 0.830393
vt 0.456757 0.695120
vt 0.453501 0.829641
vt 0.453501 0.702731
vt 0.450126 0.828759
vt 0.450126 0.712306
vt 0.446702 0.827765
vt 0.446702 0.723651
vt 0.443298 0.826678
vt 0.443298 0.736534
vt 0.439983 0.825522
vt 0.439983 0.750693
vt 0.436826 0.824318
vt 0.436826 0.765839
vt 0.433889 0.823093
vt 0.433889 0.781665
vt 0.431233 0.821870
vt 0.431233 0.797848
vt 0.425370 0.819023
vt 0.425370 0.663366
vt 0.425370 0.517275
vt 0.683586 0.575106
vt 0.480508 0.649507
vt 0.607352 0.922560
vt 0.607624 0.919212
vt 0.627630 0.932787
vt 0.608433 0.915927
vt 0.609764 0.912771
vt 0.611588 0.909809
vt 0.613870 0.907100
vt 0.616562 0.904701
vt 0.619610 0.902659
vt 0.622952 0.901017
vt 0.626520 0.899807
vt 0.630240 0.899055
vt 0.634038 0.898776
vt 0.634038 0.966663
vt 0.630240 0.966464
vt 0.626520 0.965790
vt 0.622952 0.964656
vt 0.619610 0.963084
vt 0.616562 0.961106
vt 0.613870 0.958763
vt 0.611588 0.956103
vt 0.609764 0.953179
vt 0.608433 0.950051
vt 0.607624 0.946782
vt 0.607352 0.943440
vt 0.770490 0.480152
vt 0.764580 0.391288
vt 0.767204 0.392321
vt 0.773482 0.486726
vt 0.770195 0.395620
vt 0.776681 0.493140
vt 0.773493 0.401117
vt 0.780021 0.499263
vt 0.777032 0.408701
vt 0.783435 0.504972
vt 0.780738 0.418217
vt 0.786852 0.510149
vt 0.784537 0.429472
vt 0.790205 0.514689
vt 0.788351 0.442236
vt 0.793423 0.518501
vt 0.792103 0.456250
vt 0.796443 0.521505
vt 0.795715 0.471228
vt 0.799201 0.523642
vt 0.799116 0.486865
vt 0.801643 0.524868
vt 0.802234 0.502843
vt 0.803718 0.525157
vt 0.711270 0.123394
vt 0.711270 0.147378
vt 0.708601 0.148556
vt 0.708601 0.107195
vt 0.705645 0.149742
vt 0.705645 0.091357
vt 0.702461 0.150912
vt 0.702461 0.076203
vt 0.699115 0.152042
vt 0.699115 0.062042
vt 0.695675 0.153108
vt 0.695675 0.049161
vt 0.692210 0.154090
vt 0.692210 0.037823
vt 0.688792 0.154967
vt 0.688792 0.028260
vt 0.685490 0.155721
vt 0.685490 0.020665
vt 0.682371 0.156337
vt 0.682371 0.015192
vt 0.679498 0.156803
vt 0.679498 0.011955
vt 0.676931 0.157109
vt 0.676931 0.011018
vt 0.897399 0.742778
vt 0.910442 0.830912
vt 0.908964 0.837963
vt 0.895108 0.744333
vt 0.907250 0.844907
vt 0.892937 0.748187
vt 0.905334 0.851602
vt 0.890928 0.754261
vt 0.903254 0.857913
vt 0.889124 0.762432
vt 0.901054 0.863710
vt 0.887561 0.772533
vt 0.898778 0.868877
vt 0.886270 0.784359
vt 0.896472 0.873307
vt 0.885278 0.797668
vt 0.894184 0.876911
vt 0.884606 0.812190
vt 0.891959 0.879614
vt 0.884266 0.827629
vt 0.889844 0.881363
vt 0.884266 0.843672
vt 0.887881 0.882122
vt 0.884606 0.859990
vt 0.755429 0.480841
vt 0.753596 0.487636
vt 0.752067 0.494266
vt 0.750875 0.500597
vt 0.750043 0.506499
vt 0.749588 0.511854
vt 0.749519 0.516551
vt 0.749839 0.520495
vt 0.812034 0.873605
vt 0.812034 0.934030
vt 0.809702 0.935652
vt 0.809702 0.872012
vt 0.807202 0.936843
vt 0.807202 0.870860
vt 0.804585 0.937578
vt 0.804585 0.870170
vt 0.801904 0.937844
vt 0.801904 0.869957
vt 0.050820 0.711463
vt 0.050820 0.857789
vt 0.048301 0.857508
vt 0.048301 0.712428
vt 0.045476 0.857061
vt 0.045476 0.715689
vt 0.042405 0.856455
vt 0.042405 0.721181
vt 0.039148 0.855703
vt 0.039148 0.728793
vt 0.035774 0.854821
vt 0.035774 0.738368
vt 0.032350 0.853827
vt 0.032350 0.749713
vt 0.028946 0.852740
vt 0.028946 0.762596
vt 0.025631 0.851583
vt 0.025631 0.776755
vt 0.022473 0.850380
vt 0.022473 0.791901
vt 0.019536 0.849155
vt 0.019536 0.807727
vt 0.016880 0.847932
vt 0.016880 0.823910
vt 0.011018 0.845085
vt 0.662018 0.158499
vt 0.662018 0.012407
vt 0.749519 0.391978
vt 0.717156 0.144640
vt 0.766270 0.893835
vt 0.766542 0.890488
vt 0.786548 0.904062
vt 0.767351 0.887202
vt 0.768682 0.884046
vt 0.770506 0.881084
vt 0.772788 0.878375
vt 0.775480 0.875976
vt 0.778529 0.873934
vt 0.781870 0.872292
vt 0.785438 0.871083
vt 0.789158 0.870331
vt 0.792956 0.870051
vt 0.792956 0.937938
vt 0.789158 0.937739
vt 0.785438 0.937065
vt 0.781870 0.935931
vt 0.778529 0.934359
vt 0.775480 0.932382
vt 0.772788 0.930039
vt 0.770506 0.927378
vt 0.768682 0.924454
vt 0.767351 0.921326
vt 0.766542 0.918058
vt 0.766270 0.914716
vt 0.628323 0.663280
vt 0.622413 0.574417
vt 0.625036 0.575450
vt 0.631315 0.669854
vt 0.628028 0.578748
vt 0.634514 0.676268
vt 0.631326 0.584246
vt 0.637854 0.682391
vt 0.634865 0.591829
vt 0.641267 0.688100
vt 0.638571 0.601346
vt 0.644685 0.693277
vt 0.642370 0.612600
vt 0.648037 0.697817
vt 0.646184 0.625364
vt 0.651256 0.701629
vt 0.649936 0.639378
vt 0.654275 0.704634
vt 0.653548 0.654356
vt 0.657034 0.706771
vt 0.656948 0.669993
vt 0.659476 0.707996
vt 0.660067 0.685972
vt 0.661551 0.708286
vt 0.195225 0.686692
vt 0.195225 0.710676
vt 0.192556 0.711854
vt 0.192556 0.670493
vt 0.189600 0.713040
vt 0.189600 0.654655
vt 0.186416 0.714210
vt 0.186416 0.639501
vt 0.183070 0.715339
vt 0.183070 0.625340
vt 0.179630 0.716406
vt 0.179630 0.612459
vt 0.176166 0.717388
vt 0.176166 0.601121
vt 0.172747 0.718265
vt 0.172747 0.591558
vt 0.169445 0.719019
vt 0.169445 0.583962
vt 0.166326 0.719635
vt 0.166326 0.578490
vt 0.163453 0.720101
vt 0.163453 0.575253
vt 0.160886 0.720407
vt 0.160886 0.574316
vt 0.243371 0.743832
vt 0.256414 0.831967
vt 0.254937 0.839018
vt 0.241081 0.745387
vt 0.253222 0.845961
vt 0.238909 0.749241
vt 0.251306 0.852657
vt 0.236901 0.755316
vt 0.249226 0.858967
vt 0.235097 0.763487
vt 0.247026 0.864765
vt 0.233533 0.773587
vt 0.244750 0.869931
vt 0.232243 0.785413
vt 0.242444 0.874361
vt 0.231251 0.798722
vt 0.240156 0.877965
vt 0.230578 0.813244
vt 0.237932 0.880669
vt 0.230238 0.828684
vt 0.235816 0.882418
vt 0.230238 0.844726
vt 0.233853 0.883176
vt 0.230578 0.861045
vt 0.613262 0.663970
vt 0.611429 0.670764
vt 0.609900 0.677394
vt 0.608708 0.683725
vt 0.607875 0.689628
vt 0.607421 0.694982
vt 0.607352 0.699679
vt 0.607672 0.703623
vt 0.056782 0.883472
vt 0.056782 0.943897
vt 0.054449 0.945519
vt 0.054449 0.881879
vt 0.051949 0.946710
vt 0.051949 0.880727
vt 0.049332 0.947445
vt 0.049332 0.880037
vt 0.046651 0.947711
vt 0.046651 0.879824
vt 0.865556 0.235384
vt 0.865556 0.381710
vt 0.863037 0.381429
vt 0.863037 0.236348
vt 0.860212 0.380981
vt 0.860212 0.239610
vt 0.857140 0.380375
vt 0.857140 0.245102
vt 0.853884 0.379624
vt 0.853884 0.252714
vt 0.850510 0.378742
vt 0.850510 0.262289
vt 0.847086 0.377748
vt 0.847086 0.273634
vt 0.843681 0.376661
vt 0.843681 0.286517
vt 0.840367 0.375504
vt 0.840367 0.300675
vt 0.837209 0.374301
vt 0.837209 0.315822
vt 0.834272 0.373075
vt 0.834272 0.331648
vt 0.831616 0.371853
vt 0.831616 0.347831
vt 0.825754 0.369005
vt 0.145973 0.721797
vt 0.145974 0.575705
vt 0.607352 0.575106
vt 0.201111 0.707938
vt 0.011018 0.903702
vt 0.011289 0.900355
vt 0.031296 0.913929
vt 0.012099 0.897069
vt 0.013429 0.893913
vt 0.015254 0.890951
vt 0.017536 0.888242
vt 0.020228 0.885843
vt 0.023276 0.883801
vt 0.026618 0.882159
vt 0.030185 0.880949
vt 0.033906 0.880198
vt 0.037703 0.879918
vt 0.037703 0.947805
vt 0.033906 0.947606
vt 0.030185 0.946932
vt 0.026618 0.945798
vt 0.023276 0.944226
vt 0.020228 0.942249
vt 0.017536 0.939906
vt 0.015254 0.937245
vt 0.013429 0.934321
vt 0.012099 0.931193
vt 0.011289 0.927925
vt 0.011018 0.924583
vt 0.780792 0.663280
vt 0.774882 0.574417
vt 0.777505 0.575450
vt 0.783784 0.669854
vt 0.780497 0.578748
vt 0.786982 0.676268
vt 0.783795 0.584246
vt 0.790322 0.682391
vt 0.787334 0.591829
vt 0.793736 0.688100
vt 0.791040 0.601345
vt 0.797154 0.693277
vt 0.794839 0.612600
vt 0.800506 0.697817
vt 0.798653 0.625364
vt 0.803725 0.701629
vt 0.802404 0.639378
vt 0.806744 0.704634
vt 0.806017 0.654356
vt 0.809503 0.706771
vt 0.809417 0.669993
vt 0.811945 0.707996
vt 0.812536 0.685971
vt 0.814020 0.708286
vt 0.272398 0.686692
vt 0.272398 0.710676
vt 0.269729 0.711854
vt 0.269729 0.670493
vt 0.266772 0.713040
vt 0.266772 0.654655
vt 0.263589 0.714210
vt 0.263589 0.639501
vt 0.260243 0.715339
vt 0.260243 0.625340
vt 0.256803 0.716406
vt 0.256803 0.612459
vt 0.253338 0.717388
vt 0.253338 0.601121
vt 0.249920 0.718265
vt 0.249920 0.591558
vt 0.246618 0.719019
vt 0.246618 0.583962
vt 0.243499 0.719635
vt 0.243499 0.578490
vt 0.240626 0.720101
vt 0.240626 0.575253
vt 0.238058 0.720407
vt 0.238059 0.574316
vt 0.900725 0.235384
vt 0.913767 0.323519
vt 0.912290 0.330570
vt 0.898434 0.236940
vt 0.910576 0.337513
vt 0.896262 0.240794
vt 0.908659 0.344209
vt 0.894254 0.246868
vt 0.906580 0.350519
vt 0.892450 0.255039
vt 0.904379 0.356317
vt 0.890886 0.265140
vt 0.902103 0.361483
vt 0.889596 0.276965
vt 0.899798 0.365914
vt 0.888604 0.290274
vt 0.897509 0.369517
vt 0.887932 0.304797
vt 0.895285 0.372221
vt 0.887592 0.320236
vt 0.893170 0.373970
vt 0.887592 0.336278
vt 0.891207 0.374728
vt 0.887932 0.352597
vt 0.765731 0.663969
vt 0.763897 0.670764
vt 0.762369 0.677394
vt 0.761176 0.683725
vt 0.760344 0.689627
vt 0.759889 0.694982
vt 0.759821 0.699679
vt 0.760140 0.703623
vt 0.881819 0.907805
vt 0.881819 0.968230
vt 0.879487 0.969851
vt 0.879487 0.906212
vt 0.876987 0.971042
vt 0.876987 0.905059
vt 0.874369 0.971778
vt 0.874369 0.904370
vt 0.871688 0.972044
vt 0.871688 0.904157
vt 0.647155 0.730321
vt 0.647155 0.876647
vt 0.644635 0.876366
vt 0.644635 0.731285
vt 0.641811 0.875918
vt 0.641811 0.734547
vt 0.638739 0.875312
vt 0.638739 0.740039
vt 0.635483 0.874561
vt 0.635483 0.747651
vt 0.632108 0.873679
vt 0.632108 0.757226
vt 0.628684 0.872684
vt 0.628684 0.768571
vt 0.625280 0.871598
vt 0.625280 0.781453
vt 0.621965 0.870441
vt 0.621965 0.795612
vt 0.618807 0.869238
vt 0.618807 0.810759
vt 0.615871 0.868012
vt 0.615871 0.826585
vt 0.613215 0.866790
vt 0.613215 0.842768
vt 0.607352 0.863942
vt 0.223146 0.721797
vt 0.223146 0.575705
vt 0.759821 0.575106
vt 0.278283 0.707938
vt 0.836055 0.928035
vt 0.836327 0.924687
vt 0.856333 0.938262
vt 0.837136 0.921402
vt 0.838467 0.918246
vt 0.840291 0.915284
vt 0.842573 0.912575
vt 0.845265 0.910176
vt 0.848313 0.908134
vt 0.851655 0.906492
vt 0.855223 0.905282
vt 0.858943 0.904530
vt 0.862741 0.904251
vt 0.862741 0.972138
vt 0.858943 0.971939
vt 0.855223 0.971265
vt 0.851655 0.970131
vt 0.848313 0.968559
vt 0.845265 0.966581
vt 0.842573 0.964238
vt 0.840291 0.961578
vt 0.838467 0.958654
vt 0.837136 0.955526
vt 0.836327 0.952257
vt 0.836055 0.948915
vt 0.760162 0.099882
vt 0.754252 0.011018
vt 0.756875 0.012051
vt 0.763154 0.106455
vt 0.759867 0.015349
vt 0.766352 0.112869
vt 0.763165 0.020847
vt 0.769692 0.118992
vt 0.766704 0.028430
vt 0.773106 0.124701
vt 0.770410 0.037947
vt 0.776524 0.129878
vt 0.774209 0.049201
vt 0.779876 0.134418
vt 0.778023 0.061965
vt 0.783095 0.138230
vt 0.781774 0.075979
vt 0.786114 0.141235
vt 0.785387 0.090957
vt 0.788873 0.143372
vt 0.788787 0.106594
vt 0.791315 0.144597
vt 0.791906 0.122573
vt 0.793390 0.144887
vt 0.568191 0.347761
vt 0.568191 0.371744
vt 0.565522 0.372923
vt 0.565522 0.331561
vt 0.562566 0.374109
vt 0.562566 0.315723
vt 0.559382 0.375278
vt 0.559382 0.300569
vt 0.556036 0.376408
vt 0.556036 0.286408
vt 0.552596 0.377474
vt 0.552596 0.273527
vt 0.549132 0.378456
vt 0.549132 0.262190
vt 0.545714 0.379333
vt 0.545714 0.252626
vt 0.542411 0.380087
vt 0.542411 0.245031
vt 0.539292 0.380704
vt 0.539292 0.239559
vt 0.536420 0.381170
vt 0.536420 0.236321
vt 0.533852 0.381475
vt 0.533852 0.235384
vt 0.900725 0.396764
vt 0.913767 0.484899
vt 0.912290 0.491949
vt 0.898434 0.398319
vt 0.910576 0.498893
vt 0.896262 0.402173
vt 0.908659 0.505588
vt 0.894254 0.408247
vt 0.906580 0.511899
vt 0.892450 0.416418
vt 0.904380 0.517696
vt 0.890887 0.426519
vt 0.902103 0.522863
vt 0.889596 0.438345
vt 0.899798 0.527293
vt 0.888604 0.451654
vt 0.897509 0.530897
vt 0.887932 0.466176
vt 0.895285 0.533600
vt 0.887592 0.481615
vt 0.893170 0.535349
vt 0.887592 0.497658
vt 0.891207 0.536108
vt 0.887932 0.513977
vt 0.745101 0.100571
vt 0.743267 0.107365
vt 0.741739 0.113995
vt 0.740546 0.120326
vt 0.739714 0.126229
vt 0.739259 0.131583
vt 0.739191 0.136280
vt 0.739510 0.140224
vt 0.949619 0.907805
vt 0.949619 0.968230
vt 0.947286 0.969851
vt 0.947286 0.906212
vt 0.944786 0.971042
vt 0.944786 0.905059
vt 0.942169 0.971778
vt 0.942169 0.904370
vt 0.939488 0.972044
vt 0.939488 0.904157
vt 0.855228 0.011018
vt 0.855228 0.157343
vt 0.852708 0.157063
vt 0.852708 0.011982
vt 0.849884 0.156615
vt 0.849884 0.015243
vt 0.846812 0.156009
vt 0.846812 0.020736
vt 0.843556 0.155257
vt 0.843556 0.028347
vt 0.840181 0.154376
vt 0.840181 0.037923
vt 0.836757 0.153381
vt 0.836757 0.049267
vt 0.833353 0.152294
vt 0.833353 0.062150
vt 0.830038 0.151138
vt 0.830038 0.076309
vt 0.826880 0.149934
vt 0.826880 0.091455
vt 0.823944 0.148709
vt 0.823944 0.107281
vt 0.821288 0.147486
vt 0.821288 0.123464
vt 0.815425 0.144639
vt 0.518940 0.382865
vt 0.518940 0.236774
vt 0.739191 0.011707
vt 0.574077 0.369006
vt 0.903855 0.928035
vt 0.904126 0.924687
vt 0.924133 0.938262
vt 0.904936 0.921402
vt 0.906266 0.918246
vt 0.908091 0.915284
vt 0.910373 0.912575
vt 0.913065 0.910176
vt 0.916113 0.908134
vt 0.919455 0.906492
vt 0.923022 0.905282
vt 0.926743 0.904530
vt 0.930540 0.904251
vt 0.930540 0.972138
vt 0.926743 0.971939
vt 0.923022 0.971265
vt 0.919455 0.970131
vt 0.916113 0.968559
vt 0.913065 0.966581
vt 0.910373 0.964238
vt 0.908091 0.961578
vt 0.906266 0.958654
vt 0.904936 0.955526
vt 0.904126 0.952257
vt 0.903855 0.948915
vt 0.694256 0.324248
vt 0.688346 0.235384
vt 0.690969 0.236417
vt 0.697248 0.330822
vt 0.693961 0.239716
vt 0.700446 0.337235
vt 0.697259 0.245213
vt 0.703786 0.343359
vt 0.700798 0.252797
vt 0.707200 0.349067
vt 0.704504 0.262313
vt 0.710618 0.354244
vt 0.708303 0.273568
vt 0.713970 0.358785
vt 0.712117 0.286332
vt 0.717189 0.362596
vt 0.715868 0.300345
vt 0.720208 0.365601
vt 0.719481 0.315323
vt 0.722967 0.367738
vt 0.722881 0.330961
vt 0.725409 0.368964
vt 0.726000 0.346939
vt 0.727484 0.369253
vt 0.645364 0.347761
vt 0.645364 0.371744
vt 0.642695 0.372922
vt 0.642695 0.331561
vt 0.639739 0.374109
vt 0.639739 0.315723
vt 0.636555 0.375278
vt 0.636555 0.300569
vt 0.633209 0.376408
vt 0.633209 0.286408
vt 0.629769 0.377474
vt 0.629769 0.273527
vt 0.626304 0.378456
vt 0.626304 0.262190
vt 0.622886 0.379333
vt 0.622886 0.252626
vt 0.619584 0.380087
vt 0.619584 0.245031
vt 0.616465 0.380704
vt 0.616465 0.239559
vt 0.613592 0.381170
vt 0.613592 0.236321
vt 0.611025 0.381475
vt 0.611025 0.235384
vt 0.938607 0.011018
vt 0.951650 0.099153
vt 0.950173 0.106203
vt 0.936317 0.012573
vt 0.948458 0.113147
vt 0.934145 0.016427
vt 0.946542 0.119842
vt 0.932137 0.022501
vt 0.944462 0.126153
vt 0.930332 0.030672
vt 0.942262 0.131951
vt 0.928769 0.040773
vt 0.939986 0.137117
vt 0.927478 0.052599
vt 0.937680 0.141547
vt 0.926487 0.065908
vt 0.935392 0.145151
vt 0.925814 0.080430
vt 0.933167 0.147854
vt 0.925474 0.095870
vt 0.931052 0.149603
vt 0.925474 0.111912
vt 0.929089 0.150362
vt 0.925814 0.128231
vt 0.679195 0.324937
vt 0.677362 0.331731
vt 0.675833 0.338361
vt 0.674640 0.344692
vt 0.673808 0.350595
vt 0.673353 0.355949
vt 0.673285 0.360646
vt 0.673604 0.364590
vt 0.276003 0.908859
vt 0.276003 0.969284
vt 0.273670 0.970905
vt 0.273670 0.907266
vt 0.271170 0.972096
vt 0.271170 0.906113
vt 0.268553 0.972832
vt 0.268553 0.905424
vt 0.265872 0.973098
vt 0.265872 0.905211
vt 0.112659 0.711463
vt 0.112659 0.857789
vt 0.110139 0.857508
vt 0.110139 0.712428
vt 0.107314 0.857061
vt 0.107314 0.715689
vt 0.104243 0.856455
vt 0.104243 0.721182
vt 0.100987 0.855703
vt 0.100987 0.728793
vt 0.097612 0.854821
vt 0.097612 0.738368
vt 0.094188 0.853827
vt 0.094188 0.749713
vt 0.090784 0.852740
vt 0.090784 0.762596
vt 0.087469 0.851583
vt 0.087469 0.776755
vt 0.084311 0.850380
vt 0.084311 0.791901
vt 0.081374 0.849155
vt 0.081374 0.807727
vt 0.078719 0.847932
vt 0.078719 0.823910
vt 0.072856 0.845085
vt 0.596112 0.382865
vt 0.596112 0.236774
vt 0.673285 0.236073
vt 0.651250 0.369006
vt 0.230238 0.929089
vt 0.230510 0.925741
vt 0.250516 0.939316
vt 0.231319 0.922456
vt 0.232650 0.919300
vt 0.234475 0.916338
vt 0.236756 0.913629
vt 0.239449 0.911230
vt 0.242497 0.909188
vt 0.245839 0.907546
vt 0.249406 0.906336
vt 0.253126 0.905584
vt 0.256924 0.905305
vt 0.256924 0.973192
vt 0.253126 0.972993
vt 0.249406 0.972319
vt 0.245839 0.971185
vt 0.242497 0.969613
vt 0.239449 0.967635
vt 0.236756 0.965292
vt 0.234475 0.962632
vt 0.232650 0.959708
vt 0.231319 0.956580
vt 0.230510 0.953312
vt 0.230238 0.949970
vt 0.770490 0.324248
vt 0.764580 0.235384
vt 0.767204 0.236417
vt 0.773482 0.330822
vt 0.770195 0.239716
vt 0.776681 0.337235
vt 0.773493 0.245213
vt 0.780021 0.343359
vt 0.777032 0.252797
vt 0.783434 0.349067
vt 0.780738 0.262313
vt 0.786852 0.354244
vt 0.784537 0.273568
vt 0.790205 0.358785
vt 0.788351 0.286332
vt 0.793423 0.362596
vt 0.792103 0.300345
vt 0.796443 0.365601
vt 0.795715 0.315323
vt 0.799201 0.367738
vt 0.799115 0.330961
vt 0.801643 0.368964
vt 0.802234 0.346939
vt 0.803718 0.369253
vt 0.645364 0.517277
vt 0.645364 0.541261
vt 0.642695 0.542439
vt 0.642695 0.501077
vt 0.639739 0.543625
vt 0.639739 0.485240
vt 0.636555 0.544795
vt 0.636555 0.470086
vt 0.633209 0.545924
vt 0.633209 0.455924
vt 0.629769 0.546991
vt 0.629769 0.443044
vt 0.626304 0.547973
vt 0.626304 0.431706
vt 0.622886 0.548849
vt 0.622886 0.422142
vt 0.619584 0.549604
vt 0.619584 0.414547
vt 0.616465 0.550220
vt 0.616465 0.409075
vt 0.613592 0.550686
vt 0.613592 0.405838
vt 0.611025 0.550992
vt 0.611025 0.404900
vt 0.945610 0.742778
vt 0.958653 0.830912
vt 0.957175 0.837963
vt 0.943319 0.744333
vt 0.955461 0.844907
vt 0.941148 0.748187
vt 0.953544 0.851602
vt 0.939139 0.754261
vt 0.951465 0.857913
vt 0.937335 0.762432
vt 0.949265 0.863710
vt 0.935772 0.772533
vt 0.946989 0.868877
vt 0.934481 0.784359
vt 0.944683 0.873307
vt 0.933489 0.797668
vt 0.942395 0.876911
vt 0.932817 0.812190
vt 0.940170 0.879614
vt 0.932477 0.827629
vt 0.938055 0.881363
vt 0.932477 0.843672
vt 0.936092 0.882122
vt 0.932817 0.859991
vt 0.755429 0.324937
vt 0.753596 0.331731
vt 0.752067 0.338361
vt 0.750875 0.344692
vt 0.750042 0.350595
vt 0.749588 0.355949
vt 0.749519 0.360646
vt 0.749839 0.364590
vt 0.981567 0.405929
vt 0.981567 0.466354
vt 0.979235 0.467975
vt 0.979235 0.404336
vt 0.976734 0.469166
vt 0.976734 0.403183
vt 0.974117 0.469902
vt 0.974117 0.402494
vt 0.971436 0.470168
vt 0.971436 0.402281
vt 0.865556 0.403745
vt 0.865556 0.550071
vt 0.863037 0.549790
vt 0.863037 0.404709
vt 0.860212 0.549342
vt 0.860212 0.407971
vt 0.857141 0.548737
vt 0.857141 0.413463
vt 0.853884 0.547985
vt 0.853884 0.421075
vt 0.850510 0.547103
vt 0.850510 0.430650
vt 0.847086 0.546109
vt 0.847086 0.441995
vt 0.843682 0.545022
vt 0.843682 0.454878
vt 0.840367 0.543865
vt 0.840367 0.469036
vt 0.837209 0.542662
vt 0.837209 0.484183
vt 0.834272 0.541436
vt 0.834272 0.500009
vt 0.831616 0.540214
vt 0.831616 0.516192
vt 0.825754 0.537366
vt 0.596112 0.552381
vt 0.596112 0.406290
vt 0.749519 0.236073
vt 0.651250 0.538522
vt 0.935803 0.426159
vt 0.936074 0.422811
vt 0.956081 0.436386
vt 0.936884 0.419526
vt 0.938214 0.416370
vt 0.940039 0.413408
vt 0.942321 0.410699
vt 0.945013 0.408300
vt 0.948061 0.406258
vt 0.951403 0.404616
vt 0.954970 0.403406
vt 0.958691 0.402654
vt 0.962489 0.402375
vt 0.962489 0.470262
vt 0.958691 0.470063
vt 0.954970 0.469389
vt 0.951403 0.468255
vt 0.948061 0.466683
vt 0.945013 0.464705
vt 0.942321 0.462362
vt 0.940039 0.459702
vt 0.938214 0.456778
vt 0.936884 0.453650
vt 0.936074 0.450381
vt 0.935803 0.447039
vt 0.333827 0.771480
vt 0.327917 0.682617
vt 0.330541 0.683650
vt 0.336819 0.778054
vt 0.333532 0.686948
vt 0.340018 0.784468
vt 0.336830 0.692445
vt 0.343358 0.790591
vt 0.340369 0.700029
vt 0.346771 0.796300
vt 0.344075 0.709545
vt 0.350189 0.801477
vt 0.347874 0.720800
vt 0.353542 0.806017
vt 0.351688 0.733564
vt 0.356760 0.809829
vt 0.355440 0.747578
vt 0.359780 0.812834
vt 0.359052 0.762556
vt 0.362538 0.814971
vt 0.362453 0.778193
vt 0.364980 0.816196
vt 0.365571 0.794171
vt 0.367055 0.816486
vt 0.568191 0.517277
vt 0.568191 0.541261
vt 0.565522 0.542439
vt 0.565522 0.501077
vt 0.562566 0.543625
vt 0.562566 0.485239
vt 0.559382 0.544795
vt 0.559382 0.470086
vt 0.556036 0.545924
vt 0.556036 0.455924
vt 0.552596 0.546991
vt 0.552596 0.443044
vt 0.549132 0.547972
vt 0.549132 0.431706
vt 0.545714 0.548849
vt 0.545714 0.422142
vt 0.542411 0.549604
vt 0.542411 0.414547
vt 0.539292 0.550220
vt 0.539292 0.409075
vt 0.536420 0.550686
vt 0.536420 0.405838
vt 0.533852 0.550992
vt 0.533852 0.404900
vt 0.911026 0.574417
vt 0.924069 0.662552
vt 0.922592 0.669602
vt 0.908736 0.575972
vt 0.920877 0.676546
vt 0.906564 0.579826
vt 0.918961 0.683241
vt 0.904556 0.585900
vt 0.916881 0.689552
vt 0.902752 0.594071
vt 0.914681 0.695350
vt 0.901188 0.604172
vt 0.912405 0.700516
vt 0.899897 0.615998
vt 0.910099 0.704946
vt 0.898906 0.629307
vt 0.907811 0.708550
vt 0.898233 0.643829
vt 0.905586 0.711253
vt 0.897893 0.659269
vt 0.903471 0.713002
vt 0.897893 0.675311
vt 0.901508 0.713761
vt 0.898233 0.691630
vt 0.318766 0.772169
vt 0.316933 0.778964
vt 0.315404 0.785594
vt 0.314212 0.791925
vt 0.313380 0.797827
vt 0.312925 0.803182
vt 0.312856 0.807879
vt 0.313176 0.811823
vt 0.564704 0.884914
vt 0.564704 0.945339
vt 0.562371 0.946960
vt 0.562371 0.883321
vt 0.559871 0.948151
vt 0.559871 0.882168
vt 0.557254 0.948887
vt 0.557254 0.881479
vt 0.554573 0.949153
vt 0.554573 0.881266
vt 0.875858 0.574417
vt 0.875858 0.720742
vt 0.873338 0.720462
vt 0.873338 0.575381
vt 0.870514 0.720014
vt 0.870514 0.578642
vt 0.867442 0.719408
vt 0.867442 0.584135
vt 0.864186 0.718656
vt 0.864186 0.591746
vt 0.860811 0.717775
vt 0.860811 0.601322
vt 0.857387 0.716780
vt 0.857387 0.612666
vt 0.853983 0.715693
vt 0.853983 0.625549
vt 0.850668 0.714537
vt 0.850668 0.639708
vt 0.847510 0.713333
vt 0.847510 0.654854
vt 0.844574 0.712108
vt 0.844574 0.670680
vt 0.841918 0.710886
vt 0.841918 0.686863
vt 0.836055 0.708038
vt 0.518940 0.552381
vt 0.518940 0.406290
vt 0.312856 0.683306
vt 0.574077 0.538522
vt 0.518940 0.905144
vt 0.519211 0.901796
vt 0.539218 0.915371
vt 0.520021 0.898511
vt 0.521351 0.895355
vt 0.523176 0.892393
vt 0.525458 0.889684
vt 0.528150 0.887285
vt 0.531198 0.885243
vt 0.534540 0.883601
vt 0.538107 0.882391
vt 0.541828 0.881639
vt 0.545625 0.881360
vt 0.545625 0.949247
vt 0.541828 0.949048
vt 0.538107 0.948374
vt 0.534540 0.947240
vt 0.531198 0.945668
vt 0.528150 0.943690
vt 0.525458 0.941347
vt 0.523176 0.938687
vt 0.521351 0.935763
vt 0.520021 0.932635
vt 0.519211 0.929366
vt 0.518940 0.926024
vt 0.694256 0.480152
vt 0.688346 0.391288
vt 0.690969 0.392321
vt 0.697248 0.486726
vt 0.693961 0.395620
vt 0.700446 0.493140
vt 0.697259 0.401117
vt 0.703786 0.499263
vt 0.700798 0.408701
vt 0.707200 0.504972
vt 0.704504 0.418217
vt 0.710618 0.510149
vt 0.708303 0.429472
vt 0.713970 0.514689
vt 0.712117 0.442236
vt 0.717189 0.518501
vt 0.715868 0.456250
vt 0.720208 0.521505
vt 0.719481 0.471228
vt 0.722967 0.523642
vt 0.722881 0.486865
vt 0.725409 0.524868
vt 0.726000 0.502843
vt 0.727484 0.525157
vt 0.634097 0.123394
vt 0.634097 0.147378
vt 0.631428 0.148556
vt 0.631428 0.107195
vt 0.628472 0.149742
vt 0.628472 0.091357
vt 0.625288 0.150912
vt 0.625288 0.076203
vt 0.621942 0.152041
vt 0.621942 0.062042
vt 0.618502 0.153108
vt 0.618502 0.049161
vt 0.615038 0.154090
vt 0.615038 0.037823
vt 0.611620 0.154967
vt 0.611620 0.028260
vt 0.608317 0.155721
vt 0.608317 0.020664
vt 0.605198 0.156337
vt 0.605198 0.015192
vt 0.602326 0.156803
vt 0.602325 0.011955
vt 0.599758 0.157109
vt 0.599758 0.011018
vt 0.849188 0.742778
vt 0.862231 0.830913
vt 0.860753 0.837963
vt 0.846897 0.744333
vt 0.859039 0.844907
vt 0.844726 0.748187
vt 0.857123 0.851602
vt 0.842717 0.754261
vt 0.855043 0.857913
vt 0.840913 0.762432
vt 0.852843 0.863711
vt 0.839350 0.772533
vt 0.850567 0.868877
vt 0.838059 0.784359
vt 0.848261 0.873307
vt 0.837067 0.797668
vt 0.845973 0.876911
vt 0.836395 0.812190
vt 0.843748 0.879614
vt 0.836055 0.827629
vt 0.841633 0.881363
vt 0.836055 0.843672
vt 0.839670 0.882122
vt 0.836395 0.859991
vt 0.679195 0.480841
vt 0.677361 0.487636
vt 0.675833 0.494266
vt 0.674640 0.500597
vt 0.673808 0.506499
vt 0.673353 0.511854
vt 0.673285 0.516551
vt 0.673604 0.520495
vt 0.471134 0.857410
vt 0.471134 0.917835
vt 0.468802 0.919457
vt 0.468802 0.855818
vt 0.466302 0.920648
vt 0.466302 0.854665
vt 0.463685 0.921384
vt 0.463685 0.853975
vt 0.461004 0.921650
vt 0.461004 0.853763
vt 0.558743 0.712905
vt 0.558743 0.859231
vt 0.556223 0.858950
vt 0.556223 0.713869
vt 0.553398 0.858502
vt 0.553398 0.717131
vt 0.550327 0.857897
vt 0.550327 0.722623
vt 0.547070 0.857145
vt 0.547070 0.730235
vt 0.543696 0.856263
vt 0.543696 0.739810
vt 0.540272 0.855269
vt 0.540272 0.751155
vt 0.536868 0.854182
vt 0.536868 0.764038
vt 0.533553 0.853025
vt 0.533553 0.778196
vt 0.530395 0.851822
vt 0.530395 0.793343
vt 0.527458 0.850596
vt 0.527458 0.809169
vt 0.524802 0.849374
vt 0.524802 0.825352
vt 0.518940 0.846526
vt 0.584846 0.158499
vt 0.584846 0.012407
vt 0.673285 0.391978
vt 0.639983 0.144640
vt 0.425370 0.877641
vt 0.425642 0.874293
vt 0.445648 0.887868
vt 0.426451 0.871008
vt 0.427782 0.867852
vt 0.429607 0.864889
vt 0.431888 0.862181
vt 0.434581 0.859781
vt 0.437629 0.857739
vt 0.440970 0.856097
vt 0.444538 0.854888
vt 0.448258 0.854136
vt 0.452056 0.853857
vt 0.452056 0.921744
vt 0.448258 0.921544
vt 0.444538 0.920871
vt 0.440970 0.919736
vt 0.437629 0.918164
vt 0.434581 0.916187
vt 0.431888 0.913844
vt 0.429607 0.911183
vt 0.427782 0.908259
vt 0.426451 0.905131
vt 0.425642 0.901863
vt 0.425370 0.898521
vt 0.054623 0.208186
vt 0.040112 0.208110
vt 0.050483 0.120713
vt 0.064994 0.120789
vt 0.533204 0.014697
vt 0.547469 0.018376
vt 0.548545 0.105331
vt 0.534280 0.101652
vt 0.518940 0.011018
vt 0.520016 0.097973
vt 0.561734 0.022055
vt 0.562810 0.109011
vt 0.401925 0.195509
vt 0.386551 0.197525
vt 0.378393 0.115151
vt 0.393768 0.113135
vt 0.060787 0.015735
vt 0.061913 0.013827
vt 0.062924 0.066884
vt 0.060242 0.017989
vt 0.683586 0.771206
vt 0.703803 0.771206
vt 0.703803 0.818821
vt 0.683586 0.818821
vt 0.063447 0.012556
vt 0.065155 0.012116
vt 0.123938 0.011018
vt 0.113899 0.116690
vt 0.102391 0.064067
vt 0.080625 0.109072
vt 0.089824 0.012244
vt 0.113065 0.118797
vt 0.112300 0.119462
vt 0.724019 0.771206
vt 0.744235 0.771206
vt 0.744235 0.818821
vt 0.724019 0.818821
vt 0.494053 0.043478
vt 0.479496 0.041217
vt 0.481213 0.011194
vt 0.495770 0.013455
vt 0.082557 0.888920
vt 0.083671 0.893235
vt 0.081474 0.890541
vt 0.086470 0.885621
vt 0.085086 0.886429
vt 0.087889 0.892778
vt 0.087889 0.885132
vt 0.389091 0.739776
vt 0.402907 0.738432
vt 0.402907 0.753163
vt 0.389091 0.754508
vt 0.877263 0.172397
vt 0.897479 0.172397
vt 0.897479 0.203550
vt 0.877263 0.203550
vt 0.278449 0.744997
vt 0.290422 0.743832
vt 0.290422 0.758564
vt 0.278449 0.759728
vt 0.183459 0.964411
vt 0.183675 0.933594
vt 0.203888 0.933412
vt 0.203672 0.964230
vt 0.083353 0.899653
vt 0.972231 0.976056
vt 0.974715 0.919789
vt 0.988982 0.916120
vt 0.986499 0.972387
vt 0.986314 0.974156
vt 0.972046 0.977825
vt 0.985922 0.975811
vt 0.971654 0.979480
vt 0.183675 0.977089
vt 0.183641 0.976101
vt 0.203854 0.975919
vt 0.203888 0.976907
vt 0.183607 0.974871
vt 0.203820 0.974689
vt 0.183575 0.973428
vt 0.203787 0.973247
vt 0.183544 0.971810
vt 0.203757 0.971628
vt 0.183517 0.970054
vt 0.203730 0.969873
vt 0.183493 0.968206
vt 0.203706 0.968024
vt 0.183474 0.966309
vt 0.203687 0.966127
vt 0.897479 0.205430
vt 0.877263 0.205430
vt 0.897479 0.207241
vt 0.877263 0.207241
vt 0.897479 0.208937
vt 0.877263 0.208937
vt 0.897479 0.210477
vt 0.877263 0.210477
vt 0.985922 0.904157
vt 0.986885 0.905859
vt 0.972618 0.909528
vt 0.971654 0.907826
vt 0.987690 0.907741
vt 0.973422 0.911411
vt 0.988314 0.909760
vt 0.974047 0.913429
vt 0.988744 0.911864
vt 0.974476 0.915533
vt 0.988969 0.914001
vt 0.974701 0.917670
vt 0.083771 0.887538
vt 0.087889 0.904467
vt 0.087788 0.898514
vt 0.088111 0.902610
vt 0.605062 0.205866
vt 0.605062 0.207446
vt 0.584848 0.207177
vt 0.584848 0.205597
vt 0.605062 0.208947
vt 0.584847 0.208678
vt 0.605061 0.210267
vt 0.584847 0.209998
vt 0.605060 0.211316
vt 0.584846 0.211047
vt 0.146755 0.986611
vt 0.146326 0.985207
vt 0.160995 0.986570
vt 0.161424 0.987974
vt 0.146175 0.983667
vt 0.160844 0.985030
vt 0.092372 0.954570
vt 0.087775 0.955778
vt 0.091212 0.954644
vt 0.968480 0.660611
vt 0.956916 0.654189
vt 0.968480 0.654576
vt 0.584846 0.180534
vt 0.605060 0.180803
vt 0.087889 0.967315
vt 0.083601 0.962126
vt 0.087889 0.961471
vt 0.968480 0.575754
vt 0.956773 0.581647
vt 0.946104 0.574417
vt 0.968480 0.642507
vt 0.968591 0.648683
vt 0.968334 0.644059
vt 0.964134 0.589424
vt 0.968578 0.589554
vt 0.965477 0.589799
vt 0.647351 0.205401
vt 0.647346 0.207207
vt 0.627133 0.207257
vt 0.627137 0.205450
vt 0.647332 0.208747
vt 0.627119 0.208796
vt 0.647311 0.209868
vt 0.627098 0.209917
vt 0.161424 0.934776
vt 0.160838 0.936519
vt 0.146170 0.935156
vt 0.146755 0.933412
vt 0.160642 0.938400
vt 0.145974 0.937037
vt 0.973134 0.619391
vt 0.972826 0.648801
vt 0.972588 0.654492
vt 0.078817 0.957687
vt 0.083031 0.928228
vt 0.083353 0.956657
vt 0.647351 0.180534
vt 0.627137 0.180583
vt 0.972522 0.583372
vt 0.968480 0.583648
vt 0.111246 0.879824
vt 0.100110 0.888740
vt 0.475331 0.389854
vt 0.458610 0.387256
vt 0.476874 0.215426
vt 0.080550 0.892361
vt 0.079806 0.894335
vt 0.079261 0.896414
vt 0.078929 0.898548
vt 0.078817 0.900684
vt 0.972826 0.589943
vt 0.977171 0.590203
vt 0.977064 0.588017
vt 0.976746 0.585873
vt 0.976224 0.583822
vt 0.975511 0.581916
vt 0.974626 0.580201
vt 0.973589 0.578720
vt 0.972426 0.577508
vt 0.971166 0.576596
vt 0.969840 0.576007
vt 0.969840 0.660544
vt 0.971166 0.660181
vt 0.972426 0.659532
vt 0.973589 0.658612
vt 0.974626 0.657443
vt 0.975511 0.656056
vt 0.976224 0.654484
vt 0.976746 0.652765
vt 0.977064 0.650943
vt 0.977171 0.649061
vt 0.078929 0.959491
vt 0.079261 0.961199
vt 0.079806 0.962770
vt 0.080550 0.964165
vt 0.081474 0.965349
vt 0.082557 0.966295
vt 0.083771 0.966977
vt 0.085086 0.967380
vt 0.086470 0.967494
vt 0.090131 0.954315
vt 0.089202 0.953605
vt 0.088490 0.952562
vt 0.088042 0.951258
vt 0.087889 0.949781
vt 0.088756 0.900835
vt 0.089759 0.899314
vt 0.091024 0.898196
vt 0.092426 0.897592
vt 0.966689 0.590729
vt 0.967650 0.592121
vt 0.968267 0.593841
vt 0.968480 0.595718
vt 0.967905 0.645488
vt 0.967224 0.646694
vt 0.966335 0.647596
vt 0.965301 0.648134
vt 0.964191 0.648268
vt 0.031566 0.557003
vt 0.012649 0.209563
vt 0.020919 0.208808
vt 0.039860 0.556246
vt 0.030562 0.208274
vt 0.049532 0.555710
vt 0.038994 0.208104
vt 0.057988 0.555540
vt 0.033627 0.597388
vt 0.041963 0.596627
vt 0.051683 0.596088
vt 0.060182 0.595917
vt 0.061455 0.619032
vt 0.052897 0.619205
vt 0.043110 0.619747
vt 0.034716 0.620513
vt 0.062564 0.638951
vt 0.053933 0.639125
vt 0.044063 0.639672
vt 0.035597 0.640445
vt 0.063545 0.656757
vt 0.054831 0.656932
vt 0.044864 0.657484
vt 0.036316 0.658265
vt 0.064366 0.673400
vt 0.055576 0.673577
vt 0.045523 0.674134
vt 0.366211 0.851366
vt 0.376144 0.838521
vt 0.380462 0.847616
vt 0.370493 0.860382
vt 0.065394 0.687902
vt 0.056574 0.688080
vt 0.046488 0.688638
vt 0.037837 0.689428
vt 0.036901 0.674921
vt 0.011018 0.179433
vt 0.019483 0.182400
vt 0.029671 0.192036
vt 0.038853 0.205757
vt 0.495174 0.043653
vt 0.496904 0.013632
vt 0.478374 0.041043
vt 0.450139 0.386297
vt 0.469928 0.040086
vt 0.440469 0.385770
vt 0.460287 0.039561
vt 0.432193 0.385816
vt 0.452035 0.039607
vt 0.456243 0.427255
vt 0.447729 0.426291
vt 0.438011 0.425761
vt 0.429693 0.425808
vt 0.428141 0.448579
vt 0.436516 0.448532
vt 0.446302 0.449066
vt 0.454875 0.450037
vt 0.426730 0.468132
vt 0.435177 0.468085
vt 0.445046 0.468623
vt 0.453692 0.469602
vt 0.452594 0.486966
vt 0.443864 0.485977
vt 0.433899 0.485434
vt 0.425370 0.485482
vt 0.379941 0.951923
vt 0.366211 0.943351
vt 0.375203 0.939067
vt 0.389011 0.947602
vt 0.380850 0.930850
vt 0.394707 0.939313
vt 0.381638 0.920900
vt 0.395502 0.929277
vt 0.951394 0.322808
vt 0.936319 0.323093
vt 0.935803 0.314506
vt 0.950876 0.314192
vt 0.935803 0.304439
vt 0.950876 0.304093
vt 0.936319 0.295592
vt 0.951394 0.295217
vt 0.480079 0.011018
vt 0.471428 0.013771
vt 0.461217 0.023379
vt 0.452181 0.037267
vt 0.478600 0.430729
vt 0.343428 0.362561
vt 0.357575 0.252321
vt 0.357204 0.281502
vt 0.403110 0.195354
vt 0.403335 0.193085
vt 0.483276 0.454449
vt 0.488915 0.475074
vt 0.496904 0.493850
vt 0.942337 0.235384
vt 0.955951 0.249625
vt 0.385014 0.197727
vt 0.377224 0.198292
vt 0.369537 0.182986
vt 0.369780 0.198022
vt 0.364676 0.196990
vt 0.378574 0.364130
vt 0.351386 0.364682
vt 0.361043 0.365732
vt 0.369809 0.365431
vt 0.323563 0.571037
vt 0.327751 0.530319
vt 0.335720 0.532442
vt 0.331562 0.573169
vt 0.345388 0.533494
vt 0.341267 0.574224
vt 0.354166 0.533192
vt 0.350078 0.573921
vt 0.320865 0.595212
vt 0.328912 0.597357
vt 0.338675 0.598419
vt 0.347539 0.598114
vt 0.318359 0.616540
vt 0.326470 0.618702
vt 0.336311 0.619772
vt 0.345245 0.619465
vt 0.315827 0.636514
vt 0.324013 0.638696
vt 0.333945 0.639776
vt 0.342962 0.639466
vt 0.340219 0.660269
vt 0.331126 0.660581
vt 0.321111 0.659492
vt 0.312856 0.657292
vt 0.332183 0.931113
vt 0.344176 0.941001
vt 0.341595 0.950741
vt 0.329594 0.940884
vt 0.334543 0.957858
vt 0.322520 0.948025
vt 0.324911 0.960446
vt 0.312856 0.950621
vt 0.239209 0.091740
vt 0.239361 0.114835
vt 0.236328 0.175453
vt 0.371745 0.530887
vt 0.373628 0.570834
vt 0.278268 0.066200
vt 0.267640 0.084006
vt 0.276301 0.043153
vt 0.246317 0.089807
vt 0.248723 0.050655
vt 0.377485 0.594188
vt 0.382404 0.614593
vt 0.389724 0.633335
vt 0.403335 0.651994
vt 0.942338 0.380246
vt 0.955951 0.366080
vt 0.233924 0.092151
vt 0.235622 0.077801
vt 0.226591 0.091340
vt 0.219176 0.089524
vt 0.240291 0.256481
vt 0.235281 0.422879
vt 0.226873 0.424104
vt 0.231894 0.257704
vt 0.217136 0.423851
vt 0.222169 0.257451
vt 0.208678 0.422187
vt 0.213722 0.255790
vt 0.234182 0.463552
vt 0.225743 0.464782
vt 0.215968 0.464528
vt 0.207478 0.462857
vt 0.233614 0.487842
vt 0.225124 0.489079
vt 0.215291 0.488823
vt 0.206749 0.487142
vt 0.233167 0.509349
vt 0.224609 0.510596
vt 0.214698 0.510338
vt 0.206090 0.508644
vt 0.205480 0.528916
vt 0.214168 0.530625
vt 0.224171 0.530885
vt 0.232808 0.529627
vt 0.204935 0.550294
vt 0.213696 0.552018
vt 0.223783 0.552280
vt 0.232493 0.551011
vt 0.344176 0.858061
vt 0.332183 0.868326
vt 0.329594 0.858542
vt 0.341595 0.848308
vt 0.322520 0.851367
vt 0.334543 0.841156
vt 0.312856 0.848724
vt 0.324911 0.838521
vt 0.251461 0.418478
vt 0.243371 0.420678
vt 0.247635 0.279522
vt 0.244254 0.441791
vt 0.192256 0.416915
vt 0.185479 0.455794
vt 0.074580 0.555626
vt 0.056852 0.381707
vt 0.070798 0.120819
vt 0.077267 0.065217
vt 0.375213 0.155356
vt 0.775030 0.192615
vt 0.775030 0.193763
vt 0.754440 0.187680
vt 0.178775 0.478161
vt 0.255898 0.457645
vt 0.261256 0.480322
vt 0.171377 0.497500
vt 0.267486 0.500013
vt 0.161795 0.514891
vt 0.276012 0.517874
vt 0.145974 0.531365
vt 0.290821 0.535144
vt 0.123938 0.673709
vt 0.110497 0.688136
vt 0.071218 0.190697
vt 0.056074 0.208193
vt 0.066721 0.162497
vt 0.260532 0.085940
vt 0.770603 0.201078
vt 0.758507 0.207478
vt 0.741983 0.211248
vt 0.739191 0.211578
vt 0.739191 0.196846
vt 0.739191 0.182114
vt 0.739191 0.167382
vt 0.741983 0.167053
vt 0.758507 0.166922
vt 0.770603 0.170466
vt 0.775030 0.176735
vt 0.775030 0.177883
vt 0.547469 0.207412
vt 0.561734 0.211091
vt 0.562030 0.213349
vt 0.547765 0.209670
vt 0.724019 0.730321
vt 0.744235 0.730321
vt 0.744235 0.732164
vt 0.724019 0.732164
vt 0.744235 0.734482
vt 0.724019 0.734482
vt 0.744235 0.736922
vt 0.724019 0.736922
vt 0.518940 0.200054
vt 0.533204 0.203733
vt 0.533500 0.205990
vt 0.519235 0.202311
vt 0.683586 0.730321
vt 0.703803 0.730321
vt 0.703803 0.732164
vt 0.683586 0.732164
vt 0.703803 0.734482
vt 0.683586 0.734482
vt 0.703803 0.736922
vt 0.683586 0.736922
vt 0.382330 0.063210
vt 0.744235 0.751039
vt 0.713911 0.754064
vt 0.075313 0.012168
vt 0.370977 0.012429
vt 0.381739 0.011018
vt 0.383535 0.011211
vt 0.385118 0.012223
vt 0.386249 0.013901
vt 0.386754 0.015989
vt 0.683586 0.751039
vt 0.364112 0.128203
vt 0.363516 0.125376
vt 0.363422 0.116876
vt 0.275704 0.017541
vt 0.261489 0.021408
vt 0.262390 0.018752
vt 0.276606 0.014885
vt 0.683586 0.964007
vt 0.683586 0.943793
vt 0.685897 0.943753
vt 0.685897 0.963966
vt 0.688761 0.943720
vt 0.688761 0.963934
vt 0.691984 0.943697
vt 0.691984 0.963911
vt 0.695345 0.943685
vt 0.695345 0.963899
vt 0.698617 0.943685
vt 0.698617 0.963899
vt 0.289919 0.013674
vt 0.290821 0.011018
vt 0.683586 0.984220
vt 0.685897 0.984180
vt 0.688761 0.984147
vt 0.691984 0.984124
vt 0.695345 0.984112
vt 0.698617 0.984112
vt 0.247274 0.025275
vt 0.248175 0.022619
vt 0.683586 0.923579
vt 0.685897 0.923539
vt 0.688761 0.923507
vt 0.691984 0.923483
vt 0.695345 0.923472
vt 0.698617 0.923472
vt 0.372244 0.115957
vt 0.367191 0.063533
vt 0.088188 0.120552
vt 0.076201 0.131625
vt 0.078115 0.132574
vt 0.113626 0.117824
vt 0.366171 0.127037
vt 0.266079 0.107567
vt 0.259780 0.109281
vt 0.253079 0.099314
vt 0.111448 0.119716
vt 0.253425 0.087873
vt 0.261011 0.053674
vt 0.085893 0.121032
vt 0.079132 0.120613
vt 0.083660 0.122277
vt 0.081641 0.124202
vt 0.079973 0.126677
vt 0.078771 0.129532
vt 0.362334 0.122800
vt 0.360648 0.120652
vt 0.358571 0.119077
vt 0.356246 0.118183
vt 0.353831 0.118030
vt 0.362214 0.106014
vt 0.730859 0.963962
vt 0.730859 0.943749
vt 0.732091 0.943747
vt 0.732091 0.963961
vt 0.733297 0.943740
vt 0.733297 0.963953
vt 0.734293 0.943727
vt 0.734293 0.963940
vt 0.734928 0.943710
vt 0.734928 0.963924
vt 0.730859 0.984176
vt 0.732091 0.984175
vt 0.733297 0.984167
vt 0.734293 0.984154
vt 0.734928 0.984137
vt 0.730859 0.923535
vt 0.732091 0.923534
vt 0.733297 0.923526
vt 0.734293 0.923513
vt 0.734928 0.923496
vt 0.792704 0.834907
vt 0.779487 0.841414
vt 0.779487 0.743336
vt 0.792704 0.736828
vt 0.805920 0.828400
vt 0.805920 0.730321
vt 0.766270 0.847922
vt 0.766270 0.749843
vt 0.355603 0.014444
vt 0.340613 0.065796
vt 0.329218 0.120344
vt 0.328324 0.120215
vt 0.327535 0.119680
vt 0.326971 0.118823
vt 0.326720 0.117772
vt 0.319505 0.017838
vt 0.939742 0.519726
vt 0.945812 0.518854
vt 0.944818 0.545165
vt 0.935803 0.546460
vt 0.951758 0.518854
vt 0.954904 0.545165
vt 0.957450 0.519726
vt 0.963358 0.546460
vt 0.174461 0.905724
vt 0.172395 0.911377
vt 0.145973 0.911273
vt 0.149043 0.902877
vt 0.175541 0.899867
vt 0.150874 0.892943
vt 0.175609 0.893935
vt 0.150975 0.884132
vt 0.171143 0.853264
vt 0.145973 0.838586
vt 0.177385 0.804032
vt 0.177908 0.809874
vt 0.147452 0.816551
vt 0.146677 0.807881
vt 0.177066 0.798066
vt 0.146136 0.797773
vt 0.176957 0.792111
vt 0.145973 0.788935
vt 0.177240 0.751837
vt 0.146290 0.743832
vt 0.553732 0.640573
vt 0.554082 0.634579
vt 0.585316 0.636443
vt 0.584797 0.645337
vt 0.554082 0.628606
vt 0.585317 0.626322
vt 0.553732 0.622789
vt 0.584798 0.617688
vt 0.549666 0.584149
vt 0.580244 0.574417
vt 0.549665 0.681230
vt 0.580243 0.690870
vt 0.945200 0.492638
vt 0.947567 0.492298
vt 0.947956 0.492298
vt 0.950175 0.492638
vt 0.200288 0.907912
vt 0.199483 0.910116
vt 0.200359 0.907529
vt 0.200386 0.905216
vt 0.196137 0.866527
vt 0.207998 0.799492
vt 0.208203 0.801780
vt 0.207977 0.799084
vt 0.207934 0.796752
vt 0.208203 0.758440
vt 0.522808 0.634331
vt 0.522945 0.631984
vt 0.522945 0.631575
vt 0.522808 0.629297
vt 0.518940 0.592541
vt 0.518940 0.673005
vt 0.743332 0.897884
vt 0.742649 0.900463
vt 0.713455 0.871146
vt 0.742363 0.900751
vt 0.739814 0.901436
vt 0.687068 0.901307
vt 0.684537 0.900615
vt 0.684265 0.900339
vt 0.683586 0.897776
vt 0.683586 0.844371
vt 0.684265 0.841811
vt 0.684537 0.841537
vt 0.687068 0.840856
vt 0.739814 0.840985
vt 0.742363 0.841683
vt 0.742649 0.841973
vt 0.743332 0.844554
vt 0.263918 0.140171
vt 0.258652 0.141604
vt 0.262123 0.124372
vt 0.245563 0.113148
vt 0.244429 0.145473
vt 0.242235 0.129695
vt 0.712563 0.180534
vt 0.712563 0.213180
vt 0.711848 0.196635
vt 0.487209 0.705620
vt 0.487209 0.685402
vt 0.489750 0.685402
vt 0.489750 0.705620
vt 0.580778 0.733129
vt 0.580778 0.712905
vt 0.581609 0.712907
vt 0.581609 0.733131
vt 0.710808 0.192666
vt 0.710597 0.191516
vt 0.710660 0.180984
vt 0.710410 0.190390
vt 0.710105 0.189350
vt 0.709687 0.188422
vt 0.709168 0.187628
vt 0.708561 0.186987
vt 0.707880 0.186517
vt 0.707141 0.186228
vt 0.706365 0.186128
vt 0.705568 0.186218
vt 0.395797 0.687247
vt 0.395033 0.687295
vt 0.390916 0.682743
vt 0.394289 0.687537
vt 0.393581 0.687967
vt 0.392928 0.688575
vt 0.392345 0.689344
vt 0.391848 0.690257
vt 0.391448 0.691291
vt 0.391155 0.692421
vt 0.390976 0.693618
vt 0.390774 0.694844
vt 0.493872 0.727669
vt 0.493872 0.747886
vt 0.492804 0.747884
vt 0.492804 0.727667
vt 0.491732 0.747884
vt 0.491732 0.727667
vt 0.490682 0.747886
vt 0.490682 0.727669
vt 0.489682 0.747890
vt 0.489682 0.727673
vt 0.488755 0.747896
vt 0.488755 0.727678
vt 0.487923 0.747903
vt 0.487923 0.727685
vt 0.487209 0.747911
vt 0.487209 0.727693
vt 0.669819 0.185926
vt 0.683533 0.180534
vt 0.683315 0.181570
vt 0.669602 0.186963
vt 0.683218 0.182688
vt 0.669505 0.188081
vt 0.683100 0.183831
vt 0.669386 0.189223
vt 0.683533 0.204275
vt 0.669815 0.209669
vt 0.389091 0.716358
vt 0.389091 0.682617
vt 0.389776 0.699130
vt 0.707888 0.183261
vt 0.490810 0.685402
vt 0.490810 0.705621
vt 0.491837 0.685403
vt 0.491837 0.705622
vt 0.492805 0.685404
vt 0.492805 0.705623
vt 0.493690 0.685407
vt 0.493690 0.705626
vt 0.494471 0.685409
vt 0.494471 0.705628
vt 0.495129 0.685413
vt 0.495129 0.705632
vt 0.583566 0.755167
vt 0.583566 0.769901
vt 0.582825 0.770091
vt 0.582825 0.755357
vt 0.582101 0.770175
vt 0.582101 0.755440
vt 0.581413 0.770149
vt 0.581413 0.755415
vt 0.580778 0.770015
vt 0.580778 0.755281
vt 0.393573 0.684603
vt 0.705631 0.185568
vt 0.705817 0.184905
vt 0.706123 0.184245
vt 0.706540 0.183605
vt 0.707059 0.183000
vt 0.707667 0.182445
vt 0.708348 0.181954
vt 0.709086 0.181539
vt 0.709863 0.181210
vt 0.391679 0.682835
vt 0.392424 0.683037
vt 0.393132 0.683335
vt 0.393785 0.683721
vt 0.394367 0.684186
vt 0.394865 0.684719
vt 0.395265 0.685307
vt 0.395558 0.685934
vt 0.395737 0.686586
vt 0.099974 0.958962
vt 0.110941 0.961885
vt 0.110941 0.950196
vt 0.946423 0.647137
vt 0.946423 0.659207
vt 0.946104 0.588346
vt 0.111246 0.893315
vt 0.361697 0.220201
vt 0.239571 0.146795
vt 0.256504 0.252070
vt 0.065120 0.381908
vt 0.711935 0.213325
vt 0.389693 0.716396
s 1
usemtl Material.004
f 13/1/1 26/2/2 36/3/3 15/4/4
f 15/4/4 36/3/3 35/5/5 16/6/6
f 16/6/6 35/5/5 34/7/7 17/8/8
f 17/8/8 34/7/7 33/9/9 18/10/10
f 18/10/10 33/9/9 32/11/11 19/12/12
f 19/12/12 32/11/11 31/13/13 20/14/14
f 20/14/14 31/13/13 30/15/15 21/16/16
f 21/16/16 30/15/15 29/17/17 22/18/18
f 22/18/18 29/17/17 28/19/19 23/20/20
f 23/20/20 28/19/19 27/21/21 24/22/22
f 24/22/22 27/21/21 25/23/23 14/24/24
f 61/25/25 50/26/26 60/27/27 63/28/28
f 63/28/28 60/27/27 59/29/29 64/30/30
f 64/30/30 59/29/29 58/31/31 65/32/32
f 65/32/32 58/31/31 57/33/33 66/34/34
f 66/34/34 57/33/33 56/35/35 67/36/36
f 67/36/36 56/35/35 55/37/37 68/38/38
f 68/38/38 55/37/37 54/39/39 69/40/40
f 69/40/40 54/39/39 53/41/41 70/42/42
f 70/42/42 53/41/41 52/43/43 71/44/44
f 71/44/44 52/43/43 51/45/45 72/46/46
f 72/46/46 51/45/45 49/47/47 62/48/48
f 62/49/49 37/50/50 39/51/51 72/52/52
f 72/52/52 39/51/51 40/53/53 71/54/54
f 71/54/54 40/53/53 41/55/55 70/56/56
f 70/56/56 41/55/55 42/57/57 69/58/58
f 69/58/58 42/57/57 43/59/59 68/60/60
f 68/60/60 43/59/59 44/61/61 67/62/62
f 67/62/62 44/61/61 45/63/63 66/64/64
f 66/64/64 45/63/63 46/65/65 65/66/66
f 65/66/66 46/65/65 47/67/67 64/68/30
f 64/68/30 47/67/67 48/69/68 63/70/28
f 63/70/28 48/69/68 38/71/69 61/72/25
f 37/73/50 13/1/1 15/4/4 39/74/51
f 39/74/51 15/4/4 16/6/6 40/75/53
f 40/75/53 16/6/6 17/8/8 41/76/55
f 41/76/55 17/8/8 18/10/10 42/77/57
f 42/77/57 18/10/10 19/12/70 43/78/71
f 43/78/71 19/12/70 20/14/72 44/79/73
f 44/79/73 20/14/72 21/16/74 45/80/75
f 45/81/75 21/82/74 22/83/76 46/84/77
f 46/84/77 22/83/76 23/85/78 47/86/79
f 47/86/79 23/85/78 24/87/80 48/88/81
f 48/88/81 24/87/80 14/89/82 38/90/83
f 26/91/84 2/92/85 12/93/86 36/94/87
f 36/94/87 12/93/86 11/95/88 35/96/89
f 35/96/89 11/95/88 10/97/90 34/98/91
f 34/98/91 10/97/90 9/99/92 33/100/93
f 33/100/93 9/99/92 8/101/94 32/102/95
f 32/102/95 8/101/94 7/103/96 31/104/97
f 31/104/97 7/103/96 6/105/98 30/106/99
f 30/106/99 6/105/98 5/107/100 29/108/101
f 29/108/101 5/107/100 4/109/102 28/110/19
f 28/110/19 4/109/102 3/111/103 27/112/21
f 27/112/21 3/111/103 1/113/104 25/114/23
f 1/113/104 14/115/24 25/114/23
f 2/116/85 26/117/84 62/48/48 49/47/47
f 62/118/49 26/2/2 13/1/1 37/73/50
f 50/26/26 61/25/25 38/119/69
f 49/120/105 51/121/105 73/122/105
f 51/121/105 52/123/105 73/122/105
f 52/123/105 53/124/105 73/122/105
f 53/124/105 54/125/105 73/122/105
f 54/125/105 55/126/105 73/122/105
f 55/126/105 56/127/105 73/122/105
f 56/127/105 57/128/105 73/122/105
f 57/128/105 58/129/105 73/122/105
f 58/129/105 59/130/105 73/122/105
f 59/130/105 60/131/105 73/122/105
f 60/131/105 50/132/105 73/122/105
f 50/132/105 38/90/83 73/122/105
f 38/90/83 14/89/82 73/122/105
f 14/89/82 1/133/105 73/122/105
f 1/133/105 3/134/105 73/122/105
f 3/134/105 4/135/105 73/122/105
f 4/135/105 5/136/105 73/122/105
f 5/136/105 6/137/105 73/122/105
f 6/137/105 7/138/105 73/122/105
f 7/138/105 8/139/105 73/122/105
f 8/139/105 9/140/105 73/122/105
f 9/140/105 10/141/105 73/122/105
f 10/141/105 11/142/105 73/122/105
f 11/142/105 12/143/105 73/122/105
f 12/143/105 2/144/105 73/122/105
f 2/144/105 49/120/105 73/122/105
f 86/145/1 99/146/2 109/147/3 88/148/4
f 88/148/4 109/147/3 108/149/5 89/150/6
f 89/150/6 108/149/5 107/151/7 90/152/8
f 90/152/8 107/151/7 106/153/9 91/154/10
f 91/154/10 106/153/9 105/155/11 92/156/12
f 92/156/12 105/155/11 104/157/13 93/158/14
f 93/158/14 104/157/13 103/159/15 94/160/16
f 94/160/16 103/159/15 102/161/17 95/162/18
f 95/162/18 102/161/17 101/163/19 96/164/20
f 96/164/20 101/163/19 100/165/21 97/166/22
f 97/166/22 100/165/21 98/167/23 87/168/24
f 134/169/25 123/170/26 133/171/27 136/172/28
f 136/172/28 133/171/27 132/173/29 137/174/30
f 137/174/30 132/173/29 131/175/31 138/176/32
f 138/176/32 131/175/31 130/177/33 139/178/34
f 139/178/34 130/177/33 129/179/35 140/180/36
f 140/180/36 129/179/35 128/181/37 141/182/38
f 141/182/38 128/181/37 127/183/39 142/184/40
f 142/184/40 127/183/39 126/185/41 143/186/42
f 143/186/42 126/185/41 125/187/43 144/188/44
f 144/188/44 125/187/43 124/189/45 145/190/46
f 145/190/46 124/189/45 122/191/47 135/192/48
f 135/193/49 110/194/50 112/195/51 145/196/52
f 145/196/52 112/195/51 113/197/53 144/198/54
f 144/198/54 113/197/53 114/199/55 143/200/56
f 143/200/56 114/199/55 115/201/57 142/202/58
f 142/202/58 115/201/57 116/203/59 141/204/60
f 141/204/60 116/203/59 117/205/61 140/206/62
f 140/206/62 117/205/61 118/207/63 139/208/64
f 139/208/64 118/207/63 119/209/65 138/210/66
f 138/210/66 119/209/65 120/211/67 137/212/30
f 137/212/30 120/211/67 121/213/68 136/214/28
f 136/214/28 121/213/68 111/215/69 134/216/25
f 110/217/50 86/145/1 88/148/4 112/218/51
f 112/218/51 88/148/4 89/150/6 113/219/53
f 113/219/53 89/150/6 90/152/8 114/220/55
f 114/220/55 90/152/8 91/154/10 115/221/57
f 115/221/57 91/154/10 92/156/70 116/222/71
f 116/222/71 92/156/70 93/158/72 117/223/73
f 117/223/73 93/158/72 94/160/74 118/224/75
f 118/225/75 94/226/74 95/227/76 119/228/106
f 119/228/106 95/227/76 96/229/78 120/230/79
f 120/230/79 96/229/78 97/231/80 121/232/81
f 121/232/81 97/231/80 87/233/82 111/234/83
f 99/235/84 75/236/85 85/237/86 109/238/87
f 109/238/87 85/237/86 84/239/88 108/240/89
f 108/240/89 84/239/88 83/241/90 107/242/91
f 107/242/91 83/241/90 82/243/92 106/244/93
f 106/244/93 82/243/92 81/245/94 105/246/95
f 105/246/95 81/245/94 80/247/96 104/248/97
f 104/248/97 80/247/96 79/249/98 103/250/99
f 103/250/99 79/249/98 78/251/100 102/252/101
f 102/252/101 78/251/100 77/253/102 101/254/19
f 101/254/19 77/253/102 76/255/103 100/256/21
f 100/256/21 76/255/103 74/257/104 98/258/23
f 74/257/104 87/259/24 98/258/23
f 75/260/85 99/261/84 135/192/48 122/191/47
f 135/262/49 99/146/2 86/145/1 110/217/50
f 123/170/26 134/169/25 111/263/69
f 122/264/105 124/265/105 146/266/105
f 124/265/105 125/267/105 146/266/105
f 125/267/105 126/268/105 146/266/105
f 126/268/105 127/269/105 146/266/105
f 127/269/105 128/270/105 146/266/105
f 128/270/105 129/271/105 146/266/105
f 129/271/105 130/272/105 146/266/105
f 130/272/105 131/273/105 146/266/105
f 131/273/105 132/274/105 146/266/105
f 132/274/105 133/275/105 146/266/105
f 133/275/105 123/276/105 146/266/105
f 123/276/105 111/234/83 146/266/105
f 111/234/83 87/233/82 146/266/105
f 87/233/82 74/277/105 146/266/105
f 74/277/105 76/278/105 146/266/105
f 76/278/105 77/279/105 146/266/105
f 77/279/105 78/280/105 146/266/105
f 78/280/105 79/281/105 146/266/105
f 79/281/105 80/282/105 146/266/105
f 80/282/105 81/283/105 146/266/105
f 81/283/105 82/284/105 146/266/105
f 82/284/105 83/285/105 146/266/105
f 83/285/105 84/286/105 146/266/105
f 84/286/105 85/287/105 146/266/105
f 85/287/105 75/288/105 146/266/105
f 75/288/105 122/264/105 146/266/105
f 159/289/1 172/290/2 182/291/3 161/292/4
f 161/292/4 182/291/3 181/293/5 162/294/6
f 162/294/6 181/293/5 180/295/7 163/296/8
f 163/296/8 180/295/7 179/297/9 164/298/10
f 164/298/10 179/297/9 178/299/11 165/300/12
f 165/300/12 178/299/11 177/301/13 166/302/14
f 166/302/14 177/301/13 176/303/15 167/304/16
f 167/304/16 176/303/15 175/305/17 168/306/18
f 168/306/18 175/305/17 174/307/19 169/308/20
f 169/308/20 174/307/19 173/309/21 170/310/22
f 170/310/22 173/309/21 171/311/23 160/312/24
f 207/313/25 196/314/26 206/315/27 209/316/28
f 209/316/28 206/315/27 205/317/29 210/318/30
f 210/318/30 205/317/29 204/319/31 211/320/32
f 211/320/32 204/319/31 203/321/33 212/322/34
f 212/322/34 203/321/33 202/323/35 213/324/36
f 213/324/36 202/323/35 201/325/37 214/326/38
f 214/326/38 201/325/37 200/327/39 215/328/40
f 215/328/40 200/327/39 199/329/41 216/330/42
f 216/330/42 199/329/41 198/331/43 217/332/44
f 217/332/44 198/331/43 197/333/45 218/334/46
f 218/334/46 197/333/45 195/335/47 208/336/48
f 208/337/49 183/338/50 185/339/51 218/340/52
f 218/340/52 185/339/51 186/341/53 217/342/54
f 217/342/54 186/341/53 187/343/55 216/344/56
f 216/344/56 187/343/55 188/345/57 215/346/58
f 215/346/58 188/345/57 189/347/59 214/348/60
f 214/348/60 189/347/59 190/349/61 213/350/62
f 213/350/62 190/349/61 191/351/63 212/352/64
f 212/352/64 191/351/63 192/353/65 211/354/66
f 211/354/66 192/353/65 193/355/67 210/356/30
f 210/356/30 193/355/67 194/357/68 209/358/28
f 209/358/28 194/357/68 184/359/69 207/360/25
f 183/361/50 159/289/1 161/292/4 185/362/51
f 185/362/51 161/292/4 162/294/6 186/363/53
f 186/363/53 162/294/6 163/296/8 187/364/55
f 187/364/55 163/296/8 164/298/10 188/365/57
f 188/365/57 164/298/10 165/300/70 189/366/71
f 189/366/71 165/300/70 166/302/72 190/367/73
f 190/367/73 166/302/72 167/304/74 191/368/75
f 191/369/75 167/370/74 168/371/76 192/372/77
f 192/372/77 168/371/76 169/373/78 193/374/79
f 193/374/79 169/373/78 170/375/80 194/376/81
f 194/376/81 170/375/80 160/377/82 184/378/83
f 172/379/84 148/380/85 158/381/86 182/382/87
f 182/382/87 158/381/86 157/383/88 181/384/89
f 181/384/89 157/383/88 156/385/90 180/386/91
f 180/386/91 156/385/90 155/387/92 179/388/93
f 179/388/93 155/387/92 154/389/94 178/390/95
f 178/390/95 154/389/94 153/391/96 177/392/97
f 177/392/97 153/391/96 152/393/98 176/394/99
f 176/394/99 152/393/98 151/395/100 175/396/101
f 175/396/101 151/395/100 150/397/102 174/398/19
f 174/398/19 150/397/102 149/399/103 173/400/21
f 173/400/21 149/399/103 147/401/104 171/402/23
f 147/401/104 160/403/24 171/402/23
f 148/404/85 172/405/84 208/336/48 195/335/47
f 208/406/49 172/290/2 159/289/1 183/361/50
f 196/314/26 207/313/25 184/407/69
f 195/408/105 197/409/105 219/410/105
f 197/409/105 198/411/105 219/410/105
f 198/411/105 199/412/105 219/410/105
f 199/412/105 200/413/105 219/410/105
f 200/413/105 201/414/105 219/410/105
f 201/414/105 202/415/105 219/410/105
f 202/415/105 203/416/105 219/410/105
f 203/416/105 204/417/105 219/410/105
f 204/417/105 205/418/105 219/410/105
f 205/418/105 206/419/105 219/410/105
f 206/419/105 196/420/105 219/410/105
f 196/420/105 184/378/83 219/410/105
f 184/378/83 160/377/82 219/410/105
f 160/377/82 147/421/105 219/410/105
f 147/421/105 149/422/105 219/410/105
f 149/422/105 150/423/105 219/410/105
f 150/423/105 151/424/105 219/410/105
f 151/424/105 152/425/105 219/410/105
f 152/425/105 153/426/105 219/410/105
f 153/426/105 154/427/105 219/410/105
f 154/427/105 155/428/105 219/410/105
f 155/428/105 156/429/105 219/410/105
f 156/429/105 157/430/105 219/410/105
f 157/430/105 158/431/105 219/410/105
f 158/431/105 148/432/105 219/410/105
f 148/432/105 195/408/105 219/410/105
f 232/433/1 245/434/2 255/435/3 234/436/4
f 234/436/4 255/435/3 254/437/5 235/438/6
f 235/438/6 254/437/5 253/439/7 236/440/8
f 236/440/8 253/439/7 252/441/9 237/442/10
f 237/442/10 252/441/9 251/443/11 238/444/12
f 238/444/12 251/443/11 250/445/13 239/446/14
f 239/446/14 250/445/13 249/447/15 240/448/16
f 240/448/16 249/447/15 248/449/17 241/450/18
f 241/450/18 248/449/17 247/451/19 242/452/20
f 242/452/20 247/451/19 246/453/21 243/454/22
f 243/454/22 246/453/21 244/455/23 233/456/24
f 280/457/25 269/458/26 279/459/27 282/460/28
f 282/460/28 279/459/27 278/461/29 283/462/30
f 283/462/30 278/461/29 277/463/31 284/464/32
f 284/464/32 277/463/31 276/465/33 285/466/34
f 285/466/34 276/465/33 275/467/35 286/468/36
f 286/468/36 275/467/35 274/469/37 287/470/38
f 287/470/38 274/469/37 273/471/39 288/472/40
f 288/472/40 273/471/39 272/473/41 289/474/42
f 289/474/42 272/473/41 271/475/43 290/476/44
f 290/476/44 271/475/43 270/477/45 291/478/46
f 291/478/46 270/477/45 268/479/47 281/480/48
f 281/481/49 256/482/50 258/483/51 291/484/52
f 291/484/52 258/483/51 259/485/53 290/486/54
f 290/486/54 259/485/53 260/487/55 289/488/56
f 289/488/56 260/487/55 261/489/57 288/490/58
f 288/490/58 261/489/57 262/491/59 287/492/60
f 287/492/60 262/491/59 263/493/61 286/494/62
f 286/494/62 263/493/61 264/495/63 285/496/64
f 285/496/64 264/495/63 265/497/65 284/498/66
f 284/498/66 265/497/65 266/499/67 283/500/30
f 283/500/30 266/499/67 267/501/68 282/502/28
f 282/502/28 267/501/68 257/503/69 280/504/25
f 256/505/50 232/433/1 234/436/4 258/506/51
f 258/506/51 234/436/4 235/438/6 259/507/53
f 259/507/53 235/438/6 236/440/8 260/508/55
f 260/508/55 236/440/8 237/442/10 261/509/57
f 261/509/57 237/442/10 238/444/70 262/510/71
f 262/510/71 238/444/70 239/446/72 263/511/73
f 263/511/73 239/446/72 240/448/74 264/512/75
f 264/513/75 240/514/74 241/515/76 265/516/77
f 265/516/77 241/515/76 242/517/78 266/518/79
f 266/518/79 242/517/78 243/519/107 267/520/81
f 267/520/81 243/519/107 233/521/82 257/522/83
f 245/523/84 221/524/85 231/525/86 255/526/87
f 255/526/87 231/525/86 230/527/88 254/528/89
f 254/528/89 230/527/88 229/529/90 253/530/91
f 253/530/91 229/529/90 228/531/92 252/532/93
f 252/532/93 228/531/92 227/533/94 251/534/95
f 251/534/95 227/533/94 226/535/96 250/536/97
f 250/536/97 226/535/96 225/537/98 249/538/99
f 249/538/99 225/537/98 224/539/100 248/540/101
f 248/540/101 224/539/100 223/541/102 247/542/19
f 247/542/19 223/541/102 222/543/103 246/544/21
f 246/544/21 222/543/103 220/545/104 244/546/23
f 220/545/104 233/547/24 244/546/23
f 221/548/85 245/549/84 281/480/48 268/479/47
f 281/550/49 245/434/2 232/433/1 256/505/50
f 269/458/26 280/457/25 257/551/69
f 268/552/105 270/553/105 292/554/105
f 270/553/105 271/555/105 292/554/105
f 271/555/105 272/556/105 292/554/105
f 272/556/105 273/557/105 292/554/105
f 273/557/105 274/558/105 292/554/105
f 274/558/105 275/559/105 292/554/105
f 275/559/105 276/560/105 292/554/105
f 276/560/105 277/561/105 292/554/105
f 277/561/105 278/562/105 292/554/105
f 278/562/105 279/563/105 292/554/105
f 279/563/105 269/564/105 292/554/105
f 269/564/105 257/522/83 292/554/105
f 257/522/83 233/521/82 292/554/105
f 233/521/82 220/565/105 292/554/105
f 220/565/105 222/566/105 292/554/105
f 222/566/105 223/567/105 292/554/105
f 223/567/105 224/568/105 292/554/105
f 224/568/105 225/569/105 292/554/105
f 225/569/105 226/570/105 292/554/105
f 226/570/105 227/571/105 292/554/105
f 227/571/105 228/572/105 292/554/105
f 228/572/105 229/573/105 292/554/105
f 229/573/105 230/574/105 292/554/105
f 230/574/105 231/575/105 292/554/105
f 231/575/105 221/576/105 292/554/105
f 221/576/105 268/552/105 292/554/105
f 305/577/1 318/578/2 328/579/3 307/580/4
f 307/580/4 328/579/3 327/581/5 308/582/6
f 308/582/6 327/581/5 326/583/7 309/584/8
f 309/584/8 326/583/7 325/585/9 310/586/10
f 310/586/10 325/585/9 324/587/11 311/588/12
f 311/588/12 324/587/11 323/589/13 312/590/14
f 312/590/14 323/589/13 322/591/15 313/592/16
f 313/592/16 322/591/15 321/593/17 314/594/18
f 314/594/18 321/593/17 320/595/19 315/596/20
f 315/596/20 320/595/19 319/597/21 316/598/22
f 316/598/22 319/597/21 317/599/23 306/600/24
f 353/601/25 342/602/26 352/603/27 355/604/28
f 355/604/28 352/603/27 351/605/29 356/606/30
f 356/606/30 351/605/29 350/607/31 357/608/32
f 357/608/32 350/607/31 349/609/33 358/610/34
f 358/610/34 349/609/33 348/611/35 359/612/36
f 359/612/36 348/611/35 347/613/37 360/614/38
f 360/614/38 347/613/37 346/615/39 361/616/40
f 361/616/40 346/615/39 345/617/41 362/618/42
f 362/618/42 345/617/41 344/619/43 363/620/44
f 363/620/44 344/619/43 343/621/45 364/622/46
f 364/622/46 343/621/45 341/623/47 354/624/48
f 354/625/49 329/626/50 331/627/51 364/628/52
f 364/628/52 331/627/51 332/629/53 363/630/54
f 363/630/54 332/629/53 333/631/55 362/632/56
f 362/632/56 333/631/55 334/633/57 361/634/58
f 361/634/58 334/633/57 335/635/59 360/636/60
f 360/636/60 335/635/59 336/637/61 359/638/62
f 359/638/62 336/637/61 337/639/63 358/640/64
f 358/640/64 337/639/63 338/641/65 357/642/66
f 357/642/66 338/641/65 339/643/67 356/644/30
f 356/644/30 339/643/67 340/645/68 355/646/28
f 355/646/28 340/645/68 330/647/69 353/648/25
f 329/649/50 305/577/1 307/580/4 331/650/51
f 331/650/51 307/580/4 308/582/6 332/651/53
f 332/651/53 308/582/6 309/584/8 333/652/55
f 333/652/55 309/584/8 310/586/10 334/653/57
f 334/653/57 310/586/10 311/588/70 335/654/71
f 335/654/71 311/588/70 312/590/72 336/655/73
f 336/655/73 312/590/72 313/592/74 337/656/75
f 337/657/75 313/658/74 314/659/76 338/660/106
f 338/660/106 314/659/76 315/661/78 339/662/79
f 339/662/79 315/661/78 316/663/80 340/664/108
f 340/664/108 316/663/80 306/665/82 330/666/83
f 318/667/84 294/668/85 304/669/86 328/670/87
f 328/670/87 304/669/86 303/671/88 327/672/89
f 327/672/89 303/671/88 302/673/90 326/674/91
f 326/674/91 302/673/90 301/675/92 325/676/93
f 325/676/93 301/675/92 300/677/94 324/678/95
f 324/678/95 300/677/94 299/679/96 323/680/97
f 323/680/97 299/679/96 298/681/98 322/682/99
f 322/682/99 298/681/98 297/683/100 321/684/101
f 321/684/101 297/683/100 296/685/102 320/686/19
f 320/686/19 296/685/102 295/687/103 319/688/21
f 319/688/21 295/687/103 293/689/104 317/690/23
f 293/689/104 306/691/24 317/690/23
f 294/692/85 318/693/84 354/624/48 341/623/47
f 354/694/49 318/578/2 305/577/1 329/649/50
f 342/602/26 353/601/25 330/695/69
f 341/696/105 343/697/105 365/698/105
f 343/697/105 344/699/105 365/698/105
f 344/699/105 345/700/105 365/698/105
f 345/700/105 346/701/105 365/698/105
f 346/701/105 347/702/105 365/698/105
f 347/702/105 348/703/105 365/698/105
f 348/703/105 349/704/105 365/698/105
f 349/704/105 350/705/105 365/698/105
f 350/705/105 351/706/105 365/698/105
f 351/706/105 352/707/105 365/698/105
f 352/707/105 342/708/105 365/698/105
f 342/708/105 330/666/83 365/698/105
f 330/666/83 306/665/82 365/698/105
f 306/665/82 293/709/105 365/698/105
f 293/709/105 295/710/105 365/698/105
f 295/710/105 296/711/105 365/698/105
f 296/711/105 297/712/105 365/698/105
f 297/712/105 298/713/105 365/698/105
f 298/713/105 299/714/105 365/698/105
f 299/714/105 300/715/105 365/698/105
f 300/715/105 301/716/105 365/698/105
f 301/716/105 302/717/105 365/698/105
f 302/717/105 303/718/105 365/698/105
f 303/718/105 304/719/105 365/698/105
f 304/719/105 294/720/105 365/698/105
f 294/720/105 341/696/105 365/698/105
f 378/721/1 391/722/2 401/723/3 380/724/4
f 380/724/4 401/723/3 400/725/5 381/726/6
f 381/726/6 400/725/5 399/727/7 382/728/8
f 382/728/8 399/727/7 398/729/9 383/730/10
f 383/730/10 398/729/9 397/731/11 384/732/12
f 384/732/12 397/731/11 396/733/13 385/734/14
f 385/734/14 396/733/13 395/735/15 386/736/16
f 386/736/16 395/735/15 394/737/17 387/738/18
f 387/738/18 394/737/17 393/739/19 388/740/20
f 388/740/20 393/739/19 392/741/21 389/742/22
f 389/742/22 392/741/21 390/743/23 379/744/24
f 426/745/25 415/746/26 425/747/27 428/748/28
f 428/748/28 425/747/27 424/749/29 429/750/30
f 429/750/30 424/749/29 423/751/31 430/752/32
f 430/752/32 423/751/31 422/753/33 431/754/34
f 431/754/34 422/753/33 421/755/35 432/756/36
f 432/756/36 421/755/35 420/757/37 433/758/38
f 433/758/38 420/757/37 419/759/39 434/760/40
f 434/760/40 419/759/39 418/761/41 435/762/42
f 435/762/42 418/761/41 417/763/43 436/764/44
f 436/764/44 417/763/43 416/765/45 437/766/46
f 437/766/46 416/765/45 414/767/47 427/768/48
f 427/769/49 402/770/50 404/771/51 437/772/52
f 437/772/52 404/771/51 405/773/53 436/774/54
f 436/774/54 405/773/53 406/775/55 435/776/56
f 435/776/56 406/775/55 407/777/57 434/778/58
f 434/778/58 407/777/57 408/779/59 433/780/60
f 433/780/60 408/779/59 409/781/61 432/782/62
f 432/782/62 409/781/61 410/783/63 431/784/64
f 431/784/64 410/783/63 411/785/65 430/786/66
f 430/786/66 411/785/65 412/787/67 429/788/30
f 429/788/30 412/787/67 413/789/68 428/790/28
f 428/790/28 413/789/68 403/791/69 426/792/25
f 402/793/50 378/721/1 380/724/4 404/794/51
f 404/794/51 380/724/4 381/726/6 405/795/53
f 405/795/53 381/726/6 382/728/8 406/796/55
f 406/796/55 382/728/8 383/730/10 407/797/57
f 407/797/57 383/730/10 384/732/70 408/798/71
f 408/798/71 384/732/70 385/734/72 409/799/73
f 409/799/73 385/734/72 386/736/74 410/800/75
f 410/801/75 386/802/74 387/803/76 411/804/77
f 411/804/77 387/803/76 388/805/78 412/806/79
f 412/806/79 388/805/78 389/807/80 413/808/108
f 413/808/108 389/807/80 379/809/82 403/810/83
f 391/811/84 367/812/85 377/813/86 401/814/87
f 401/814/87 377/813/86 376/815/88 400/816/89
f 400/816/89 376/815/88 375/817/90 399/818/91
f 399/818/91 375/817/90 374/819/92 398/820/93
f 398/820/93 374/819/92 373/821/94 397/822/95
f 397/822/95 373/821/94 372/823/96 396/824/97
f 396/824/97 372/823/96 371/825/98 395/826/99
f 395/826/99 371/825/98 370/827/100 394/828/101
f 394/828/101 370/827/100 369/829/102 393/830/19
f 393/830/19 369/829/102 368/831/103 392/832/21
f 392/832/21 368/831/103 366/833/104 390/834/23
f 366/833/104 379/835/24 390/834/23
f 367/836/85 391/837/84 427/768/48 414/767/47
f 427/838/49 391/722/2 378/721/1 402/793/50
f 415/746/26 426/745/25 403/839/69
f 414/840/105 416/841/105 438/842/105
f 416/841/105 417/843/105 438/842/105
f 417/843/105 418/844/105 438/842/105
f 418/844/105 419/845/105 438/842/105
f 419/845/105 420/846/105 438/842/105
f 420/846/105 421/847/105 438/842/105
f 421/847/105 422/848/105 438/842/105
f 422/848/105 423/849/105 438/842/105
f 423/849/105 424/850/105 438/842/105
f 424/850/105 425/851/105 438/842/105
f 425/851/105 415/852/105 438/842/105
f 415/852/105 403/810/83 438/842/105
f 403/810/83 379/809/82 438/842/105
f 379/809/82 366/853/105 438/842/105
f 366/853/105 368/854/105 438/842/105
f 368/854/105 369/855/105 438/842/105
f 369/855/105 370/856/105 438/842/105
f 370/856/105 371/857/105 438/842/105
f 371/857/105 372/858/105 438/842/105
f 372/858/105 373/859/105 438/842/105
f 373/859/105 374/860/105 438/842/105
f 374/860/105 375/861/105 438/842/105
f 375/861/105 376/862/105 438/842/105
f 376/862/105 377/863/105 438/842/105
f 377/863/105 367/864/105 438/842/105
f 367/864/105 414/840/105 438/842/105
f 451/865/1 464/866/2 474/867/3 453/868/4
f 453/868/4 474/867/3 473/869/5 454/870/6
f 454/870/6 473/869/5 472/871/7 455/872/8
f 455/872/8 472/871/7 471/873/9 456/874/10
f 456/874/10 471/873/9 470/875/11 457/876/12
f 457/876/12 470/875/11 469/877/13 458/878/14
f 458/878/14 469/877/13 468/879/15 459/880/16
f 459/880/16 468/879/15 467/881/17 460/882/18
f 460/882/18 467/881/17 466/883/19 461/884/20
f 461/884/20 466/883/19 465/885/21 462/886/22
f 462/886/22 465/885/21 463/887/23 452/888/24
f 499/889/25 488/890/26 498/891/27 501/892/28
f 501/892/28 498/891/27 497/893/29 502/894/30
f 502/894/30 497/893/29 496/895/31 503/896/32
f 503/896/32 496/895/31 495/897/33 504/898/34
f 504/898/34 495/897/33 494/899/35 505/900/36
f 505/900/36 494/899/35 493/901/37 506/902/38
f 506/902/38 493/901/37 492/903/39 507/904/40
f 507/904/40 492/903/39 491/905/41 508/906/42
f 508/906/42 491/905/41 490/907/43 509/908/44
f 509/908/44 490/907/43 489/909/45 510/910/46
f 510/910/46 489/909/45 487/911/47 500/912/48
f 500/913/49 475/914/50 477/915/51 510/916/52
f 510/916/52 477/915/51 478/917/53 509/918/54
f 509/918/54 478/917/53 479/919/55 508/920/56
f 508/920/56 479/919/55 480/921/57 507/922/58
f 507/922/58 480/921/57 481/923/59 506/924/60
f 506/924/60 481/923/59 482/925/61 505/926/62
f 505/926/62 482/925/61 483/927/63 504/928/64
f 504/928/64 483/927/63 484/929/65 503/930/66
f 503/930/66 484/929/65 485/931/67 502/932/30
f 502/932/30 485/931/67 486/933/68 501/934/28
f 501/934/28 486/933/68 476/935/69 499/936/25
f 475/937/50 451/865/1 453/868/4 477/938/51
f 477/938/51 453/868/4 454/870/6 478/939/53
f 478/939/53 454/870/6 455/872/8 479/940/55
f 479/940/55 455/872/8 456/874/10 480/941/57
f 480/941/57 456/874/10 457/876/70 481/942/71
f 481/942/71 457/876/70 458/878/72 482/943/73
f 482/943/73 458/878/72 459/880/74 483/944/75
f 483/945/75 459/946/74 460/947/76 484/948/106
f 484/948/106 460/947/76 461/949/78 485/950/79
f 485/950/79 461/949/78 462/951/80 486/952/81
f 486/952/81 462/951/80 452/953/82 476/954/83
f 464/955/84 440/956/85 450/957/86 474/958/87
f 474/958/87 450/957/86 449/959/88 473/960/89
f 473/960/89 449/959/88 448/961/90 472/962/91
f 472/962/91 448/961/90 447/963/92 471/964/93
f 471/964/93 447/963/92 446/965/94 470/966/95
f 470/966/95 446/965/94 445/967/96 469/968/97
f 469/968/97 445/967/96 444/969/98 468/970/99
f 468/970/99 444/969/98 443/971/100 467/972/101
f 467/972/101 443/971/100 442/973/102 466/974/19
f 466/974/19 442/973/102 441/975/103 465/976/21
f 465/976/21 441/975/103 439/977/104 463/978/23
f 439/977/104 452/979/24 463/978/23
f 440/980/85 464/981/84 500/912/48 487/911/47
f 500/982/49 464/866/2 451/865/1 475/937/50
f 488/890/26 499/889/25 476/983/69
f 487/984/105 489/985/105 511/986/105
f 489/985/105 490/987/105 511/986/105
f 490/987/105 491/988/105 511/986/105
f 491/988/105 492/989/105 511/986/105
f 492/989/105 493/990/105 511/986/105
f 493/990/105 494/991/105 511/986/105
f 494/991/105 495/992/105 511/986/105
f 495/992/105 496/993/105 511/986/105
f 496/993/105 497/994/105 511/986/105
f 497/994/105 498/995/105 511/986/105
f 498/995/105 488/996/105 511/986/105
f 488/996/105 476/954/83 511/986/105
f 476/954/83 452/953/82 511/986/105
f 452/953/82 439/997/105 511/986/105
f 439/997/105 441/998/105 511/986/105
f 441/998/105 442/999/105 511/986/105
f 442/999/105 443/1000/105 511/986/105
f 443/1000/105 444/1001/105 511/986/105
f 444/1001/105 445/1002/105 511/986/105
f 445/1002/105 446/1003/105 511/986/105
f 446/1003/105 447/1004/105 511/986/105
f 447/1004/105 448/1005/105 511/986/105
f 448/1005/105 449/1006/105 511/986/105
f 449/1006/105 450/1007/105 511/986/105
f 450/1007/105 440/1008/105 511/986/105
f 440/1008/105 487/984/105 511/986/105
f 524/1009/1 537/1010/2 547/1011/3 526/1012/4
f 526/1012/4 547/1011/3 546/1013/5 527/1014/6
f 527/1014/6 546/1013/5 545/1015/7 528/1016/8
f 528/1016/8 545/1015/7 544/1017/9 529/1018/10
f 529/1018/10 544/1017/9 543/1019/11 530/1020/12
f 530/1020/12 543/1019/11 542/1021/13 531/1022/14
f 531/1022/14 542/1021/13 541/1023/15 532/1024/16
f 532/1024/16 541/1023/15 540/1025/17 533/1026/18
f 533/1026/18 540/1025/17 539/1027/19 534/1028/20
f 534/1028/20 539/1027/19 538/1029/21 535/1030/22
f 535/1030/22 538/1029/21 536/1031/23 525/1032/24
f 572/1033/25 561/1034/26 571/1035/27 574/1036/28
f 574/1036/28 571/1035/27 570/1037/29 575/1038/30
f 575/1038/30 570/1037/29 569/1039/31 576/1040/32
f 576/1040/32 569/1039/31 568/1041/33 577/1042/34
f 577/1042/34 568/1041/33 567/1043/35 578/1044/36
f 578/1044/36 567/1043/35 566/1045/37 579/1046/38
f 579/1046/38 566/1045/37 565/1047/39 580/1048/40
f 580/1048/40 565/1047/39 564/1049/41 581/1050/42
f 581/1050/42 564/1049/41 563/1051/43 582/1052/44
f 582/1052/44 563/1051/43 562/1053/45 583/1054/46
f 583/1054/46 562/1053/45 560/1055/47 573/1056/48
f 573/1057/49 548/1058/50 550/1059/51 583/1060/52
f 583/1060/52 550/1059/51 551/1061/53 582/1062/54
f 582/1062/54 551/1061/53 552/1063/55 581/1064/56
f 581/1064/56 552/1063/55 553/1065/57 580/1066/58
f 580/1066/58 553/1065/57 554/1067/59 579/1068/60
f 579/1068/60 554/1067/59 555/1069/61 578/1070/62
f 578/1070/62 555/1069/61 556/1071/63 577/1072/64
f 577/1072/64 556/1071/63 557/1073/65 576/1074/66
f 576/1074/66 557/1073/65 558/1075/67 575/1076/30
f 575/1076/30 558/1075/67 559/1077/68 574/1078/28
f 574/1078/28 559/1077/68 549/1079/69 572/1080/25
f 548/1081/50 524/1009/1 526/1012/4 550/1082/51
f 550/1082/51 526/1012/4 527/1014/6 551/1083/53
f 551/1083/53 527/1014/6 528/1016/8 552/1084/55
f 552/1084/55 528/1016/8 529/1018/10 553/1085/57
f 553/1085/57 529/1018/10 530/1020/70 554/1086/71
f 554/1086/71 530/1020/70 531/1022/72 555/1087/73
f 555/1087/73 531/1022/72 532/1024/74 556/1088/75
f 556/1089/75 532/1090/74 533/1091/76 557/1092/106
f 557/1092/106 533/1091/76 534/1093/78 558/1094/79
f 558/1094/79 534/1093/78 535/1095/80 559/1096/108
f 559/1096/108 535/1095/80 525/1097/82 549/1098/83
f 537/1099/84 513/1100/85 523/1101/86 547/1102/87
f 547/1102/87 523/1101/86 522/1103/88 546/1104/89
f 546/1104/89 522/1103/88 521/1105/90 545/1106/91
f 545/1106/91 521/1105/90 520/1107/92 544/1108/93
f 544/1108/93 520/1107/92 519/1109/94 543/1110/95
f 543/1110/95 519/1109/94 518/1111/96 542/1112/97
f 542/1112/97 518/1111/96 517/1113/98 541/1114/99
f 541/1114/99 517/1113/98 516/1115/100 540/1116/101
f 540/1116/101 516/1115/100 515/1117/102 539/1118/19
f 539/1118/19 515/1117/102 514/1119/103 538/1120/21
f 538/1120/21 514/1119/103 512/1121/104 536/1122/23
f 512/1121/104 525/1123/24 536/1122/23
f 513/1124/85 537/1125/84 573/1056/48 560/1055/47
f 573/1126/49 537/1010/2 524/1009/1 548/1081/50
f 561/1034/26 572/1033/25 549/1127/69
f 560/1128/105 562/1129/105 584/1130/105
f 562/1129/105 563/1131/105 584/1130/105
f 563/1131/105 564/1132/105 584/1130/105
f 564/1132/105 565/1133/105 584/1130/105
f 565/1133/105 566/1134/105 584/1130/105
f 566/1134/105 567/1135/105 584/1130/105
f 567/1135/105 568/1136/105 584/1130/105
f 568/1136/105 569/1137/105 584/1130/105
f 569/1137/105 570/1138/105 584/1130/105
f 570/1138/105 571/1139/105 584/1130/105
f 571/1139/105 561/1140/105 584/1130/105
f 561/1140/105 549/1098/83 584/1130/105
f 549/1098/83 525/1097/82 584/1130/105
f 525/1097/82 512/1141/105 584/1130/105
f 512/1141/105 514/1142/105 584/1130/105
f 514/1142/105 515/1143/105 584/1130/105
f 515/1143/105 516/1144/105 584/1130/105
f 516/1144/105 517/1145/105 584/1130/105
f 517/1145/105 518/1146/105 584/1130/105
f 518/1146/105 519/1147/105 584/1130/105
f 519/1147/105 520/1148/105 584/1130/105
f 520/1148/105 521/1149/105 584/1130/105
f 521/1149/105 522/1150/105 584/1130/105
f 522/1150/105 523/1151/105 584/1130/105
f 523/1151/105 513/1152/105 584/1130/105
f 513/1152/105 560/1128/105 584/1130/105
f 597/1153/1 610/1154/2 620/1155/3 599/1156/4
f 599/1156/4 620/1155/3 619/1157/5 600/1158/6
f 600/1158/6 619/1157/5 618/1159/7 601/1160/8
f 601/1160/8 618/1159/7 617/1161/9 602/1162/10
f 602/1162/10 617/1161/9 616/1163/11 603/1164/12
f 603/1164/12 616/1163/11 615/1165/13 604/1166/14
f 604/1166/14 615/1165/13 614/1167/15 605/1168/16
f 605/1168/16 614/1167/15 613/1169/17 606/1170/18
f 606/1170/18 613/1169/17 612/1171/19 607/1172/20
f 607/1172/20 612/1171/19 611/1173/21 608/1174/22
f 608/1174/22 611/1173/21 609/1175/23 598/1176/24
f 645/1177/25 634/1178/26 644/1179/27 647/1180/28
f 647/1180/28 644/1179/27 643/1181/29 648/1182/30
f 648/1182/30 643/1181/29 642/1183/31 649/1184/32
f 649/1184/32 642/1183/31 641/1185/33 650/1186/34
f 650/1186/34 641/1185/33 640/1187/35 651/1188/36
f 651/1188/36 640/1187/35 639/1189/37 652/1190/38
f 652/1190/38 639/1189/37 638/1191/39 653/1192/40
f 653/1192/40 638/1191/39 637/1193/41 654/1194/42
f 654/1194/42 637/1193/41 636/1195/43 655/1196/44
f 655/1196/44 636/1195/43 635/1197/45 656/1198/46
f 656/1198/46 635/1197/45 633/1199/47 646/1200/48
f 646/1201/49 621/1202/50 623/1203/51 656/1204/52
f 656/1204/52 623/1203/51 624/1205/53 655/1206/54
f 655/1206/54 624/1205/53 625/1207/55 654/1208/56
f 654/1208/56 625/1207/55 626/1209/57 653/1210/58
f 653/1210/58 626/1209/57 627/1211/59 652/1212/60
f 652/1212/60 627/1211/59 628/1213/61 651/1214/62
f 651/1214/62 628/1213/61 629/1215/63 650/1216/64
f 650/1216/64 629/1215/63 630/1217/65 649/1218/66
f 649/1218/66 630/1217/65 631/1219/67 648/1220/30
f 648/1220/30 631/1219/67 632/1221/68 647/1222/28
f 647/1222/28 632/1221/68 622/1223/69 645/1224/25
f 621/1225/50 597/1153/1 599/1156/4 623/1226/51
f 623/1226/51 599/1156/4 600/1158/6 624/1227/53
f 624/1227/53 600/1158/6 601/1160/8 625/1228/55
f 625/1228/55 601/1160/8 602/1162/10 626/1229/57
f 626/1229/57 602/1162/10 603/1164/70 627/1230/71
f 627/1230/71 603/1164/70 604/1166/72 628/1231/73
f 628/1231/73 604/1166/72 605/1168/74 629/1232/75
f 629/1233/75 605/1234/74 606/1235/76 630/1236/77
f 630/1236/77 606/1235/76 607/1237/78 631/1238/79
f 631/1238/79 607/1237/78 608/1239/80 632/1240/81
f 632/1240/81 608/1239/80 598/1241/82 622/1242/83
f 610/1243/84 586/1244/85 596/1245/86 620/1246/87
f 620/1246/87 596/1245/86 595/1247/88 619/1248/89
f 619/1248/89 595/1247/88 594/1249/90 618/1250/91
f 618/1250/91 594/1249/90 593/1251/92 617/1252/93
f 617/1252/93 593/1251/92 592/1253/94 616/1254/95
f 616/1254/95 592/1253/94 591/1255/96 615/1256/97
f 615/1256/97 591/1255/96 590/1257/98 614/1258/99
f 614/1258/99 590/1257/98 589/1259/100 613/1260/101
f 613/1260/101 589/1259/100 588/1261/102 612/1262/19
f 612/1262/19 588/1261/102 587/1263/103 611/1264/21
f 611/1264/21 587/1263/103 585/1265/104 609/1266/23
f 585/1265/104 598/1267/24 609/1266/23
f 586/1268/85 610/1269/84 646/1200/48 633/1199/47
f 646/1270/49 610/1154/2 597/1153/1 621/1225/50
f 634/1178/26 645/1177/25 622/1271/69
f 633/1272/105 635/1273/105 657/1274/105
f 635/1273/105 636/1275/105 657/1274/105
f 636/1275/105 637/1276/105 657/1274/105
f 637/1276/105 638/1277/105 657/1274/105
f 638/1277/105 639/1278/105 657/1274/105
f 639/1278/105 640/1279/105 657/1274/105
f 640/1279/105 641/1280/105 657/1274/105
f 641/1280/105 642/1281/105 657/1274/105
f 642/1281/105 643/1282/105 657/1274/105
f 643/1282/105 644/1283/105 657/1274/105
f 644/1283/105 634/1284/105 657/1274/105
f 634/1284/105 622/1242/83 657/1274/105
f 622/1242/83 598/1241/82 657/1274/105
f 598/1241/82 585/1285/105 657/1274/105
f 585/1285/105 587/1286/105 657/1274/105
f 587/1286/105 588/1287/109 657/1274/105
f 588/1287/109 589/1288/105 657/1274/105
f 589/1288/105 590/1289/105 657/1274/105
f 590/1289/105 591/1290/105 657/1274/105
f 591/1290/105 592/1291/105 657/1274/105
f 592/1291/105 593/1292/105 657/1274/105
f 593/1292/105 594/1293/105 657/1274/105
f 594/1293/105 595/1294/105 657/1274/105
f 595/1294/105 596/1295/105 657/1274/105
f 596/1295/105 586/1296/105 657/1274/105
f 586/1296/105 633/1272/105 657/1274/105
f 659/1297/110 691/1298/110 667/1299/110 664/1300/110
f 694/1301/111 693/1302/111 668/1303/112 669/1304/112
f 691/1305/111 694/1301/111 669/1304/112 667/1306/112
f 693/1302/111 689/1307/111 666/1308/112 668/1303/112
f 689/1309/113 658/1310/113 665/1311/113 666/1312/113
f 938/1313/110 939/1314/110 678/1315/110
f 667/1299/110 936/1316/110 678/1315/110
f 674/1317/114 671/1318/114 682/1319/115 684/1320/115
f 940/1321/110 937/1322/110 678/1315/110
f 936/1316/110 938/1313/110 678/1315/110
f 664/1300/110 667/1299/110 678/1315/110
f 939/1314/110 940/1321/110 678/1315/110
f 684/1323/110 1008/1324/110 680/1325/110
f 960/1326/110 674/1327/110 680/1325/110
f 1011/1328/110 1012/1329/110 680/1325/110
f 670/1330/114 672/1331/114 683/1332/115 681/1333/115
f 671/1318/114 670/1330/114 681/1333/115 682/1319/115
f 660/1334/116 661/1335/116 690/1336/116 692/1337/116
f 732/1338/113 699/1339/113 733/1340/113
f 729/1341/113 699/1339/113 730/1342/113
f 775/1343/113 699/1339/113 696/1344/113
f 663/1345/116 697/1346/116 700/1347/116 662/1348/116
f 663/1349/117 662/1350/117 696/1351/118 695/1352/118
f 706/1353/116 708/1354/116 707/1355/116 705/1356/116
f 703/1357/119 707/1358/120 708/1359/120 704/1360/121
f 776/1361/113 699/1339/113 775/1343/113
f 701/1362/122 710/1363/123 709/1364/123 702/1365/122
f 702/1365/122 720/1366/124 719/1367/124 701/1362/122
f 720/1366/124 721/1368/125 718/1369/125 719/1367/124
f 721/1370/125 722/1371/126 717/1372/126 718/1373/125
f 722/1371/126 723/1374/127 716/1375/127 717/1372/126
f 723/1374/127 724/1376/128 715/1377/128 716/1375/127
f 724/1376/128 725/1378/129 714/1379/129 715/1377/128
f 725/1378/129 726/1380/130 713/1381/130 714/1379/129
f 726/1380/130 727/1382/131 712/1383/131 713/1381/130
f 727/1382/131 728/1384/132 711/1385/132 712/1383/131
f 728/1384/132 703/1357/119 704/1360/121 711/1385/132
f 696/1351/118 729/1386/133 746/1387/133 695/1352/118
f 729/1386/133 730/1388/134 745/1389/134 746/1387/133
f 730/1388/134 731/1390/135 744/1391/135 745/1389/134
f 731/1390/135 732/1392/136 743/1393/136 744/1391/135
f 732/1394/136 733/1395/137 742/1396/137 743/1397/136
f 733/1395/137 734/1398/138 741/1399/138 742/1396/137
f 734/1398/138 735/1400/139 740/1401/139 741/1399/138
f 735/1400/139 736/1402/140 739/1403/140 740/1401/139
f 736/1402/140 737/1404/141 738/1405/141 739/1403/140
f 737/1404/141 709/1364/123 710/1363/123 738/1405/141
f 730/1342/113 699/1339/113 731/1406/113
f 773/1407/113 784/1408/113 777/1409/113
f 747/1410/142 751/1411/143 764/1412/144 757/1413/145
f 751/1411/143 752/1414/146 763/1415/147 764/1412/144
f 752/1414/146 753/1416/148 762/1417/149 763/1415/147
f 753/1416/148 754/1418/150 761/1419/151 762/1417/149
f 754/1420/150 755/1421/152 760/1422/153 761/1423/151
f 755/1421/152 748/1424/154 756/1425/155 760/1422/153
f 747/1426/156 783/1427/157 751/1428/158
f 704/1429/159 1101/1430/160 758/1431/161
f 757/1413/145 706/1432/162 705/1433/162 747/1410/142
f 731/1406/113 699/1339/113 732/1338/113
f 696/1344/113 699/1339/113 729/1341/113
f 703/1434/163 782/1435/113 750/1436/164
f 695/1437/110 1102/1438/110 663/1439/110
f 756/1440/165 786/1441/166 760/1442/167
f 765/1443/110 785/1444/110 769/1445/110
f 765/1446/168 769/1447/169 780/1448/169 774/1449/168
f 769/1447/169 770/1450/170 779/1451/170 780/1448/169
f 770/1450/170 771/1452/171 778/1453/171 779/1451/170
f 771/1454/171 772/1455/172 777/1456/172 778/1457/171
f 772/1455/172 766/1458/173 773/1459/173 777/1456/172
f 756/1440/165 1103/1460/110 759/1461/174
f 759/1461/174 781/1462/110 758/1431/161
f 702/1463/113 1104/1464/113 749/1465/175
f 697/1466/176 765/1446/168 774/1449/168 700/1467/176
f 773/1459/173 766/1458/173 756/1425/155 748/1424/154
f 695/1437/110 698/1468/110 768/1469/110
f 662/1470/113 1105/1471/113 696/1344/113
f 788/1472/177 823/1473/178 1106/1474/116
f 733/1340/113 699/1339/113 734/1475/113
f 734/1475/113 699/1339/113 735/1476/113
f 735/1476/113 699/1339/113 736/1477/113
f 736/1477/113 699/1339/113 737/1478/113
f 737/1478/113 699/1339/113 709/1479/113
f 709/1479/113 699/1339/113 776/1361/113
f 768/1469/110 698/1468/110 767/1480/110
f 767/1480/110 698/1468/110 710/1481/110
f 710/1481/110 698/1468/110 738/1482/110
f 738/1482/110 698/1468/110 739/1483/110
f 739/1483/110 698/1468/110 740/1484/110
f 740/1484/110 698/1468/110 741/1485/110
f 741/1485/110 698/1468/110 742/1486/110
f 742/1486/110 698/1468/110 743/1487/110
f 743/1487/110 698/1468/110 744/1488/110
f 744/1488/110 698/1468/110 745/1489/110
f 745/1489/110 698/1468/110 746/1490/110
f 746/1490/110 698/1468/110 695/1437/110
f 758/1431/161 781/1462/110 704/1429/159
f 704/1429/159 781/1462/110 711/1491/110
f 711/1491/110 781/1462/110 712/1492/110
f 712/1492/110 781/1462/110 713/1493/110
f 713/1493/110 781/1462/110 714/1494/110
f 714/1494/110 781/1462/110 715/1495/110
f 715/1495/110 781/1462/110 716/1496/110
f 716/1496/110 781/1462/110 717/1497/110
f 717/1497/110 781/1462/110 718/1498/110
f 718/1498/110 781/1462/110 719/1499/110
f 719/1499/110 781/1462/110 701/1500/110
f 701/1500/110 781/1462/110 759/1461/174
f 750/1436/164 782/1435/113 749/1465/175
f 749/1465/175 782/1435/113 702/1463/113
f 702/1463/113 782/1435/113 720/1501/113
f 720/1501/113 782/1435/113 721/1502/113
f 721/1502/113 782/1435/113 722/1503/113
f 722/1503/113 782/1435/113 723/1504/113
f 723/1504/113 782/1435/113 724/1505/113
f 724/1505/113 782/1435/113 725/1506/113
f 725/1506/113 782/1435/113 726/1507/113
f 726/1507/113 782/1435/113 727/1508/113
f 727/1508/113 782/1435/113 728/1509/113
f 728/1509/113 782/1435/113 703/1434/163
f 751/1428/158 783/1427/157 752/1510/179
f 752/1510/179 783/1427/157 753/1511/180
f 753/1511/180 783/1427/157 754/1512/181
f 754/1512/181 783/1427/157 755/1513/182
f 755/1513/182 783/1427/157 748/1514/183
f 748/1514/183 783/1427/157 749/1465/175
f 749/1465/175 783/1427/157 750/1436/164
f 750/1436/164 783/1427/157 747/1426/156
f 777/1409/113 784/1408/113 778/1515/113
f 778/1515/113 784/1408/113 779/1516/113
f 779/1516/113 784/1408/113 780/1517/113
f 780/1517/113 784/1408/113 774/1518/113
f 774/1518/113 784/1408/113 775/1343/113
f 775/1343/113 784/1408/113 776/1361/113
f 776/1361/113 784/1408/113 773/1407/113
f 769/1445/110 785/1444/110 770/1519/110
f 770/1519/110 785/1444/110 771/1520/110
f 771/1520/110 785/1444/110 772/1521/110
f 772/1521/110 785/1444/110 766/1522/110
f 766/1522/110 785/1444/110 767/1480/110
f 767/1480/110 785/1444/110 768/1469/110
f 768/1469/110 785/1444/110 765/1443/110
f 760/1442/167 786/1441/166 761/1523/184
f 761/1523/184 786/1441/166 762/1524/185
f 762/1524/185 786/1441/166 763/1525/186
f 763/1525/186 786/1441/166 764/1526/187
f 764/1526/187 786/1441/166 757/1527/188
f 757/1527/188 786/1441/166 758/1431/161
f 758/1431/161 786/1441/166 759/1461/174
f 759/1461/174 786/1441/166 756/1440/165
f 788/1528/177 791/1529/189 793/1530/190 790/1531/191
f 790/1531/191 793/1530/190 794/1532/192 789/1533/193
f 789/1533/193 794/1532/192 792/1534/194 787/1535/195
f 796/1536/196 788/1528/177 790/1531/191 798/1537/197
f 798/1537/197 790/1531/191 789/1533/193 797/1538/198
f 797/1538/198 789/1533/193 787/1535/195 795/1539/199
f 795/1539/199 799/1540/200 801/1541/201 797/1538/198
f 797/1538/198 801/1541/201 802/1542/202 798/1537/197
f 798/1537/197 802/1542/202 800/1543/203 796/1536/196
f 799/1540/200 803/1544/204 805/1545/205 801/1541/201
f 801/1541/201 805/1545/205 806/1546/206 802/1542/202
f 802/1542/202 806/1546/206 804/1547/207 800/1543/203
f 803/1544/204 807/1548/208 809/1549/209 805/1545/205
f 805/1545/205 809/1549/209 810/1550/210 806/1546/206
f 806/1546/206 810/1550/210 808/1551/211 804/1547/207
f 807/1548/208 811/1552/212 813/1553/213 809/1549/209
f 809/1549/209 813/1553/213 814/1554/214 810/1550/210
f 810/1555/210 814/1556/214 812/1557/215 808/1558/211
f 811/1552/216 1013/1559/217 1014/1560/218 813/1553/219
f 813/1553/219 1014/1560/218 1015/1561/220 814/1554/221
f 814/1554/221 1015/1561/220 1016/1562/222 812/1563/223
f 791/1529/189 820/1564/224 822/1565/225 793/1530/190
f 793/1530/190 822/1565/225 821/1566/226 794/1532/192
f 794/1532/192 821/1566/226 819/1567/227 792/1534/194
f 791/1568/189 660/1334/116 692/1337/116 820/1569/224
f 691/1298/110 792/1534/194 819/1567/227
f 828/1570/228 823/1473/178 825/1571/229 830/1572/230
f 830/1572/230 825/1571/229 826/1573/231 829/1574/232
f 829/1574/232 826/1573/231 824/1575/233 827/1576/234
f 823/1473/178 831/1577/235 833/1578/236 825/1571/229
f 825/1571/229 833/1578/236 834/1579/237 826/1573/231
f 826/1573/231 834/1579/237 832/1580/238 824/1575/233
f 836/1581/239 832/1580/238 834/1579/237 838/1582/240
f 838/1582/240 834/1579/237 833/1578/236 837/1583/241
f 837/1583/241 833/1578/236 831/1577/235 835/1584/242
f 840/1585/243 836/1581/239 838/1582/240 842/1586/244
f 842/1586/244 838/1582/240 837/1583/241 841/1587/245
f 841/1587/245 837/1583/241 835/1584/242 839/1588/246
f 839/1588/246 843/1589/247 845/1590/248 841/1587/245
f 841/1587/245 845/1590/248 846/1591/249 842/1586/244
f 842/1586/244 846/1591/249 844/1592/250 840/1585/243
f 848/1593/251 844/1594/250 846/1595/249 850/1596/252
f 850/1596/252 846/1595/249 845/1597/248 849/1598/253
f 849/1598/253 845/1597/248 843/1599/247 847/1600/254
f 1018/1601/255 848/1602/256 850/1603/257 1017/1604/258
f 1017/1604/258 850/1603/257 849/1605/259 1019/1606/260
f 1019/1606/260 849/1605/259 847/1607/261 1020/1608/262
f 855/1609/263 828/1570/228 830/1572/230 857/1610/264
f 857/1610/264 830/1572/230 829/1574/232 858/1611/265
f 858/1611/265 829/1574/232 827/1576/234 856/1612/266
f 823/1473/178 788/1472/177 796/1613/196 831/1577/235
f 891/1614/267 1049/1615/268 1107/1616/269
f 661/1335/116 828/1570/228 855/1609/263 690/1336/116
f 827/1617/234 689/1309/113 856/1618/266
f 831/1577/235 796/1613/196 800/1619/203 835/1584/242
f 835/1584/242 800/1619/203 804/1620/207 839/1588/246
f 839/1588/246 804/1620/207 808/1621/211 843/1589/247
f 843/1599/247 808/1558/211 812/1557/215 847/1600/254
f 847/1607/261 812/1622/223 1016/1623/222 1020/1608/262
f 863/1624/270 865/1625/271 864/1626/272
f 865/1625/271 866/1627/273 864/1626/272
f 866/1627/274 687/1628/275 864/1626/276
f 863/1624/270 658/1310/113 1108/1629/113
f 893/1630/277 866/1627/273 865/1625/271 894/1631/278
f 894/1631/278 865/1625/271 863/1624/270 892/1632/279
f 868/1633/280 859/1634/281 861/1635/282 870/1636/283
f 870/1636/283 861/1635/282 862/1637/284 869/1638/285
f 869/1638/285 862/1637/284 860/1639/286 867/1640/287
f 872/1641/288 868/1633/280 870/1636/283 874/1642/289
f 874/1642/289 870/1636/283 869/1638/285 873/1643/290
f 873/1643/290 869/1638/285 867/1640/287 871/1644/291
f 876/1645/292 872/1641/288 874/1642/289 878/1646/293
f 878/1646/293 874/1642/289 873/1643/290 877/1647/294
f 877/1647/294 873/1643/290 871/1644/291 875/1648/295
f 880/1649/296 876/1645/292 878/1646/293 882/1650/297
f 882/1650/297 878/1646/293 877/1647/294 881/1651/298
f 881/1651/298 877/1647/294 875/1648/295 879/1652/299
f 879/1652/299 883/1653/300 885/1654/301 881/1651/298
f 881/1651/298 885/1654/301 886/1655/302 882/1650/297
f 882/1650/297 886/1655/302 884/1656/303 880/1649/296
f 1022/1657/304 884/1658/305 886/1659/306 1021/1660/307
f 1021/1660/307 886/1659/306 885/1661/308 1023/1662/309
f 1023/1662/309 885/1661/308 883/1663/310 1024/1664/311
f 859/1634/281 891/1614/267 893/1630/277 861/1635/282
f 861/1635/282 893/1630/277 894/1631/278 862/1637/284
f 862/1637/284 894/1631/278 892/1632/279 860/1639/286
f 686/1665/312 1046/1666/313 1109/1667/314
f 860/1639/286 824/1668/233 832/1669/238 867/1640/287
f 864/1670/276 687/1671/275 933/1672/315
f 663/1673/316 686/1665/312 934/1674/315
f 867/1640/287 832/1669/238 836/1675/239 871/1644/291
f 871/1644/291 836/1675/239 840/1676/243 875/1648/295
f 875/1648/295 840/1676/243 844/1677/250 879/1652/299
f 879/1652/299 844/1677/250 848/1678/251 883/1653/300
f 883/1679/310 848/1602/256 1018/1601/255 1024/1680/311
f 686/1665/312 901/1681/317 900/1682/318
f 901/1681/319 902/1683/320 900/1682/321
f 902/1683/320 899/1684/322 900/1682/321
f 927/1685/323 895/1686/324 897/1687/325 929/1688/326
f 929/1688/326 897/1687/325 898/1689/327 930/1690/328
f 930/1690/328 898/1689/327 896/1691/329 928/1692/330
f 895/1686/324 903/1693/331 905/1694/332 897/1687/325
f 897/1687/325 905/1694/332 906/1695/333 898/1689/327
f 898/1689/327 906/1695/333 904/1696/334 896/1691/329
f 903/1693/331 907/1697/335 909/1698/336 905/1694/332
f 905/1694/332 909/1698/336 910/1699/337 906/1695/333
f 906/1695/333 910/1699/337 908/1700/338 904/1696/334
f 907/1697/335 911/1701/339 913/1702/340 909/1698/336
f 909/1698/336 913/1702/340 914/1703/341 910/1699/337
f 910/1699/337 914/1703/341 912/1704/342 908/1700/338
f 916/1705/343 912/1704/342 914/1703/341 918/1706/344
f 918/1706/344 914/1703/341 913/1702/340 917/1707/345
f 917/1707/345 913/1702/340 911/1701/339 915/1708/346
f 920/1709/347 916/1705/343 918/1706/344 922/1710/348
f 922/1710/348 918/1706/344 917/1707/345 921/1711/349
f 921/1711/349 917/1707/345 915/1708/346 919/1712/350
f 919/1713/351 1025/1714/352 1026/1715/353 921/1716/354
f 921/1716/354 1026/1715/353 1027/1717/355 922/1718/356
f 922/1718/356 1027/1717/355 1028/1719/357 920/1720/358
f 859/1721/281 685/1722/359 1110/1723/360
f 901/1681/319 929/1688/326 930/1690/328 902/1683/320
f 902/1683/320 930/1690/328 928/1692/330 899/1684/322
f 895/1686/324 685/1722/359 1111/1724/361
f 787/1725/195 896/1691/329 904/1696/334 795/1726/199
f 896/1727/329 787/1535/195 1112/1728/110
f 960/1326/110 959/1729/110 1113/1730/110
f 658/1310/113 863/1624/270 932/1731/113
f 690/1732/362 855/1733/362 935/1734/362
f 795/1726/199 904/1696/334 908/1700/338 799/1735/200
f 903/1693/331 868/1736/280 872/1737/288 907/1697/335
f 799/1735/200 908/1700/338 912/1704/342 803/1738/204
f 907/1697/335 872/1737/288 876/1739/292 911/1701/339
f 803/1738/204 912/1704/342 916/1705/343 807/1740/208
f 911/1701/339 876/1739/292 880/1741/296 915/1708/346
f 807/1740/208 916/1705/343 920/1709/347 811/1742/212
f 915/1708/346 880/1741/296 884/1743/303 919/1712/350
f 811/1552/216 920/1744/358 1028/1745/357 1013/1559/217
f 919/1713/351 884/1658/305 1022/1657/304 1025/1714/352
f 900/1746/321 899/1747/322 931/1748/110
f 899/1747/322 659/1297/110 931/1748/110
f 659/1297/110 664/1300/110 931/1748/110
f 863/1624/270 864/1626/272 932/1731/113
f 665/1311/113 658/1310/113 932/1731/113
f 687/1671/275 662/1749/316 933/1672/315
f 686/1665/312 900/1682/318 934/1674/315
f 855/1733/362 857/1750/362 935/1734/362
f 857/1750/362 858/1751/362 935/1734/362
f 858/1751/362 856/1752/362 935/1734/362
f 856/1752/362 689/1753/362 935/1734/362
f 689/1753/362 693/1754/362 935/1734/362
f 693/1754/362 694/1755/362 935/1734/362
f 694/1755/362 691/1756/362 935/1734/362
f 691/1756/362 819/1757/362 935/1734/362
f 819/1757/362 821/1758/362 935/1734/362
f 821/1758/362 822/1759/362 935/1734/362
f 822/1759/362 820/1760/362 935/1734/362
f 820/1760/362 692/1761/362 935/1734/362
f 692/1761/362 690/1732/362 935/1734/362
f 947/1762/363 942/1763/363 945/1764/364 950/1765/364
f 950/1766/364 945/1767/364 944/1768/365 949/1769/365
f 949/1769/365 944/1768/365 943/1770/366 948/1771/366
f 948/1771/366 943/1770/366 941/1772/367 946/1773/367
f 936/1774/363 951/1775/363 953/1776/364 938/1777/364
f 938/1778/364 953/1779/364 954/1780/365 939/1781/365
f 939/1781/365 954/1780/365 955/1782/366 940/1783/366
f 940/1783/366 955/1782/366 952/1784/367 937/1785/367
f 951/1775/363 947/1762/363 950/1765/364 953/1776/364
f 953/1779/364 950/1766/364 949/1769/365 954/1780/365
f 954/1780/365 949/1769/365 948/1771/366 955/1782/366
f 955/1782/366 948/1771/366 946/1773/367 952/1784/367
f 666/1312/113 665/1311/113 677/1786/113
f 667/1306/112 669/1304/112 951/1775/363 936/1774/363
f 673/1787/117 672/1331/114 676/1788/117
f 668/1303/112 666/1308/112 942/1763/363 947/1762/363
f 669/1304/112 668/1303/112 947/1762/363 951/1775/363
f 937/1322/110 675/1789/110 678/1315/110
f 675/1789/110 664/1300/110 678/1315/110
f 665/1311/113 673/1790/113 677/1786/113
f 673/1790/113 941/1791/113 677/1786/113
f 941/1791/113 943/1792/113 677/1786/113
f 943/1792/113 944/1793/113 677/1786/113
f 944/1793/113 945/1794/113 677/1786/113
f 945/1794/113 942/1795/113 677/1786/113
f 942/1795/113 666/1312/113 677/1786/113
f 672/1331/114 670/1330/114 676/1788/117
f 670/1330/114 671/1318/114 676/1788/117
f 671/1318/114 674/1317/114 676/1788/117
f 674/1317/114 675/1796/117 676/1788/117
f 675/1796/117 937/1785/367 676/1788/117
f 937/1785/367 952/1784/367 676/1788/117
f 952/1784/367 946/1773/367 676/1788/117
f 946/1773/367 941/1772/367 676/1788/117
f 941/1772/367 673/1787/117 676/1788/117
f 973/1797/113 978/1798/113 992/1799/113
f 984/1800/368 966/1801/368 968/1802/369 989/1803/369
f 989/1804/369 968/1805/369 969/1806/370 988/1807/370
f 988/1807/370 969/1806/370 970/1808/371 987/1809/371
f 987/1809/371 970/1808/371 971/1810/372 986/1811/372
f 986/1811/372 971/1810/372 972/1812/373 985/1813/373
f 985/1813/373 972/1812/373 967/1814/374 983/1815/374
f 973/1816/368 984/1800/368 989/1803/369 978/1817/369
f 978/1818/369 989/1804/369 988/1807/370 979/1819/370
f 979/1819/370 988/1807/370 987/1809/371 980/1820/371
f 980/1820/371 987/1809/371 986/1811/372 981/1821/372
f 981/1821/372 986/1811/372 985/1813/373 982/1822/373
f 982/1822/373 985/1813/373 983/1815/374 974/1823/374
f 966/1801/368 957/1824/368 965/1825/369 968/1802/369
f 968/1805/369 965/1826/369 964/1827/370 969/1806/370
f 969/1806/370 964/1827/370 963/1828/371 970/1808/371
f 970/1808/371 963/1828/371 962/1829/372 971/1810/372
f 971/1810/372 962/1829/372 961/1830/373 972/1812/373
f 972/1812/373 961/1830/373 956/1831/374 967/1814/374
f 966/1801/368 663/1673/316 934/1674/315
f 665/1311/113 976/1832/113 1114/1833/113
f 674/1327/110 684/1323/110 680/1325/110
f 956/1834/110 960/1326/110 680/1325/110
f 958/1835/110 957/1836/110 900/1746/321 931/1748/110
f 664/1300/110 959/1729/110 958/1835/110 931/1748/110
f 1008/1324/110 1010/1837/110 680/1325/110
f 957/1824/368 966/1801/368 934/1674/315
f 977/1838/113 976/1832/113 665/1311/113 932/1731/113
f 1010/1837/110 1011/1328/110 680/1325/110
f 1047/1839/268 1052/1840/360 1115/1841/360
f 1012/1329/110 1009/1842/110 680/1325/110
f 864/1626/272 973/1797/113 977/1838/113 932/1731/113
f 662/1749/316 688/1843/316 990/1844/315
f 688/1843/316 663/1673/316 990/1844/315
f 663/1673/316 966/1801/368 990/1844/315
f 966/1801/368 984/1800/368 990/1844/315
f 984/1800/368 662/1749/316 990/1844/315
f 900/1682/318 957/1824/368 934/1674/315
f 973/1816/368 933/1672/315 984/1800/368
f 662/1749/316 984/1800/368 933/1672/315
f 956/1834/110 961/1845/110 991/1846/110
f 961/1845/110 962/1847/110 991/1846/110
f 962/1847/110 963/1848/110 991/1846/110
f 963/1848/110 964/1849/110 991/1846/110
f 964/1849/110 965/1850/110 991/1846/110
f 965/1850/110 957/1836/110 991/1846/110
f 957/1836/110 958/1835/110 991/1846/110
f 958/1835/110 959/1729/110 991/1846/110
f 959/1729/110 960/1326/110 991/1846/110
f 960/1326/110 956/1834/110 991/1846/110
f 978/1798/113 979/1851/113 992/1799/113
f 979/1851/113 980/1852/113 992/1799/113
f 980/1852/113 981/1853/113 992/1799/113
f 981/1853/113 982/1854/113 992/1799/113
f 982/1854/113 974/1855/113 992/1799/113
f 974/1855/113 975/1856/113 992/1799/113
f 975/1856/113 976/1832/113 992/1799/113
f 976/1832/113 977/1838/113 992/1799/113
f 977/1838/113 973/1797/113 992/1799/113
f 994/1857/375 998/1858/375 1000/1859/376 997/1860/376
f 997/1860/376 1000/1859/376 1001/1861/377 996/1862/377
f 996/1862/377 1001/1861/377 1002/1863/378 995/1864/378
f 995/1864/378 1002/1863/378 999/1865/379 993/1866/379
f 1003/1867/380 994/1857/375 997/1860/376 1005/1868/376
f 1005/1868/376 997/1860/376 996/1862/377 1006/1869/377
f 1006/1869/377 996/1862/377 995/1864/378 1007/1870/378
f 1007/1870/378 995/1864/378 993/1866/379 1004/1871/379
f 998/1858/375 1009/1872/380 1012/1873/376 1000/1859/376
f 1000/1859/376 1012/1873/376 1011/1874/377 1001/1861/377
f 1001/1861/377 1011/1874/377 1010/1875/378 1002/1863/378
f 1002/1863/378 1010/1875/378 1008/1876/379 999/1865/379
f 983/1815/374 967/1814/374 998/1858/375 994/1857/375
f 993/1877/379 999/1878/379 682/1879/381 681/1880/381
f 974/1823/374 983/1815/374 994/1857/375 1003/1867/380
f 1004/1881/379 993/1877/379 681/1880/381 683/1882/381
f 999/1878/379 1008/1883/379 684/1884/381 682/1879/381
f 967/1814/374 956/1831/374 1009/1872/380 998/1858/375
f 672/1885/113 975/1856/113 679/1886/113
f 1009/1842/110 956/1834/110 680/1325/110
f 975/1856/113 974/1855/113 679/1886/113
f 974/1855/113 1003/1887/113 679/1886/113
f 1003/1887/113 1005/1888/113 679/1886/113
f 1005/1888/113 1006/1889/113 679/1886/113
f 1006/1889/113 1007/1890/113 679/1886/113
f 1007/1890/113 1004/1891/113 679/1886/113
f 1004/1891/113 683/1892/113 679/1886/113
f 683/1892/113 672/1885/113 679/1886/113
f 1029/1893/382 1030/1894/383 1014/1895/384 1013/1896/385
f 1030/1894/383 1031/1897/386 1015/1898/387 1014/1895/384
f 1031/1897/386 1032/1899/388 1016/1900/389 1015/1898/387
f 1033/1901/390 1034/1902/391 1018/1903/392 1017/1904/393
f 1035/1905/394 1033/1901/390 1017/1904/393 1019/1906/395
f 1036/1907/396 1035/1905/394 1019/1906/395 1020/1908/397
f 1032/1909/388 1036/1907/396 1020/1908/397 1016/1910/389
f 1037/1911/398 1038/1912/399 1022/1913/400 1021/1914/401
f 1039/1915/402 1037/1911/398 1021/1914/401 1023/1916/403
f 1040/1917/404 1039/1915/402 1023/1916/403 1024/1918/405
f 1034/1919/391 1040/1917/404 1024/1918/405 1018/1920/392
f 1041/1921/406 1042/1922/407 1026/1923/408 1025/1924/409
f 1042/1922/407 1043/1925/410 1027/1926/411 1026/1923/408
f 1043/1925/410 1044/1927/412 1028/1928/413 1027/1926/411
f 1044/1927/412 1029/1929/382 1013/1930/385 1028/1928/413
f 1038/1931/399 1041/1921/406 1025/1924/409 1022/1932/400
f 816/1933/414 818/1934/415 1030/1894/383 1029/1893/382
f 818/1934/415 817/1935/416 1031/1897/386 1030/1894/383
f 817/1935/416 815/1936/417 1032/1899/388 1031/1897/386
f 853/1937/418 851/1938/419 1034/1902/391 1033/1901/390
f 854/1939/420 853/1937/418 1033/1901/390 1035/1905/394
f 852/1940/421 854/1939/420 1035/1905/394 1036/1907/396
f 815/1941/417 852/1940/421 1036/1907/396 1032/1909/388
f 889/1942/422 887/1943/423 1038/1912/399 1037/1911/398
f 890/1944/424 889/1942/422 1037/1911/398 1039/1915/402
f 888/1945/425 890/1944/424 1039/1915/402 1040/1917/404
f 851/1946/419 888/1945/425 1040/1917/404 1034/1919/391
f 924/1947/426 926/1948/427 1042/1922/407 1041/1921/406
f 926/1948/427 925/1949/428 1043/1925/410 1042/1922/407
f 925/1949/428 923/1950/429 1044/1927/412 1043/1925/410
f 923/1950/429 816/1951/414 1029/1929/382 1044/1927/412
f 887/1952/423 924/1947/426 1041/1921/406 1038/1931/399
f 887/1953/176 889/1954/176 1045/1955/176
f 889/1954/176 890/1956/176 1045/1955/176
f 890/1956/176 888/1957/176 1045/1955/176
f 888/1957/176 851/1958/176 1045/1955/176
f 851/1958/176 853/1959/176 1045/1955/176
f 853/1959/176 854/1960/176 1045/1955/176
f 854/1960/176 852/1961/176 1045/1955/176
f 852/1961/176 815/1962/176 1045/1955/176
f 815/1962/176 817/1963/176 1045/1955/176
f 817/1963/176 818/1964/176 1045/1955/176
f 818/1964/176 816/1965/176 1045/1955/176
f 816/1965/176 923/1966/176 1045/1955/176
f 923/1966/176 925/1967/176 1045/1955/176
f 925/1967/176 926/1968/176 1045/1955/176
f 926/1968/176 924/1969/176 1045/1955/176
f 924/1969/176 887/1953/176 1045/1955/176
f 1049/1970/268 1053/1971/360 1116/1972/360
f 1050/1973/360 1051/1974/360 1117/1975/360
f 1052/1976/430 1053/1977/430 1118/1978/430
f 1050/1979/431 1052/1980/431 1055/1981/432 1080/1982/432
f 1053/1983/176 1051/1984/176 1054/1985/176 1056/1986/176
f 1060/1987/430 1061/1988/430 1055/1989/430
f 1061/1988/430 1062/1990/430 1055/1989/430
f 1062/1990/430 1063/1991/430 1055/1989/430
f 1063/1991/430 1064/1992/430 1055/1989/430
f 1064/1992/430 1065/1993/430 1055/1989/430
f 1065/1993/430 1066/1994/430 1055/1989/430
f 1066/1994/430 1067/1995/430 1055/1989/430
f 1067/1995/430 1068/1996/430 1055/1989/430
f 1068/1996/430 1069/1997/430 1055/1989/430
f 1069/1997/430 1090/1998/430 1055/1989/430
f 1059/1999/433 1071/2000/433 1080/2001/433
f 1071/2000/433 1072/2002/433 1080/2001/433
f 1072/2002/433 1073/2003/433 1080/2001/433
f 1073/2003/433 1074/2004/433 1080/2001/433
f 1074/2004/433 1075/2005/433 1080/2001/433
f 1075/2005/433 1076/2006/433 1080/2001/433
f 1076/2006/433 1077/2007/433 1080/2001/433
f 1077/2007/433 1078/2008/433 1080/2001/433
f 1078/2008/433 1079/2009/433 1080/2001/433
f 1079/2009/433 1070/2010/433 1080/2001/433
f 1059/2011/434 1090/2012/434 1069/2013/435 1071/2014/436
f 1071/2014/436 1069/2013/435 1068/2015/437 1072/2016/438
f 1072/2016/438 1068/2015/437 1067/2017/439 1073/2018/440
f 1073/2018/440 1067/2017/439 1066/2019/441 1074/2020/442
f 1074/2020/442 1066/2019/441 1065/2021/443 1075/2022/444
f 1075/2022/444 1065/2021/443 1064/2023/445 1076/2024/446
f 1076/2024/446 1064/2023/445 1063/2025/447 1077/2026/448
f 1077/2027/448 1063/2028/447 1062/2029/449 1078/2030/450
f 1078/2030/450 1062/2029/449 1061/2031/451 1079/2032/452
f 1079/2032/452 1061/2031/451 1060/2033/453 1070/2034/454
f 1070/2034/454 1060/2033/453 1056/2035/455 1054/2036/455
f 1051/2037/433 1050/2038/433 1119/2039/433
f 1055/1989/430 1090/1998/430 1058/2040/430
f 1080/1982/432 1055/1981/432 1099/2041/456 1081/2042/457
f 1081/2042/457 1099/2041/456 1098/2043/458 1082/2044/459
f 1082/2044/459 1098/2043/458 1097/2045/460 1083/2046/461
f 1083/2046/461 1097/2045/460 1096/2047/462 1084/2048/463
f 1084/2048/463 1096/2047/462 1095/2049/464 1085/2050/465
f 1085/2050/465 1095/2049/464 1094/2051/466 1086/2052/467
f 1086/2053/467 1094/2054/466 1093/2055/468 1087/2056/469
f 1087/2056/469 1093/2055/468 1092/2057/470 1088/2058/471
f 1088/2058/471 1092/2057/470 1091/2059/472 1089/2060/473
f 1089/2060/473 1091/2059/472 1090/2061/474 1059/2062/474
f 1059/1999/433 1080/2001/433 1057/2063/433
f 1090/1998/430 1091/2064/430 1058/2040/430
f 1091/2064/430 1092/2065/430 1058/2040/430
f 1092/2065/430 1093/2066/430 1058/2040/430
f 1093/2066/430 1094/2067/430 1058/2040/430
f 1094/2067/430 1095/2068/430 1058/2040/430
f 1095/2068/430 1096/2069/430 1058/2040/430
f 1096/2069/430 1097/2070/430 1058/2040/430
f 1097/2070/430 1098/2071/430 1058/2040/430
f 1098/2071/430 1099/2072/430 1058/2040/430
f 1099/2072/430 1055/1989/430 1058/2040/430
f 1080/2001/433 1081/2073/433 1057/2063/433
f 1081/2073/433 1082/2074/433 1057/2063/433
f 1082/2074/433 1083/2075/433 1057/2063/433
f 1083/2075/433 1084/2076/433 1057/2063/433
f 1084/2076/433 1085/2077/433 1057/2063/433
f 1085/2077/433 1086/2078/433 1057/2063/433
f 1086/2078/433 1087/2079/433 1057/2063/433
f 1087/2079/433 1088/2080/433 1057/2063/433
f 1088/2080/433 1089/2081/433 1057/2063/433
f 1089/2081/433 1059/1999/433 1057/2063/433
f 864/1670/276 933/1672/315 973/1816/368
f 747/1426/156 1100/2082/475 750/1436/164
f 750/1436/164 1100/2082/475 703/1434/163
f 703/1434/163 1100/2082/475 707/2083/475
f 707/2083/475 1100/2082/475 705/2084/475
f 705/2084/475 1100/2082/475 747/1426/156
f 758/1431/161 1101/1430/160 757/1527/188
f 757/1527/188 1101/1430/160 706/2085/160
f 706/2085/160 1101/1430/160 708/2086/160
f 708/2086/160 1101/1430/160 704/1429/159
f 663/1439/110 1102/1438/110 697/2087/110
f 697/2087/110 1102/1438/110 765/1443/110
f 765/1443/110 1102/1438/110 768/1469/110
f 768/1469/110 1102/1438/110 695/1437/110
f 759/1461/174 1103/1460/110 701/1500/110
f 701/1500/110 1103/1460/110 710/1481/110
f 710/1481/110 1103/1460/110 767/1480/110
f 767/1480/110 1103/1460/110 766/1522/110
f 766/1522/110 1103/1460/110 756/1440/165
f 749/1465/175 1104/1464/113 748/1514/183
f 748/1514/183 1104/1464/113 773/1407/113
f 773/1407/113 1104/1464/113 776/1361/113
f 776/1361/113 1104/1464/113 709/1479/113
f 709/1479/113 1104/1464/113 702/1463/113
f 696/1344/113 1105/1471/113 775/1343/113
f 775/1343/113 1105/1471/113 774/1518/113
f 774/1518/113 1105/1471/113 700/2088/113
f 700/2088/113 1105/1471/113 662/1470/113
f 823/1473/178 828/1570/228 1106/1474/116
f 828/1570/228 661/1335/116 1106/1474/116
f 661/1335/116 660/1334/116 1106/1474/116
f 660/1334/116 791/1568/189 1106/1474/116
f 791/1568/189 788/1472/177 1106/1474/116
f 1049/1615/268 1047/2089/268 1107/1616/269
f 1047/2089/268 687/1628/275 1107/1616/269
f 687/1628/275 866/1627/274 1107/1616/269
f 866/1627/274 893/1630/277 1107/1616/269
f 893/1630/277 891/1614/267 1107/1616/269
f 658/1310/113 689/1309/113 1108/1629/113
f 689/1309/113 827/1617/234 1108/1629/113
f 827/1617/234 824/1668/233 1108/1629/113
f 824/1668/233 860/1639/286 1108/1629/113
f 860/1639/286 892/1632/279 1108/1629/113
f 892/1632/279 863/1624/270 1108/1629/113
f 1046/1666/313 1048/2090/313 1109/1667/314
f 1048/2090/313 927/1685/323 1109/1667/314
f 927/1685/323 929/1688/326 1109/1667/314
f 929/1688/326 901/1681/317 1109/1667/314
f 901/1681/317 686/1665/312 1109/1667/314
f 685/1722/359 895/1686/324 1110/1723/360
f 895/1686/324 927/1685/323 1110/1723/360
f 927/1685/323 1048/2090/313 1110/1723/360
f 1048/2090/313 1051/1974/360 1110/1723/360
f 1051/1974/360 1053/1971/360 1110/1723/360
f 1053/1971/360 1049/1970/268 1110/1723/360
f 1049/1970/268 891/2091/267 1110/1723/360
f 891/2091/267 859/1721/281 1110/1723/360
f 685/1722/359 859/1721/281 1111/1724/361
f 859/1721/281 868/1736/280 1111/1724/361
f 868/1736/280 903/1693/331 1111/1724/361
f 903/1693/331 895/1686/324 1111/1724/361
f 787/1535/195 792/1534/194 1112/1728/110
f 792/1534/194 691/1298/110 1112/1728/110
f 691/1298/110 659/1297/110 1112/1728/110
f 659/1297/110 899/1747/322 1112/1728/110
f 899/1747/322 928/2092/330 1112/1728/110
f 928/2092/330 896/1727/329 1112/1728/110
f 959/1729/110 664/1300/110 1113/1730/110
f 664/1300/110 675/1789/110 1113/1730/110
f 675/1789/110 674/1327/110 1113/1730/110
f 674/1327/110 960/1326/110 1113/1730/110
f 976/1832/113 975/1856/113 1114/1833/113
f 975/1856/113 672/1885/113 1114/1833/113
f 672/1885/113 673/1790/113 1114/1833/113
f 673/1790/113 665/1311/113 1114/1833/113
f 1052/1840/360 1050/1973/360 1115/1841/360
f 1050/1973/360 1046/1666/313 1115/1841/360
f 1046/1666/313 686/1665/312 1115/1841/360
f 686/1665/312 663/1673/316 1115/1841/360
f 663/1673/316 688/1843/316 1115/1841/360
f 688/1843/316 662/1749/316 1115/1841/360
f 662/1749/316 687/1671/275 1115/1841/360
f 687/1671/275 1047/1839/268 1115/1841/360
f 1053/1971/360 1052/1840/360 1116/1972/360
f 1052/1840/360 1047/1839/268 1116/1972/360
f 1047/1839/268 1049/1970/268 1116/1972/360
f 1051/1974/360 1048/2090/313 1117/1975/360
f 1048/2090/313 1046/1666/313 1117/1975/360
f 1046/1666/313 1050/1973/360 1117/1975/360
f 1053/1977/430 1056/2093/430 1118/1978/430
f 1056/2093/430 1060/1987/430 1118/1978/430
f 1060/1987/430 1055/1989/430 1118/1978/430
f 1055/1989/430 1052/1976/430 1118/1978/430
f 1050/2038/433 1080/2001/433 1119/2039/433
f 1080/2001/433 1070/2010/433 1119/2039/433
f 1070/2010/433 1054/2094/433 1119/2039/433
f 1054/2094/433 1051/2037/433 1119/2039/433
